sensor_image,obj_id,obj_pose,pose_id,pose_1,pose_2,pose_3,pose_4,pose_5,pose_6,move_1,move_2,move_3,move_4,move_5,move_6
image_00001.png,1,"[0, 0, 0, 0, 0, 0]",1,0.0,0.0,-1.1093167125356773,0.0,0.0,-9.829576298050263,0.0,0.0,0.0,0.0,0.0,0.0
image_00002.png,1,"[0, 0, 0, 0, 0, 0]",2,0.0,0.09598080383923246,1.8298660532432183,0.0,0.0,3.5082872624332877,0.0,0.0,0.0,0.0,0.0,0.0
image_00003.png,1,"[0, 0, 0, 0, 0, 0]",3,0.0,0.19196160767846493,4.798616149324053,0.0,0.0,5.779502184696312,0.0,0.0,0.0,0.0,0.0,0.0
image_00004.png,1,"[0, 0, 0, 0, 0, 0]",4,0.0,0.2879424115176974,4.706639046283284,0.0,0.0,8.862814023617869,0.0,0.0,0.0,0.0,0.0,0.0
image_00005.png,1,"[0, 0, 0, 0, 0, 0]",5,0.0,0.38392321535692986,1.7091544645188126,0.0,0.0,18.037649245921507,0.0,0.0,0.0,0.0,0.0,0.0
image_00006.png,1,"[0, 0, 0, 0, 0, 0]",6,0.0,0.4799040191961623,-0.10817965181731948,0.0,0.0,4.131879348388303,0.0,0.0,0.0,0.0,0.0,0.0
image_00007.png,1,"[0, 0, 0, 0, 0, 0]",7,0.0,0.5758848230353948,1.410743107186748,0.0,0.0,-0.5083364212642218,0.0,0.0,0.0,0.0,0.0,0.0
image_00008.png,1,"[0, 0, 0, 0, 0, 0]",8,0.0,-0.34698328962514324,4.860168795128394,90.0,0.0,19.908346163933572,0.0,0.0,0.0,0.0,0.0,0.0
image_00009.png,1,"[0, 0, 0, 0, 0, 0]",9,0.0,0.7678464307138597,4.545994086550093,0.0,0.0,-12.747345037635133,0.0,0.0,0.0,0.0,0.0,0.0
image_00010.png,1,"[0, 0, 0, 0, 0, 0]",10,0.0,0.8638272345530922,5.25278903964836,0.0,0.0,2.0316743069355487,0.0,0.0,0.0,0.0,0.0,0.0
image_00011.png,1,"[0, 0, 0, 0, 0, 0]",11,0.0,0.9598080383923246,5.284215198588724,0.0,0.0,-19.149362736572577,0.0,0.0,0.0,0.0,0.0,0.0
image_00012.png,1,"[0, 0, 0, 0, 0, 0]",12,0.0,1.0557888422315571,-1.6103668784797633,0.0,0.0,-2.2826065730448417,0.0,0.0,0.0,0.0,0.0,0.0
image_00013.png,1,"[0, 0, 0, 0, 0, 0]",13,0.0,1.1517696460707896,-0.927512390528419,0.0,0.0,8.219291690717137,0.0,0.0,0.0,0.0,0.0,0.0
image_00014.png,1,"[0, 0, 0, 0, 0, 0]",14,0.0,1.247750449910015,-1.3238199795892647,0.0,0.0,2.5005230484901766,0.0,0.0,0.0,0.0,0.0,0.0
image_00015.png,1,"[0, 0, 0, 0, 0, 0]",15,0.0,1.3437312537492474,1.7890439126494457,0.0,0.0,-6.727903196109483,0.0,0.0,0.0,0.0,0.0,0.0
image_00016.png,1,"[0, 0, 0, 0, 0, 0]",16,0.0,1.4397120575884799,2.3391744951632276,0.0,0.0,3.955127418595327,0.0,0.0,0.0,0.0,0.0,0.0
image_00017.png,1,"[0, 0, 0, 0, 0, 0]",17,0.0,1.5356928614277123,1.6358605672929647,0.0,0.0,-0.20097294563040777,0.0,0.0,0.0,0.0,0.0,0.0
image_00018.png,1,"[0, 0, 0, 0, 0, 0]",18,0.0,1.6316736652669448,-1.4805830265172244,0.0,0.0,4.972748417362042,0.0,0.0,0.0,0.0,0.0,0.0
image_00019.png,1,"[0, 0, 0, 0, 0, 0]",19,0.0,1.7276544691061773,-0.790394204269165,0.0,0.0,5.25129224534209,0.0,0.0,0.0,0.0,0.0,0.0
image_00020.png,1,"[0, 0, 0, 0, 0, 0]",20,0.0,0.4077624114172238,1.0370821583368723,90.0,0.0,5.291944117546927,0.0,0.0,0.0,0.0,0.0,0.0
image_00021.png,1,"[0, 0, 0, 0, 0, 0]",21,0.0,-1.8931366990355514,0.3176915328171961,90.0,0.0,10.993622035163716,0.0,0.0,0.0,0.0,0.0,0.0
image_00022.png,1,"[0, 0, 0, 0, 0, 0]",22,0.0,0.880263398068081,5.155614049317787,90.0,0.0,-2.2662027239917273,0.0,0.0,0.0,0.0,0.0,0.0
image_00023.png,1,"[0, 0, 0, 0, 0, 0]",23,0.0,2.111577684463107,-0.05565603589685009,0.0,0.0,1.8706361053210243,0.0,0.0,0.0,0.0,0.0,0.0
image_00024.png,1,"[0, 0, 0, 0, 0, 0]",24,0.0,2.2075584883023396,3.6681478678958985,0.0,0.0,-5.906236384486525,0.0,0.0,0.0,0.0,0.0,0.0
image_00025.png,1,"[0, 0, 0, 0, 0, 0]",25,0.0,2.303539292141572,3.064004708312523,0.0,0.0,-6.113181944072394,0.0,0.0,0.0,0.0,0.0,0.0
image_00026.png,1,"[0, 0, 0, 0, 0, 0]",26,0.0,2.3995200959808045,-0.9327058775494204,0.0,0.0,-9.242193794202063,0.0,0.0,0.0,0.0,0.0,0.0
image_00027.png,1,"[0, 0, 0, 0, 0, 0]",27,0.0,2.495500899820037,2.4232517351306804,0.0,0.0,12.978756227500368,0.0,0.0,0.0,0.0,0.0,0.0
image_00028.png,1,"[0, 0, 0, 0, 0, 0]",28,0.0,-0.8967675401694493,-0.08757190776187418,90.0,0.0,2.4879840716298554,0.0,0.0,0.0,0.0,0.0,0.0
image_00029.png,1,"[0, 0, 0, 0, 0, 0]",29,0.0,-1.10680100311329,2.95907966127899,90.0,0.0,7.690726932761584,0.0,0.0,0.0,0.0,0.0,0.0
image_00030.png,1,"[0, 0, 0, 0, 0, 0]",30,0.0,2.7834433113377344,2.0466873541494763,0.0,0.0,4.962770454421619,0.0,0.0,0.0,0.0,0.0,0.0
image_00031.png,1,"[0, 0, 0, 0, 0, 0]",31,0.0,2.879424115176967,-0.9150369146048558,0.0,0.0,-11.61259612877078,0.0,0.0,0.0,0.0,0.0,0.0
image_00032.png,1,"[0, 0, 0, 0, 0, 0]",32,0.0,2.9754049190161993,3.766436892159086,0.0,0.0,-0.028106427671998252,0.0,0.0,0.0,0.0,0.0,0.0
image_00033.png,1,"[0, 0, 0, 0, 0, 0]",33,0.0,3.0713857228554318,-0.9247814567136659,0.0,0.0,-1.4994431807129918,0.0,0.0,0.0,0.0,0.0,0.0
image_00034.png,1,"[0, 0, 0, 0, 0, 0]",34,0.0,3.1673665266946642,5.264163059283176,0.0,0.0,-1.5062286017766806,0.0,0.0,0.0,0.0,0.0,0.0
image_00035.png,1,"[0, 0, 0, 0, 0, 0]",35,0.0,3.2633473305338967,2.4071572915713286,0.0,0.0,-2.0592998743548696,0.0,0.0,0.0,0.0,0.0,0.0
image_00036.png,1,"[0, 0, 0, 0, 0, 0]",36,0.0,0.4256695549229832,-0.43656565405602166,90.0,0.0,-12.479670388670794,0.0,0.0,0.0,0.0,0.0,0.0
image_00037.png,1,"[0, 0, 0, 0, 0, 0]",37,0.0,3.4553089382123545,5.441355861622515,0.0,0.0,-1.1615842674867147,0.0,0.0,0.0,0.0,0.0,0.0
image_00038.png,1,"[0, 0, 0, 0, 0, 0]",38,0.0,3.551289742051587,3.1067709554336265,0.0,0.0,6.1665084373048416,0.0,0.0,0.0,0.0,0.0,0.0
image_00039.png,1,"[0, 0, 0, 0, 0, 0]",39,0.0,-0.7608151150978557,2.9336716273739656,90.0,0.0,-4.068270269642678,0.0,0.0,0.0,0.0,0.0,0.0
image_00040.png,1,"[0, 0, 0, 0, 0, 0]",40,0.0,3.743251349730052,2.6770184982890264,0.0,0.0,-1.7948162322632815,0.0,0.0,0.0,0.0,0.0,0.0
image_00041.png,1,"[0, 0, 0, 0, 0, 0]",41,0.0,3.8392321535692844,1.804356950118061,0.0,0.0,-1.018751831135579,0.0,0.0,0.0,0.0,0.0,0.0
image_00042.png,1,"[0, 0, 0, 0, 0, 0]",42,0.0,3.935212957408517,3.5059697823951836,0.0,0.0,-4.481747900193,0.0,0.0,0.0,0.0,0.0,0.0
image_00043.png,1,"[0, 0, 0, 0, 0, 0]",43,0.0,4.031193761247749,4.508002444624024,0.0,0.0,-4.366901506819504,0.0,0.0,0.0,0.0,0.0,0.0
image_00044.png,1,"[0, 0, 0, 0, 0, 0]",44,0.0,4.127174565086982,0.80842439340574,0.0,0.0,11.0044300094639,0.0,0.0,0.0,0.0,0.0,0.0
image_00045.png,1,"[0, 0, 0, 0, 0, 0]",45,0.0,4.223155368926214,-1.1539793474637696,0.0,0.0,17.258405104024856,0.0,0.0,0.0,0.0,0.0,0.0
image_00046.png,1,"[0, 0, 0, 0, 0, 0]",46,0.0,4.319136172765447,0.06870548260940579,0.0,0.0,0.9500642824680278,0.0,0.0,0.0,0.0,0.0,0.0
image_00047.png,1,"[0, 0, 0, 0, 0, 0]",47,0.0,4.415116976604679,-1.1090702490389117,0.0,0.0,-10.284145935214305,0.0,0.0,0.0,0.0,0.0,0.0
image_00048.png,1,"[0, 0, 0, 0, 0, 0]",48,0.0,4.511097780443912,2.8363899728441897,0.0,0.0,1.324274376138497,0.0,0.0,0.0,0.0,0.0,0.0
image_00049.png,1,"[0, 0, 0, 0, 0, 0]",49,0.0,4.607078584283144,2.1213943651897926,0.0,0.0,-14.725163951585781,0.0,0.0,0.0,0.0,0.0,0.0
image_00050.png,1,"[0, 0, 0, 0, 0, 0]",50,0.0,-2.2640640790595157,1.2249149305520661,90.0,0.0,3.1472725559749506,0.0,0.0,0.0,0.0,0.0,0.0
image_00051.png,1,"[0, 0, 0, 0, 0, 0]",51,0.0,-3.954168182011628,4.889932576148393,90.0,0.0,16.548470997154233,0.0,0.0,0.0,0.0,0.0,0.0
image_00052.png,1,"[0, 0, 0, 0, 0, 0]",52,0.0,4.8950209958008415,0.6214579416504389,0.0,0.0,8.2148685907256,0.0,0.0,0.0,0.0,0.0,0.0
image_00053.png,1,"[0, 0, 0, 0, 0, 0]",53,0.0,4.991001799640074,-1.069672251385561,0.0,0.0,-2.4249504358423795,0.0,0.0,0.0,0.0,0.0,0.0
image_00054.png,1,"[0, 0, 0, 0, 0, 0]",54,0.0,5.086982603479306,1.7808666031513196,0.0,0.0,11.749448275025477,0.0,0.0,0.0,0.0,0.0,0.0
image_00055.png,1,"[0, 0, 0, 0, 0, 0]",55,0.0,5.022355308951973,4.033774233647378,90.0,0.0,9.814146104689852,0.0,0.0,0.0,0.0,0.0,0.0
image_00056.png,1,"[0, 0, 0, 0, 0, 0]",56,0.0,5.278944211157771,1.3860301101383037,0.0,0.0,9.085851213966285,0.0,0.0,0.0,0.0,0.0,0.0
image_00057.png,1,"[0, 0, 0, 0, 0, 0]",57,0.0,5.374925014997004,4.191859687602163,0.0,0.0,8.918403591387845,0.0,0.0,0.0,0.0,0.0,0.0
image_00058.png,1,"[0, 0, 0, 0, 0, 0]",58,0.0,1.4057523197100679,-1.8424356095466532,90.0,0.0,-17.60223024431248,0.0,0.0,0.0,0.0,0.0,0.0
image_00059.png,1,"[0, 0, 0, 0, 0, 0]",59,0.0,5.566886622675469,3.6903229835817566,0.0,0.0,-2.3904137977830526,0.0,0.0,0.0,0.0,0.0,0.0
image_00060.png,1,"[0, 0, 0, 0, 0, 0]",60,0.0,5.662867426514694,2.527842796271223,0.0,0.0,-2.4873023430212418,0.0,0.0,0.0,0.0,0.0,0.0
image_00061.png,1,"[0, 0, 0, 0, 0, 0]",61,0.0,4.530173305654941,2.6136627551944587,90.0,0.0,13.63879841360829,0.0,0.0,0.0,0.0,0.0,0.0
image_00062.png,1,"[0, 0, 0, 0, 0, 0]",62,0.0,5.854829034193159,-1.0689658223225644,0.0,0.0,-9.045558209676864,0.0,0.0,0.0,0.0,0.0,0.0
image_00063.png,1,"[0, 0, 0, 0, 0, 0]",63,0.0,5.9508098380323915,-1.0922691783620393,0.0,0.0,2.477100040382307,0.0,0.0,0.0,0.0,0.0,0.0
image_00064.png,1,"[0, 0, 0, 0, 0, 0]",64,0.0,6.046790641871624,0.7361826317506877,0.0,0.0,2.794908267858875,0.0,0.0,0.0,0.0,0.0,0.0
image_00065.png,1,"[0, 0, 0, 0, 0, 0]",65,0.0,6.142771445710856,4.834452582814051,0.0,0.0,20.0,0.0,0.0,0.0,0.0,0.0,0.0
image_00066.png,1,"[0, 0, 0, 0, 0, 0]",66,0.0,-4.194450897719392,2.2661170068036594,90.0,0.0,-0.07512804880615927,0.0,0.0,0.0,0.0,0.0,0.0
image_00067.png,1,"[0, 0, 0, 0, 0, 0]",67,0.0,3.1928058732803635,-0.9294205449105277,90.0,0.0,2.209385656564516,0.0,0.0,0.0,0.0,0.0,0.0
image_00068.png,1,"[0, 0, 0, 0, 0, 0]",68,0.0,6.430713857228554,3.2761570236320035,0.0,0.0,2.106960803842091,0.0,0.0,0.0,0.0,0.0,0.0
image_00069.png,1,"[0, 0, 0, 0, 0, 0]",69,0.0,-0.49090723020235316,1.713819204454892,90.0,0.0,3.7847689951253023,0.0,0.0,0.0,0.0,0.0,0.0
image_00070.png,1,"[0, 0, 0, 0, 0, 0]",70,0.0,6.622675464907019,3.0667393526867537,0.0,0.0,1.56474618834639,0.0,0.0,0.0,0.0,0.0,0.0
image_00071.png,1,"[0, 0, 0, 0, 0, 0]",71,0.0,6.718656268746251,-0.6281785838193352,0.0,0.0,1.256127154879038,0.0,0.0,0.0,0.0,0.0,0.0
image_00072.png,1,"[0, 0, 0, 0, 0, 0]",72,0.0,-6.3598272684880754,2.0735157828831428,90.0,0.0,-6.987944264590143,0.0,0.0,0.0,0.0,0.0,0.0
image_00073.png,1,"[0, 0, 0, 0, 0, 0]",73,0.0,6.910617876424716,5.235064615961575,0.0,0.0,-7.350879930762921,0.0,0.0,0.0,0.0,0.0,0.0
image_00074.png,1,"[0, 0, 0, 0, 0, 0]",74,0.0,7.006598680263949,0.6061395509566938,0.0,0.0,9.691735609894941,0.0,0.0,0.0,0.0,0.0,0.0
image_00075.png,1,"[0, 0, 0, 0, 0, 0]",75,0.0,7.102579484103181,4.084926358330116,0.0,0.0,-3.8011322931967775,0.0,0.0,0.0,0.0,0.0,0.0
image_00076.png,1,"[0, 0, 0, 0, 0, 0]",76,0.0,5.513032391259891,-1.5669501886547907,90.0,0.0,0.487518167328702,0.0,0.0,0.0,0.0,0.0,0.0
image_00077.png,1,"[0, 0, 0, 0, 0, 0]",77,0.0,7.294541091781646,4.713467328759188,0.0,0.0,-11.671950979698604,0.0,0.0,0.0,0.0,0.0,0.0
image_00078.png,1,"[0, 0, 0, 0, 0, 0]",78,0.0,7.3905218956208785,3.7285279201254387,0.0,0.0,-0.11698488235418361,0.0,0.0,0.0,0.0,0.0,0.0
image_00079.png,1,"[0, 0, 0, 0, 0, 0]",79,0.0,0.7299261886169859,-1.161657708309405,90.0,0.0,-3.6184866736822494,0.0,0.0,0.0,0.0,0.0,0.0
image_00080.png,1,"[0, 0, 0, 0, 0, 0]",80,0.0,7.582483503299343,-0.4114723465005756,0.0,0.0,-10.858632269398685,0.0,0.0,0.0,0.0,0.0,0.0
image_00081.png,1,"[0, 0, 0, 0, 0, 0]",81,0.0,7.144488887274633,-1.9436545159951593,90.0,0.0,-7.701779747122362,0.0,0.0,0.0,0.0,0.0,0.0
image_00082.png,1,"[0, 0, 0, 0, 0, 0]",82,0.0,-1.633379407437772,4.799569475200951,90.0,0.0,5.10330218731279,0.0,0.0,0.0,0.0,0.0,0.0
image_00083.png,1,"[0, 0, 0, 0, 0, 0]",83,0.0,7.870425914817034,0.08548886361873897,0.0,0.0,-4.7610388130557215,0.0,0.0,0.0,0.0,0.0,0.0
image_00084.png,1,"[0, 0, 0, 0, 0, 0]",84,0.0,2.555134743799222,-1.8764900333292132,90.0,0.0,12.759683299394128,0.0,0.0,0.0,0.0,0.0,0.0
image_00085.png,1,"[0, 0, 0, 0, 0, 0]",85,0.0,8.062387522495499,1.7878087621992083,0.0,0.0,-7.7998062731461175,0.0,0.0,0.0,0.0,0.0,0.0
image_00086.png,1,"[0, 0, 0, 0, 0, 0]",86,0.0,8.158368326334731,-1.6193035611449687,0.0,0.0,-14.895070045280399,0.0,0.0,0.0,0.0,0.0,0.0
image_00087.png,1,"[0, 0, 0, 0, 0, 0]",87,0.0,8.254349130173964,-1.7259369576039933,0.0,0.0,20.0,0.0,0.0,0.0,0.0,0.0,0.0
image_00088.png,1,"[0, 0, 0, 0, 0, 0]",88,0.0,6.197115254307803,0.02039865399904839,90.0,0.0,-1.928965318821145,0.0,0.0,0.0,0.0,0.0,0.0
image_00089.png,1,"[0, 0, 0, 0, 0, 0]",89,0.0,-8.29272849343198,0.6573175546049748,90.0,0.0,-6.920999951930055,0.0,0.0,0.0,0.0,0.0,0.0
image_00090.png,1,"[0, 0, 0, 0, 0, 0]",90,0.0,8.542291541691661,-0.16952119600210103,0.0,0.0,-3.0356981829832033,0.0,0.0,0.0,0.0,0.0,0.0
image_00091.png,1,"[0, 0, 0, 0, 0, 0]",91,0.0,8.638272345530893,0.9823220188805881,0.0,0.0,13.639106789239726,0.0,0.0,0.0,0.0,0.0,0.0
image_00092.png,1,"[0, 0, 0, 0, 0, 0]",92,0.0,8.734253149370126,4.893852956950976,0.0,0.0,-3.59334760460819,0.0,0.0,0.0,0.0,0.0,0.0
image_00093.png,1,"[0, 0, 0, 0, 0, 0]",93,0.0,-8.25648211726191,-1.5133867951951434,90.0,0.0,-2.258699571906799,0.0,0.0,0.0,0.0,0.0,0.0
image_00094.png,1,"[0, 0, 0, 0, 0, 0]",94,0.0,-2.771992291294012,-1.316581721336514,90.0,0.0,-13.034686698737836,0.0,0.0,0.0,0.0,0.0,0.0
image_00095.png,1,"[0, 0, 0, 0, 0, 0]",95,0.0,1.8991075774248145,2.431762292288857,90.0,0.0,-4.48197288691211,0.0,0.0,0.0,0.0,0.0,0.0
image_00096.png,1,"[0, 0, 0, 0, 0, 0]",96,0.0,-2.305840227422472,2.09210765840261,90.0,0.0,-6.005805534275071,0.0,0.0,0.0,0.0,0.0,0.0
image_00097.png,1,"[0, 0, 0, 0, 0, 0]",97,0.0,7.894706363096148,0.9153736233948679,90.0,0.0,0.6197489298510159,0.0,0.0,0.0,0.0,0.0,0.0
image_00098.png,1,"[0, 0, 0, 0, 0, 0]",98,0.0,9.31013797240552,4.379131818028211,0.0,0.0,1.1278784677856466,0.0,0.0,0.0,0.0,0.0,0.0
image_00099.png,1,"[0, 0, 0, 0, 0, 0]",99,0.0,6.9744937145717785,0.602266822320169,90.0,0.0,-12.184606016060101,0.0,0.0,0.0,0.0,0.0,0.0
image_00100.png,1,"[0, 0, 0, 0, 0, 0]",100,0.0,-7.532759016331681,2.7927162674067425,90.0,0.0,-6.4280045569318665,0.0,0.0,0.0,0.0,0.0,0.0
image_00101.png,1,"[0, 0, 0, 0, 0, 0]",101,0.0,6.874103283014691,5.131023120818766,90.0,0.0,-1.7931234345626788,0.0,0.0,0.0,0.0,0.0,0.0
image_00102.png,1,"[0, 0, 0, 0, 0, 0]",102,0.0,9.69406118776245,3.9648846142903036,0.0,0.0,-4.856185488461815,0.0,0.0,0.0,0.0,0.0,0.0
image_00103.png,1,"[0, 0, 0, 0, 0, 0]",103,0.0,-2.6393031398738884,2.7999332819054823,90.0,0.0,-7.9703557965442275,0.0,0.0,0.0,0.0,0.0,0.0
image_00104.png,1,"[0, 0, 0, 0, 0, 0]",104,0.0,1.666280856026546,1.7980156672997105,90.0,0.0,-5.490013697697034,0.0,0.0,0.0,0.0,0.0,0.0
image_00105.png,1,"[0, 0, 0, 0, 0, 0]",105,0.0,-4.675426192908333,1.9556034834037153,90.0,0.0,-2.533046168468445,0.0,0.0,0.0,0.0,0.0,0.0
image_00106.png,1,"[0, 0, 0, 0, 0, 0]",106,0.0,8.970381056663037,3.0129778116449977,90.0,0.0,15.982945935925484,0.0,0.0,0.0,0.0,0.0,0.0
image_00107.png,1,"[0, 0, 0, 0, 0, 0]",107,0.0,10.173965206958613,3.7312838518195104,0.0,0.0,10.630543714386961,0.0,0.0,0.0,0.0,0.0,0.0
image_00108.png,1,"[0, 0, 0, 0, 0, 0]",108,0.0,-7.7100096515823395,2.9742298763376205,90.0,0.0,-1.4394967996281267,0.0,0.0,0.0,0.0,0.0,0.0
image_00109.png,1,"[0, 0, 0, 0, 0, 0]",109,0.0,-6.5552052727132235,4.9190185672036915,90.0,0.0,8.333981966899291,0.0,0.0,0.0,0.0,0.0,0.0
image_00110.png,1,"[0, 0, 0, 0, 0, 0]",110,0.0,8.01235090317693,0.30817611557045277,90.0,0.0,-0.3474445117989697,0.0,0.0,0.0,0.0,0.0,0.0
image_00111.png,1,"[0, 0, 0, 0, 0, 0]",111,0.0,9.320524565526185,2.0339466862193136,90.0,0.0,13.204503444793446,0.0,0.0,0.0,0.0,0.0,0.0
image_00112.png,1,"[0, 0, 0, 0, 0, 0]",112,0.0,3.0395476798643983,0.38197701998717326,90.0,0.0,7.059134837524891,0.0,0.0,0.0,0.0,0.0,0.0
image_00113.png,1,"[0, 0, 0, 0, 0, 0]",113,0.0,10.749850029994,3.1435871060929266,0.0,0.0,-8.843239718351956,0.0,0.0,0.0,0.0,0.0,0.0
image_00114.png,1,"[0, 0, 0, 0, 0, 0]",114,0.0,9.283661720206673,4.759117632858981,90.0,0.0,13.417344170646778,0.0,0.0,0.0,0.0,0.0,0.0
image_00115.png,1,"[0, 0, 0, 0, 0, 0]",115,0.0,3.690647569415347,-1.221780925079393,90.0,0.0,-14.908994029512877,0.0,0.0,0.0,0.0,0.0,0.0
image_00116.png,1,"[0, 0, 0, 0, 0, 0]",116,0.0,-8.783831663779694,2.9858650949688377,90.0,0.0,-2.0679709593757143,0.0,0.0,0.0,0.0,0.0,0.0
image_00117.png,1,"[0, 0, 0, 0, 0, 0]",117,0.0,-0.36738125438520797,-0.17367329405244414,90.0,0.0,-1.1943593246798005,0.0,0.0,0.0,0.0,0.0,0.0
image_00118.png,1,"[0, 0, 0, 0, 0, 0]",118,0.0,4.735559944916602,3.3080726425553593,90.0,0.0,2.083308460012953,0.0,0.0,0.0,0.0,0.0,0.0
image_00119.png,1,"[0, 0, 0, 0, 0, 0]",119,0.0,2.367396570150234,4.12868883503576,90.0,0.0,-14.209745013567302,0.0,0.0,0.0,0.0,0.0,0.0
image_00120.png,1,"[0, 0, 0, 0, 0, 0]",120,0.0,8.40915280535696,1.0588019347965227,90.0,0.0,-3.240832667068843,0.0,0.0,0.0,0.0,0.0,0.0
image_00121.png,1,"[0, 0, 0, 0, 0, 0]",121,0.0,0.6366347944476018,1.1592518358679529,90.0,0.0,-0.6643621645326119,0.0,0.0,0.0,0.0,0.0,0.0
image_00122.png,1,"[0, 0, 0, 0, 0, 0]",122,0.0,-7.264678371915181,3.4462861010596484,90.0,0.0,9.323406840280544,0.0,0.0,0.0,0.0,0.0,0.0
image_00123.png,1,"[0, 0, 0, 0, 0, 0]",123,0.0,2.7754839848216974,2.846451582841169,90.0,0.0,4.503903618760586,0.0,0.0,0.0,0.0,0.0,0.0
image_00124.png,1,"[0, 0, 0, 0, 0, 0]",124,0.0,10.421469772042002,3.401833024609025,90.0,0.0,7.361412377220762,0.0,0.0,0.0,0.0,0.0,0.0
image_00125.png,1,"[0, 0, 0, 0, 0, 0]",125,0.0,9.173769837839579,5.129916281365527,90.0,0.0,3.1759072797446795,0.0,0.0,0.0,0.0,0.0,0.0
image_00126.png,1,"[0, 0, 0, 0, 0, 0]",126,0.0,5.236327415801,1.0976275315925932,90.0,0.0,12.670232358817774,0.0,0.0,0.0,0.0,0.0,0.0
image_00127.png,1,"[0, 0, 0, 0, 0, 0]",127,0.0,-7.667416819664794,4.473762188093578,90.0,0.0,-10.8290386783597,0.0,0.0,0.0,0.0,0.0,0.0
image_00128.png,1,"[0, 0, 0, 0, 0, 0]",128,0.0,-1.147617798984001,-0.8460635964126082,90.0,0.0,2.0437173292291337,0.0,0.0,0.0,0.0,0.0,0.0
image_00129.png,1,"[0, 0, 0, 0, 0, 0]",129,0.0,12.285542891421713,0.6338711591341295,0.0,0.0,2.499461051378721,0.0,0.0,0.0,0.0,0.0,0.0
image_00130.png,1,"[0, 0, 0, 0, 0, 0]",130,0.0,-5.401573280272942,4.596924413837718,90.0,0.0,-7.850876820996018,0.0,0.0,0.0,0.0,0.0,0.0
image_00131.png,1,"[0, 0, 0, 0, 0, 0]",131,0.0,0.5220510705181454,-0.5699333623384388,90.0,0.0,9.125926854899951,0.0,0.0,0.0,0.0,0.0,0.0
image_00132.png,1,"[0, 0, 0, 0, 0, 0]",132,0.0,-9.011451178936454,4.160423522606426,90.0,0.0,8.063997102822825,0.0,0.0,0.0,0.0,0.0,0.0
image_00133.png,1,"[0, 0, 0, 0, 0, 0]",133,0.0,11.501988427876391,4.135938845490817,90.0,0.0,-2.69763131116597,0.0,0.0,0.0,0.0,0.0,0.0
image_00134.png,1,"[0, 0, 0, 0, 0, 0]",134,0.0,-9.433138119991128,5.13615206569296,90.0,0.0,13.365936301914074,0.0,0.0,0.0,0.0,0.0,0.0
image_00135.png,1,"[0, 0, 0, 0, 0, 0]",135,0.0,-0.7690279709029539,3.302944588591161,90.0,0.0,-0.9662139449537788,0.0,0.0,0.0,0.0,0.0,0.0
image_00136.png,1,"[0, 0, 0, 0, 0, 0]",136,0.0,3.3722633361169017,4.229392331574535,90.0,0.0,5.155296935503485,0.0,0.0,0.0,0.0,0.0,0.0
image_00137.png,1,"[0, 0, 0, 0, 0, 0]",137,0.0,11.89649636886341,1.6867213674383286,90.0,0.0,13.283585151665356,0.0,0.0,0.0,0.0,0.0,0.0
image_00138.png,1,"[0, 0, 0, 0, 0, 0]",138,0.0,13.149370125974805,-1.053364107523298,0.0,0.0,-0.45163375130333255,0.0,0.0,0.0,0.0,0.0,0.0
image_00139.png,1,"[0, 0, 0, 0, 0, 0]",139,0.0,2.38740085322209,1.120657861236662,90.0,0.0,-1.9201869064290367,0.0,0.0,0.0,0.0,0.0,0.0
image_00140.png,1,"[0, 0, 0, 0, 0, 0]",140,0.0,1.5330976390286324,4.791206410397991,90.0,0.0,-13.540747304939783,0.0,0.0,0.0,0.0,0.0,0.0
image_00141.png,1,"[0, 0, 0, 0, 0, 0]",141,0.0,3.7248334302626063,1.4373975985956067,90.0,0.0,4.641222742824137,0.0,0.0,0.0,0.0,0.0,0.0
image_00142.png,1,"[0, 0, 0, 0, 0, 0]",142,0.0,-11.249485608682392,1.805059396102108,90.0,0.0,15.017721123989846,0.0,0.0,0.0,0.0,0.0,0.0
image_00143.png,1,"[0, 0, 0, 0, 0, 0]",143,0.0,13.204116187659238,-1.3304517495558361,90.0,0.0,-2.0878135182594444,0.0,0.0,0.0,0.0,0.0,0.0
image_00144.png,1,"[0, 0, 0, 0, 0, 0]",144,0.0,-8.331770896675451,0.6626045151491793,90.0,0.0,6.46592618161527,0.0,0.0,0.0,0.0,0.0,0.0
image_00145.png,1,"[0, 0, 0, 0, 0, 0]",145,0.0,6.301476635789221,3.8177567228875846,90.0,0.0,-1.7513002496138257,0.0,0.0,0.0,0.0,0.0,0.0
image_00146.png,1,"[0, 0, 0, 0, 0, 0]",146,0.0,-0.411384254920911,1.508566906758102,90.0,0.0,-2.232057296706762,0.0,0.0,0.0,0.0,0.0,0.0
image_00147.png,1,"[0, 0, 0, 0, 0, 0]",147,0.0,12.20363578557533,4.909620959278164,90.0,0.0,10.650111033413333,0.0,0.0,0.0,0.0,0.0,0.0
image_00148.png,1,"[0, 0, 0, 0, 0, 0]",148,0.0,-1.9970364959445988,2.4383219408430747,90.0,0.0,5.622568847149853,0.0,0.0,0.0,0.0,0.0,0.0
image_00149.png,1,"[0, 0, 0, 0, 0, 0]",149,0.0,13.500418394140794,-0.21645953288854392,90.0,0.0,-0.014101987970261413,0.0,0.0,0.0,0.0,0.0,0.0
image_00150.png,1,"[0, 0, 0, 0, 0, 0]",150,0.0,9.108442549334256,0.7752959571944618,90.0,0.0,-8.289445874652506,0.0,0.0,0.0,0.0,0.0,0.0
image_00151.png,1,"[0, 0, 0, 0, 0, 0]",151,0.0,12.90373224480787,5.444746863480525,90.0,0.0,12.951309906367584,0.0,0.0,0.0,0.0,0.0,0.0
image_00152.png,1,"[0, 0, 0, 0, 0, 0]",152,0.0,-13.08767983532934,4.61841097794431,90.0,0.0,15.773229901098084,0.0,0.0,0.0,0.0,0.0,0.0
image_00153.png,1,"[0, 0, 0, 0, 0, 0]",153,0.0,9.330377000380324,-0.016010357885029247,90.0,0.0,-11.560670836785647,0.0,0.0,0.0,0.0,0.0,0.0
image_00154.png,1,"[0, 0, 0, 0, 0, 0]",154,0.0,-3.8693348417199616,2.5689773484774463,90.0,0.0,-9.912112822460424,0.0,0.0,0.0,0.0,0.0,0.0
image_00155.png,1,"[0, 0, 0, 0, 0, 0]",155,0.0,-4.281825640882673,1.162893746605893,90.0,0.0,-1.9011298192857493,0.0,0.0,0.0,0.0,0.0,0.0
image_00156.png,1,"[0, 0, 0, 0, 0, 0]",156,0.0,-11.547580340140186,3.0519123854575367,90.0,0.0,-8.628427228769729,0.0,0.0,0.0,0.0,0.0,0.0
image_00157.png,1,"[0, 0, 0, 0, 0, 0]",157,0.0,7.919144677475785,4.21986194265382,90.0,0.0,-3.006556232579161,0.0,0.0,0.0,0.0,0.0,0.0
image_00158.png,1,"[0, 0, 0, 0, 0, 0]",158,0.0,1.4533496893018167,0.4006802306507349,90.0,0.0,-1.595208576990998,0.0,0.0,0.0,0.0,0.0,0.0
image_00159.png,1,"[0, 0, 0, 0, 0, 0]",159,0.0,-1.848273516148815,-0.7635492218360751,90.0,0.0,0.205206562189411,0.0,0.0,0.0,0.0,0.0,0.0
image_00160.png,1,"[0, 0, 0, 0, 0, 0]",160,0.0,-6.309514586270524,-0.41139940423132004,90.0,0.0,2.805533854983326,0.0,0.0,0.0,0.0,0.0,0.0
image_00161.png,1,"[0, 0, 0, 0, 0, 0]",161,0.0,8.809883660801077,4.132236174976458,90.0,0.0,3.990300285274348,0.0,0.0,0.0,0.0,0.0,0.0
image_00162.png,1,"[0, 0, 0, 0, 0, 0]",162,0.0,0.4365807795850358,1.0114048812601193,90.0,0.0,-9.428194823215499,0.0,0.0,0.0,0.0,0.0,0.0
image_00163.png,1,"[0, 0, 0, 0, 0, 0]",163,0.0,-6.746865729137454,1.8934040680232345,90.0,0.0,-0.4313400532120661,0.0,0.0,0.0,0.0,0.0,0.0
image_00164.png,1,"[0, 0, 0, 0, 0, 0]",164,0.0,0.360151919642135,0.7856942537998703,90.0,0.0,1.61588623437553,0.0,0.0,0.0,0.0,0.0,0.0
image_00165.png,1,"[0, 0, 0, 0, 0, 0]",165,0.0,8.181732600440853,4.328123257760643,90.0,0.0,3.6786585251445807,0.0,0.0,0.0,0.0,0.0,0.0
image_00166.png,1,"[0, 0, 0, 0, 0, 0]",166,0.0,7.594525600418336,0.6883692296970434,90.0,0.0,13.218829512414366,0.0,0.0,0.0,0.0,0.0,0.0
image_00167.png,1,"[0, 0, 0, 0, 0, 0]",167,0.0,5.3102654693195035,-0.34501963014687886,90.0,0.0,-1.1047791098204849,0.0,0.0,0.0,0.0,0.0,0.0
image_00168.png,1,"[0, 0, 0, 0, 0, 0]",168,0.0,-1.246743474933666,-1.360647827207642,90.0,0.0,20.0,0.0,0.0,0.0,0.0,0.0,0.0
image_00169.png,1,"[0, 0, 0, 0, 0, 0]",169,0.0,-7.442035884633469,1.7011141827083804,90.0,0.0,3.874025001381957,0.0,0.0,0.0,0.0,0.0,0.0
image_00170.png,1,"[0, 0, 0, 0, 0, 0]",170,0.0,-6.517916568512092,-1.4462625820585728,90.0,0.0,-7.761744674018129,0.0,0.0,0.0,0.0,0.0,0.0
image_00171.png,1,"[0, 0, 0, 0, 0, 0]",171,0.0,13.551496238619748,4.511593029086429,90.0,0.0,-5.440487105016668,0.0,0.0,0.0,0.0,0.0,0.0
image_00172.png,1,"[0, 0, 0, 0, 0, 0]",172,0.0,9.921854548792382,-0.7741819289544589,90.0,0.0,-0.6989363362347051,0.0,0.0,0.0,0.0,0.0,0.0
image_00173.png,1,"[0, 0, 0, 0, 0, 0]",173,0.0,-13.573025478323217,2.256000403797567,90.0,0.0,4.249939840425626,0.0,0.0,0.0,0.0,0.0,0.0
image_00174.png,1,"[0, 0, 0, 0, 0, 0]",174,0.0,10.666722705860437,1.289273224099968,90.0,0.0,9.515917078308313,0.0,0.0,0.0,0.0,0.0,0.0
image_00175.png,1,"[0, 0, 0, 0, 0, 0]",175,0.0,-9.918817222506163,0.7987944906223454,90.0,0.0,14.582955562142935,0.0,0.0,0.0,0.0,0.0,0.0
image_00176.png,1,"[0, 0, 0, 0, 0, 0]",176,0.0,12.355165463391643,3.3618137614197874,90.0,0.0,-1.6855502065971335,0.0,0.0,0.0,0.0,0.0,0.0
image_00177.png,1,"[0, 0, 0, 0, 0, 0]",177,0.0,9.870322911188985,4.887177535654571,90.0,0.0,-4.042615732993378,0.0,0.0,0.0,0.0,0.0,0.0
image_00178.png,1,"[0, 0, 0, 0, 0, 0]",178,0.0,-9.115744094473612,0.13216155432383303,90.0,0.0,-0.13635549649719134,0.0,0.0,0.0,0.0,0.0,0.0
image_00179.png,1,"[0, 0, 0, 0, 0, 0]",179,0.0,-10.672844847271932,1.8488177682946727,90.0,0.0,-4.827079825196784,0.0,0.0,0.0,0.0,0.0,0.0
image_00180.png,1,"[0, 0, 0, 0, 0, 0]",180,0.0,-2.1463384798402103,3.3519740342474806,90.0,0.0,8.324025381030555,0.0,0.0,0.0,0.0,0.0,0.0
image_00181.png,1,"[0, 0, 0, 0, 0, 0]",181,0.0,3.976020402180339,1.1968432886033922,90.0,0.0,12.231218593527448,0.0,0.0,0.0,0.0,0.0,0.0
image_00182.png,1,"[0, 0, 0, 0, 0, 0]",182,0.0,4.918856641754658,-0.5379265380798683,90.0,0.0,-6.794539733658158,0.0,0.0,0.0,0.0,0.0,0.0
image_00183.png,1,"[0, 0, 0, 0, 0, 0]",183,0.0,12.139013451807202,3.665775686236336,90.0,0.0,9.41970164296771,0.0,0.0,0.0,0.0,0.0,0.0
image_00184.png,1,"[0, 0, 0, 0, 0, 0]",184,0.0,-6.424050606453761,4.9921217363112484,90.0,0.0,-14.371578067932242,0.0,0.0,0.0,0.0,0.0,0.0
image_00185.png,1,"[0, 0, 0, 0, 0, 0]",185,0.0,-1.5425381557243796,-1.68292545396407,90.0,0.0,-7.87725297694413,0.0,0.0,0.0,0.0,0.0,0.0
image_00186.png,1,"[0, 0, 0, 0, 0, 0]",186,0.0,-12.984571634073347,-0.06640370510623761,90.0,0.0,-3.995428859592716,0.0,0.0,0.0,0.0,0.0,0.0
image_00187.png,1,"[0, 0, 0, 0, 0, 0]",187,0.0,-3.449661906516752,4.857731983189386,90.0,0.0,-3.5469617868073593,0.0,0.0,0.0,0.0,0.0,0.0
image_00188.png,1,"[0, 0, 0, 0, 0, 0]",188,0.0,-7.688949690657182,1.8497029826648212,90.0,0.0,7.27835009891303,0.0,0.0,0.0,0.0,0.0,0.0
image_00189.png,1,"[0, 0, 0, 0, 0, 0]",189,0.0,0.15545837404116014,3.6999165063153043,90.0,0.0,0.5152236895111509,0.0,0.0,0.0,0.0,0.0,0.0
image_00190.png,1,"[0, 0, 0, 0, 0, 0]",190,0.0,-4.348143702680076,-1.993114200584772,90.0,0.0,-8.127505208975581,0.0,0.0,0.0,0.0,0.0,0.0
image_00191.png,1,"[0, 0, 0, 0, 0, 0]",191,0.0,-9.478546101551345,0.3393510076067159,90.0,0.0,-2.7813634030030263,0.0,0.0,0.0,0.0,0.0,0.0
image_00192.png,1,"[0, 0, 0, 0, 0, 0]",192,0.0,-10.926041301195,0.4319561757114765,90.0,0.0,-3.6407475154792888,0.0,0.0,0.0,0.0,0.0,0.0
image_00193.png,1,"[0, 0, 0, 0, 0, 0]",193,0.0,-8.544697245881707,3.141778993580128,90.0,0.0,5.287852793821335,0.0,0.0,0.0,0.0,0.0,0.0
image_00194.png,1,"[0, 0, 0, 0, 0, 0]",194,0.0,-10.807339108188415,1.6935997177739512,90.0,0.0,-4.417989985752444,0.0,0.0,0.0,0.0,0.0,0.0
image_00195.png,1,"[0, 0, 0, 0, 0, 0]",195,0.0,4.1641868736384495,-0.025856748515759476,90.0,0.0,8.794981333827366,0.0,0.0,0.0,0.0,0.0,0.0
image_00196.png,1,"[0, 0, 0, 0, 0, 0]",196,0.0,11.720452166460639,-1.1594302981005928,90.0,0.0,-12.031815312029554,0.0,0.0,0.0,0.0,0.0,0.0
image_00197.png,1,"[0, 0, 0, 0, 0, 0]",197,0.0,13.448886325498037,3.468438949606174,90.0,0.0,-9.073932340628714,0.0,0.0,0.0,0.0,0.0,0.0
image_00198.png,1,"[0, 0, 0, 0, 0, 0]",198,0.0,6.022208360229229,-0.8266508780802573,90.0,0.0,-18.14435266108047,0.0,0.0,0.0,0.0,0.0,0.0
image_00199.png,1,"[0, 0, 0, 0, 0, 0]",199,0.0,-1.3327110952504455,2.2042804073588016,90.0,0.0,-5.032177866707128,0.0,0.0,0.0,0.0,0.0,0.0
image_00200.png,1,"[0, 0, 0, 0, 0, 0]",200,0.0,2.810415619976226,-0.6863322827397607,90.0,0.0,3.4226955718951246,0.0,0.0,0.0,0.0,0.0,0.0
image_00201.png,1,"[0, 0, 0, 0, 0, 0]",201,0.0,4.790508008998543,5.268054160708423,90.0,0.0,-2.04234939297973,0.0,0.0,0.0,0.0,0.0,0.0
image_00202.png,1,"[0, 0, 0, 0, 0, 0]",202,0.0,12.800522450581305,3.0710245579331064,90.0,0.0,2.065478533012469,0.0,0.0,0.0,0.0,0.0,0.0
image_00203.png,1,"[0, 0, 0, 0, 0, 0]",203,0.0,-13.896480054394985,1.8903171522821105,90.0,0.0,-4.105436993426808,0.0,0.0,0.0,0.0,0.0,0.0
image_00204.png,1,"[0, 0, 0, 0, 0, 0]",204,0.0,-10.272589600386453,3.5335401936925477,90.0,0.0,12.077277875987265,0.0,0.0,0.0,0.0,0.0,0.0
image_00205.png,1,"[0, 0, 0, 0, 0, 0]",205,0.0,-8.082387190197721,1.708245437395298,90.0,0.0,-14.191712717172711,0.0,0.0,0.0,0.0,0.0,0.0
image_00206.png,1,"[0, 0, 0, 0, 0, 0]",206,0.0,-0.020009177681963308,0.6143915998357388,90.0,0.0,6.902393955065683,0.0,0.0,0.0,0.0,0.0,0.0
image_00207.png,1,"[0, 0, 0, 0, 0, 0]",207,0.0,-1.7086754222110017,1.275735696991716,90.0,0.0,-3.7085089517490806,0.0,0.0,0.0,0.0,0.0,0.0
image_00208.png,1,"[0, 0, 0, 0, 0, 0]",208,0.0,-2.103603943062808,0.8400199490647937,90.0,0.0,6.596239824429747,0.0,0.0,0.0,0.0,0.0,0.0
image_00209.png,1,"[0, 0, 0, 0, 0, 0]",209,0.0,10.054127927842998,4.460101444652633,90.0,0.0,6.633947987383641,0.0,0.0,0.0,0.0,0.0,0.0
image_00210.png,1,"[0, 0, 0, 0, 0, 0]",210,0.0,12.18739209844999,1.8670829410910117,90.0,0.0,4.249456195303586,0.0,0.0,0.0,0.0,0.0,0.0
image_00211.png,1,"[0, 0, 0, 0, 0, 0]",211,0.0,-2.7934174636106093,-0.5786202436508396,90.0,0.0,-1.7534562824372841,0.0,0.0,0.0,0.0,0.0,0.0
image_00212.png,1,"[0, 0, 0, 0, 0, 0]",212,0.0,0.33093505694886716,1.7565678603269927,90.0,0.0,10.760131677901649,0.0,0.0,0.0,0.0,0.0,0.0
image_00213.png,1,"[0, 0, 0, 0, 0, 0]",213,0.0,-7.3180257606274495,3.251504498327292,90.0,0.0,-8.629111621543883,0.0,0.0,0.0,0.0,0.0,0.0
image_00214.png,1,"[0, 0, 0, 0, 0, 0]",214,0.0,-12.055445709051043,0.8639864014441399,90.0,0.0,7.491514728363389,0.0,0.0,0.0,0.0,0.0,0.0
image_00215.png,1,"[0, 0, 0, 0, 0, 0]",215,0.0,13.56525551552049,-0.931484895656695,90.0,0.0,4.17463305352021,0.0,0.0,0.0,0.0,0.0,0.0
image_00216.png,1,"[0, 0, 0, 0, 0, 0]",216,0.0,-12.265344421365,5.073608154271305,90.0,0.0,-4.803503219385525,0.0,0.0,0.0,0.0,0.0,0.0
image_00217.png,1,"[0, 0, 0, 0, 0, 0]",217,0.0,13.445796545859764,1.4831431071902483,90.0,0.0,11.175225303171546,0.0,0.0,0.0,0.0,0.0,0.0
image_00218.png,1,"[0, 0, 0, 0, 0, 0]",218,0.0,7.563646815085775,3.0659871584569363,90.0,0.0,6.616613690839986,0.0,0.0,0.0,0.0,0.0,0.0
image_00219.png,1,"[0, 0, 0, 0, 0, 0]",219,0.0,-5.5692979726280925,1.2316535303691434,90.0,0.0,-0.17799823855767216,0.0,0.0,0.0,0.0,0.0,0.0
image_00220.png,1,"[0, 0, 0, 0, 0, 0]",220,0.0,-2.494738494454438,-1.1623931383471315,90.0,0.0,0.60446375434669,0.0,0.0,0.0,0.0,0.0,0.0
image_00221.png,1,"[0, 0, 0, 0, 0, 0]",221,0.0,8.485345604147746,-0.6920099084567783,90.0,0.0,-8.21530368740939,0.0,0.0,0.0,0.0,0.0,0.0
image_00222.png,1,"[0, 0, 0, 0, 0, 0]",222,0.0,5.8976071517713535,2.015017441882569,90.0,0.0,8.208903970251816,0.0,0.0,0.0,0.0,0.0,0.0
image_00223.png,1,"[0, 0, 0, 0, 0, 0]",223,0.0,10.25153243859559,4.751529173654303,90.0,0.0,-1.1867315500243596,0.0,0.0,0.0,0.0,0.0,0.0
image_00224.png,1,"[0, 0, 0, 0, 0, 0]",224,0.0,0.7550261297187078,1.0416166880270117,90.0,0.0,9.198763635051307,0.0,0.0,0.0,0.0,0.0,0.0
image_00225.png,1,"[0, 0, 0, 0, 0, 0]",225,0.0,10.061974986563428,0.822240613520755,90.0,0.0,1.8263432404719318,0.0,0.0,0.0,0.0,0.0,0.0
image_00226.png,1,"[0, 0, 0, 0, 0, 0]",226,0.0,-8.946705697715444,2.072098601879243,90.0,0.0,2.9809168871677687,0.0,0.0,0.0,0.0,0.0,0.0
image_00227.png,1,"[0, 0, 0, 0, 0, 0]",227,0.0,-0.5888816931577168,-1.308672206673867,90.0,0.0,-1.5055711668176013,0.0,0.0,0.0,0.0,0.0,0.0
image_00228.png,1,"[0, 0, 0, 0, 0, 0]",228,0.0,-3.9817387764229295,4.779722773614385,90.0,0.0,3.379963452828965,0.0,0.0,0.0,0.0,0.0,0.0
image_00229.png,1,"[0, 0, 0, 0, 0, 0]",229,0.0,8.29599800819976,4.34398444335445,90.0,0.0,11.358675094110273,0.0,0.0,0.0,0.0,0.0,0.0
image_00230.png,1,"[0, 0, 0, 0, 0, 0]",230,0.0,4.451222218800865,-0.8176804295732376,90.0,0.0,6.097707177041177,0.0,0.0,0.0,0.0,0.0,0.0
image_00231.png,1,"[0, 0, 0, 0, 0, 0]",231,0.0,11.929930114970276,3.973075361293408,90.0,0.0,6.15746879861442,0.0,0.0,0.0,0.0,0.0,0.0
image_00232.png,1,"[0, 0, 0, 0, 0, 0]",232,0.0,4.64604723206908,-1.7362676516620303,90.0,0.0,-5.114169815485319,0.0,0.0,0.0,0.0,0.0,0.0
image_00233.png,1,"[0, 0, 0, 0, 0, 0]",233,0.0,-10.559318395258543,3.9869399523704496,90.0,0.0,13.87647310861897,0.0,0.0,0.0,0.0,0.0,0.0
image_00234.png,1,"[0, 0, 0, 0, 0, 0]",234,0.0,-11.304147567179896,-1.6935562270257076,90.0,0.0,-5.138927796774614,0.0,0.0,0.0,0.0,0.0,0.0
image_00235.png,1,"[0, 0, 0, 0, 0, 0]",235,0.0,-3.980236310785024,0.17525491242227087,90.0,0.0,8.29039219495123,0.0,0.0,0.0,0.0,0.0,0.0
image_00236.png,1,"[0, 0, 0, 0, 0, 0]",236,0.0,3.178287215911922,1.654376295067642,90.0,0.0,-6.895374041335857,0.0,0.0,0.0,0.0,0.0,0.0
image_00237.png,1,"[0, 0, 0, 0, 0, 0]",237,0.0,-1.3570444638990224,1.2755802162763903,90.0,0.0,-0.640914149799771,0.0,0.0,0.0,0.0,0.0,0.0
image_00238.png,1,"[0, 0, 0, 0, 0, 0]",238,0.0,-3.3003166300665967,5.283163519131152,90.0,0.0,-1.8745363873875545,0.0,0.0,0.0,0.0,0.0,0.0
image_00239.png,1,"[0, 0, 0, 0, 0, 0]",239,0.0,-6.100999198619434,1.3843603543776082,90.0,0.0,-12.049234567803415,0.0,0.0,0.0,0.0,0.0,0.0
image_00240.png,1,"[0, 0, 0, 0, 0, 0]",240,0.0,-1.507360619808395,-1.351995549064473,90.0,0.0,8.976693427008211,0.0,0.0,0.0,0.0,0.0,0.0
image_00241.png,1,"[0, 0, 0, 0, 0, 0]",241,0.0,-2.800239196191953,0.16321347384800422,90.0,0.0,3.5528138849678412,0.0,0.0,0.0,0.0,0.0,0.0
image_00242.png,1,"[0, 0, 0, 0, 0, 0]",242,0.0,4.3918384442054546,2.876546000990629,90.0,0.0,-8.669370155789057,0.0,0.0,0.0,0.0,0.0,0.0
image_00243.png,1,"[0, 0, 0, 0, 0, 0]",243,0.0,-7.16856185396459,-1.967045021517536,90.0,0.0,-3.1954691064967617,0.0,0.0,0.0,0.0,0.0,0.0
image_00244.png,1,"[0, 0, 0, 0, 0, 0]",244,0.0,-5.486806097584719,5.267220476197008,90.0,0.0,5.537265044543022,0.0,0.0,0.0,0.0,0.0,0.0
image_00245.png,1,"[0, 0, 0, 0, 0, 0]",245,0.0,-4.245255369981933,-1.1407273635351771,90.0,0.0,-8.918491769282788,0.0,0.0,0.0,0.0,0.0,0.0
image_00246.png,1,"[0, 0, 0, 0, 0, 0]",246,0.0,10.3826913261139,0.5725944524889748,90.0,0.0,-4.050393131077429,0.0,0.0,0.0,0.0,0.0,0.0
image_00247.png,1,"[0, 0, 0, 0, 0, 0]",247,0.0,-9.103908073587561,0.6699394646424466,90.0,0.0,2.6670248845942752,0.0,0.0,0.0,0.0,0.0,0.0
image_00248.png,1,"[0, 0, 0, 0, 0, 0]",248,0.0,-1.306473620925317,-1.0540222368714418,90.0,0.0,2.597243428281839,0.0,0.0,0.0,0.0,0.0,0.0
image_00249.png,1,"[0, 0, 0, 0, 0, 0]",249,0.0,-5.736677773910458,-1.9299261140721842,90.0,0.0,-1.086908726704608,0.0,0.0,0.0,0.0,0.0,0.0
image_00250.png,1,"[0, 0, 0, 0, 0, 0]",250,0.0,2.7057825924270844,-1.8600393850651322,90.0,0.0,-5.39806844626205,0.0,0.0,0.0,0.0,0.0,0.0
image_00251.png,1,"[0, 0, 0, 0, 0, 0]",251,0.0,8.080463939976354,4.585595788291629,90.0,0.0,12.05264990800859,0.0,0.0,0.0,0.0,0.0,0.0
image_00252.png,1,"[0, 0, 0, 0, 0, 0]",252,0.0,-3.873558130971176,2.2771078385544117,90.0,0.0,14.287221667605303,0.0,0.0,0.0,0.0,0.0,0.0
image_00253.png,1,"[0, 0, 0, 0, 0, 0]",253,0.0,4.382540015358252,-0.07961511115218944,90.0,0.0,8.470946118898606,0.0,0.0,0.0,0.0,0.0,0.0
image_00254.png,1,"[0, 0, 0, 0, 0, 0]",254,0.0,-9.589808393153433,0.42056894216552143,90.0,0.0,0.19779932233374145,0.0,0.0,0.0,0.0,0.0,0.0
image_00255.png,1,"[0, 0, 0, 0, 0, 0]",255,0.0,-3.026479940122158,3.1667309622046824,90.0,0.0,3.7695548510667503,0.0,0.0,0.0,0.0,0.0,0.0
image_00256.png,1,"[0, 0, 0, 0, 0, 0]",256,0.0,-13.432913626574361,3.0296644242625854,90.0,0.0,-0.34822156135442783,0.0,0.0,0.0,0.0,0.0,0.0
image_00257.png,1,"[0, 0, 0, 0, 0, 0]",257,0.0,3.785161778759594,2.7585491601522323,90.0,0.0,-19.31069990458689,0.0,0.0,0.0,0.0,0.0,0.0
image_00258.png,1,"[0, 0, 0, 0, 0, 0]",258,0.0,-8.273709364221233,-0.33751477566362253,90.0,0.0,4.643402025625594,0.0,0.0,0.0,0.0,0.0,0.0
image_00259.png,1,"[0, 0, 0, 0, 0, 0]",259,0.0,-11.91455973405688,5.195270868468357,90.0,0.0,-12.665393421183824,0.0,0.0,0.0,0.0,0.0,0.0
image_00260.png,1,"[0, 0, 0, 0, 0, 0]",260,0.0,7.8169803968149765,5.0810508853345855,90.0,0.0,1.130004380721521,0.0,0.0,0.0,0.0,0.0,0.0
image_00261.png,1,"[0, 0, 0, 0, 0, 0]",261,0.0,11.817773127144378,2.8001474405628457,90.0,0.0,1.0081470660907343,0.0,0.0,0.0,0.0,0.0,0.0
image_00262.png,1,"[0, 0, 0, 0, 0, 0]",262,0.0,-3.3781537905426973,-1.4794888727308255,90.0,0.0,12.527862833089914,0.0,0.0,0.0,0.0,0.0,0.0
image_00263.png,1,"[0, 0, 0, 0, 0, 0]",263,0.0,-10.8396764718117,0.8740851402375425,90.0,0.0,-12.160836090926056,0.0,0.0,0.0,0.0,0.0,0.0
image_00264.png,1,"[0, 0, 0, 0, 0, 0]",264,0.0,-11.11445666131705,0.9363223838419068,90.0,0.0,-6.616787118805152,0.0,0.0,0.0,0.0,0.0,0.0
image_00265.png,1,"[0, 0, 0, 0, 0, 0]",265,0.0,9.175445679696765,-0.015908674127240285,90.0,0.0,-2.885902100505612,0.0,0.0,0.0,0.0,0.0,0.0
image_00266.png,1,"[0, 0, 0, 0, 0, 0]",266,0.0,8.11034031780963,2.375064536947791,90.0,0.0,10.954054282379552,0.0,0.0,0.0,0.0,0.0,0.0
image_00267.png,1,"[0, 0, 0, 0, 0, 0]",267,0.0,-2.4161989012544467,0.8782750234827512,90.0,0.0,6.12231184384067,0.0,0.0,0.0,0.0,0.0,0.0
image_00268.png,1,"[0, 0, 0, 0, 0, 0]",268,0.0,11.909968882583001,0.33440997563918673,90.0,0.0,-0.716235604438028,0.0,0.0,0.0,0.0,0.0,0.0
image_00269.png,1,"[0, 0, 0, 0, 0, 0]",269,0.0,13.98522564400924,2.020003025360995,90.0,0.0,-6.922995963776654,0.0,0.0,0.0,0.0,0.0,0.0
image_00270.png,1,"[0, 0, 0, 0, 0, 0]",270,0.0,11.551451974543276,-0.4837636185177905,90.0,0.0,-3.7143099122229475,0.0,0.0,0.0,0.0,0.0,0.0
image_00271.png,1,"[0, 0, 0, 0, 0, 0]",271,0.0,-10.68661402382206,3.366416960154379,90.0,0.0,-0.13802252872610934,0.0,0.0,0.0,0.0,0.0,0.0
image_00272.png,1,"[0, 0, 0, 0, 0, 0]",272,0.0,9.222154360008986,2.3040139974284815,90.0,0.0,18.395334909217137,0.0,0.0,0.0,0.0,0.0,0.0
image_00273.png,1,"[0, 0, 0, 0, 0, 0]",273,0.0,-1.7943921650592003,4.202298780392138,90.0,0.0,-6.708008994363458,0.0,0.0,0.0,0.0,0.0,0.0
image_00274.png,1,"[0, 0, 0, 0, 0, 0]",274,0.0,-12.492045594855242,0.18151719633259011,90.0,0.0,0.41971533497980695,0.0,0.0,0.0,0.0,0.0,0.0
image_00275.png,1,"[0, 0, 0, 0, 0, 0]",275,0.0,2.629044227436381,4.237755841210031,90.0,0.0,-10.328300899883361,0.0,0.0,0.0,0.0,0.0,0.0
image_00276.png,1,"[0, 0, 0, 0, 0, 0]",276,0.0,7.275002613222199,-1.4313212995381837,90.0,0.0,13.311211569823442,0.0,0.0,0.0,0.0,0.0,0.0
image_00277.png,1,"[0, 0, 0, 0, 0, 0]",277,0.0,12.701267868124852,3.957447645933364,90.0,0.0,-15.065152170645048,0.0,0.0,0.0,0.0,0.0,0.0
image_00278.png,1,"[0, 0, 0, 0, 0, 0]",278,0.0,13.719592673891597,3.7983148689361066,90.0,0.0,0.9209584796577693,0.0,0.0,0.0,0.0,0.0,0.0
image_00279.png,1,"[0, 0, 0, 0, 0, 0]",279,0.0,4.820751551337395,-0.6485526185770536,90.0,0.0,3.689963156467816,0.0,0.0,0.0,0.0,0.0,0.0
image_00280.png,1,"[0, 0, 0, 0, 0, 0]",280,0.0,13.93462681134865,-1.2459397238029637,90.0,0.0,-5.197164729556915,0.0,0.0,0.0,0.0,0.0,0.0
image_00281.png,1,"[0, 0, 0, 0, 0, 0]",281,0.0,-1.1353529722419964,-0.46377956889990113,90.0,0.0,-7.251572128131499,0.0,0.0,0.0,0.0,0.0,0.0
image_00282.png,1,"[0, 0, 0, 0, 0, 0]",282,0.0,4.923846191659251,4.764251432400547,90.0,0.0,-15.38062684146195,0.0,0.0,0.0,0.0,0.0,0.0
image_00283.png,1,"[0, 0, 0, 0, 0, 0]",283,0.0,-10.8085802754659,-1.4025093936603912,90.0,0.0,-0.4797310872389146,0.0,0.0,0.0,0.0,0.0,0.0
image_00284.png,1,"[0, 0, 0, 0, 0, 0]",284,0.0,10.122488707489033,2.499359899250636,90.0,0.0,3.754712655788054,0.0,0.0,0.0,0.0,0.0,0.0
image_00285.png,1,"[0, 0, 0, 0, 0, 0]",285,0.0,0.9385590866808897,-0.8508798753808982,90.0,0.0,17.967076113182326,0.0,0.0,0.0,0.0,0.0,0.0
image_00286.png,1,"[0, 0, 0, 0, 0, 0]",286,0.0,-6.906121240567529,4.473786088743459,90.0,0.0,5.314512696743672,0.0,0.0,0.0,0.0,0.0,0.0
image_00287.png,1,"[0, 0, 0, 0, 0, 0]",287,0.0,-6.665623819444974,2.002775513052642,90.0,0.0,-10.046576888216462,0.0,0.0,0.0,0.0,0.0,0.0
image_00288.png,1,"[0, 0, 0, 0, 0, 0]",288,0.0,1.000029753120728,-0.7513896642395352,90.0,0.0,-10.188519874032796,0.0,0.0,0.0,0.0,0.0,0.0
image_00289.png,1,"[0, 0, 0, 0, 0, 0]",289,0.0,1.8052983392117952,3.1414369432747575,90.0,0.0,-9.161575925740205,0.0,0.0,0.0,0.0,0.0,0.0
image_00290.png,1,"[0, 0, 0, 0, 0, 0]",290,0.0,12.011264492801416,1.1238825476462622,90.0,0.0,-5.315191540120034,0.0,0.0,0.0,0.0,0.0,0.0
image_00291.png,1,"[0, 0, 0, 0, 0, 0]",291,0.0,-12.19697222280297,0.48774097257713134,90.0,0.0,-4.368791537383261,0.0,0.0,0.0,0.0,0.0,0.0
image_00292.png,1,"[0, 0, 0, 0, 0, 0]",292,0.0,-6.7756615659505,2.378079025502516,90.0,0.0,-1.5820225045880447,0.0,0.0,0.0,0.0,0.0,0.0
image_00293.png,1,"[0, 0, 0, 0, 0, 0]",293,0.0,-10.293989410072072,0.9571579278457842,90.0,0.0,-11.276481156699433,0.0,0.0,0.0,0.0,0.0,0.0
image_00294.png,1,"[0, 0, 0, 0, 0, 0]",294,0.0,1.0755529368236125,3.309589220893879,90.0,0.0,10.854622244963663,0.0,0.0,0.0,0.0,0.0,0.0
image_00295.png,1,"[0, 0, 0, 0, 0, 0]",295,0.0,-10.956902394379412,-0.05770820319030401,90.0,0.0,-11.195056555917434,0.0,0.0,0.0,0.0,0.0,0.0
image_00296.png,1,"[0, 0, 0, 0, 0, 0]",296,0.0,-9.784268952562954,0.612096938460879,90.0,0.0,2.8338602064506815,0.0,0.0,0.0,0.0,0.0,0.0
image_00297.png,1,"[0, 0, 0, 0, 0, 0]",297,0.0,11.666433272556503,1.5295126302613635,90.0,0.0,11.716967401940861,0.0,0.0,0.0,0.0,0.0,0.0
image_00298.png,1,"[0, 0, 0, 0, 0, 0]",298,0.0,0.6593685125354085,-1.5582587068748082,90.0,0.0,-0.5426385234748158,0.0,0.0,0.0,0.0,0.0,0.0
image_00299.png,1,"[0, 0, 0, 0, 0, 0]",299,0.0,2.9901273110606894,-0.5738998672349551,90.0,0.0,2.225389918001645,0.0,0.0,0.0,0.0,0.0,0.0
image_00300.png,1,"[0, 0, 0, 0, 0, 0]",300,0.0,2.4487248501391434,3.8229150692413345,90.0,0.0,-3.937130785204624,0.0,0.0,0.0,0.0,0.0,0.0
image_00301.png,1,"[0, 0, 0, 0, 0, 0]",301,0.0,4.768965295305598,1.992360430086494,90.0,0.0,12.425175838855258,0.0,0.0,0.0,0.0,0.0,0.0
image_00302.png,1,"[0, 0, 0, 0, 0, 0]",302,0.0,-6.2954718446002005,-1.0129562803937269,90.0,0.0,-18.899476226743403,0.0,0.0,0.0,0.0,0.0,0.0
image_00303.png,1,"[0, 0, 0, 0, 0, 0]",303,0.0,9.902170381694148,3.6481740614910283,90.0,0.0,3.371603825513951,0.0,0.0,0.0,0.0,0.0,0.0
image_00304.png,1,"[0, 0, 0, 0, 0, 0]",304,0.0,9.366621724257968,0.4700000954767334,90.0,0.0,0.6462137747195006,0.0,0.0,0.0,0.0,0.0,0.0
image_00305.png,1,"[0, 0, 0, 0, 0, 0]",305,0.0,-9.833165088860085,3.6617157290301714,90.0,0.0,10.126212086351156,0.0,0.0,0.0,0.0,0.0,0.0
image_00306.png,1,"[0, 0, 0, 0, 0, 0]",306,0.0,2.793692821519045,3.2713694566184373,90.0,0.0,-1.915401474920268,0.0,0.0,0.0,0.0,0.0,0.0
image_00307.png,1,"[0, 0, 0, 0, 0, 0]",307,0.0,1.2250763981201516,1.431240559074876,90.0,0.0,0.02955545805134988,0.0,0.0,0.0,0.0,0.0,0.0
image_00308.png,1,"[0, 0, 0, 0, 0, 0]",308,0.0,0.21647843813113354,3.16053639574855,90.0,0.0,8.621047514159812,0.0,0.0,0.0,0.0,0.0,0.0
image_00309.png,1,"[0, 0, 0, 0, 0, 0]",309,0.0,-1.4852958588960519,0.8183677699533765,90.0,0.0,3.233961784864245,0.0,0.0,0.0,0.0,0.0,0.0
image_00310.png,1,"[0, 0, 0, 0, 0, 0]",310,0.0,8.523183387203744,1.2491846392986892,90.0,0.0,14.036563220838023,0.0,0.0,0.0,0.0,0.0,0.0
image_00311.png,1,"[0, 0, 0, 0, 0, 0]",311,0.0,8.06687767233187,0.236597845155623,90.0,0.0,5.583387728091318,0.0,0.0,0.0,0.0,0.0,0.0
image_00312.png,1,"[0, 0, 0, 0, 0, 0]",312,0.0,5.297494458666897,-0.39768755558021573,90.0,0.0,4.4377418571256335,0.0,0.0,0.0,0.0,0.0,0.0
image_00313.png,1,"[0, 0, 0, 0, 0, 0]",313,0.0,-1.0721793609586925,3.626827965894644,90.0,0.0,-1.4975591742360717,0.0,0.0,0.0,0.0,0.0,0.0
image_00314.png,1,"[0, 0, 0, 0, 0, 0]",314,0.0,3.3901566190465573,1.882269598492261,90.0,0.0,4.534263292463923,0.0,0.0,0.0,0.0,0.0,0.0
image_00315.png,1,"[0, 0, 0, 0, 0, 0]",315,0.0,4.307582303709253,4.483108355059501,90.0,0.0,-5.256147865051205,0.0,0.0,0.0,0.0,0.0,0.0
image_00316.png,1,"[0, 0, 0, 0, 0, 0]",316,0.0,-13.519935600627292,0.15596702681685448,90.0,0.0,-10.390118443242336,0.0,0.0,0.0,0.0,0.0,0.0
image_00317.png,1,"[0, 0, 0, 0, 0, 0]",317,0.0,1.0988187346098641,1.5854127703918746,90.0,0.0,0.3742329383923606,0.0,0.0,0.0,0.0,0.0,0.0
image_00318.png,1,"[0, 0, 0, 0, 0, 0]",318,0.0,1.780505320089155,-0.9515043611669998,90.0,0.0,0.9412641484635911,0.0,0.0,0.0,0.0,0.0,0.0
image_00319.png,1,"[0, 0, 0, 0, 0, 0]",319,0.0,-10.55541195451083,-1.4169120647969693,90.0,0.0,1.3734072427755355,0.0,0.0,0.0,0.0,0.0,0.0
image_00320.png,1,"[0, 0, 0, 0, 0, 0]",320,0.0,12.081151216046266,-1.7492893097641415,90.0,0.0,-5.282196761196409,0.0,0.0,0.0,0.0,0.0,0.0
image_00321.png,1,"[0, 0, 0, 0, 0, 0]",321,0.0,2.3318772774333354,4.048341741383865,90.0,0.0,18.443173072332407,0.0,0.0,0.0,0.0,0.0,0.0
image_00322.png,1,"[0, 0, 0, 0, 0, 0]",322,0.0,-3.1456640764828805,0.13080348939780206,90.0,0.0,5.7980180182686185,0.0,0.0,0.0,0.0,0.0,0.0
image_00323.png,1,"[0, 0, 0, 0, 0, 0]",323,0.0,-13.272543559440237,0.5998236034551252,90.0,0.0,1.0595398840280834,0.0,0.0,0.0,0.0,0.0,0.0
image_00324.png,1,"[0, 0, 0, 0, 0, 0]",324,0.0,-4.559776208032815,0.7636863935910654,90.0,0.0,10.079137225790587,0.0,0.0,0.0,0.0,0.0,0.0
image_00325.png,1,"[0, 0, 0, 0, 0, 0]",325,0.0,5.327073663361432,-1.5724739077981065,90.0,0.0,-1.78342815436029,0.0,0.0,0.0,0.0,0.0,0.0
image_00326.png,1,"[0, 0, 0, 0, 0, 0]",326,0.0,-7.948844536610025,3.7267717596771766,90.0,0.0,-9.643054815823735,0.0,0.0,0.0,0.0,0.0,0.0
image_00327.png,1,"[0, 0, 0, 0, 0, 0]",327,0.0,7.85630496341804,-1.3842671830050608,90.0,0.0,5.105368350304909,0.0,0.0,0.0,0.0,0.0,0.0
image_00328.png,1,"[0, 0, 0, 0, 0, 0]",328,0.0,-7.497363092187854,2.798332131533507,90.0,0.0,-4.693204161987804,0.0,0.0,0.0,0.0,0.0,0.0
image_00329.png,1,"[0, 0, 0, 0, 0, 0]",329,0.0,3.6339415177620893,1.1205211681310567,90.0,0.0,-17.97832991696346,0.0,0.0,0.0,0.0,0.0,0.0
image_00330.png,1,"[0, 0, 0, 0, 0, 0]",330,0.0,2.070718197749713,3.187226370341949,90.0,0.0,8.261615587117376,0.0,0.0,0.0,0.0,0.0,0.0
image_00331.png,1,"[0, 0, 0, 0, 0, 0]",331,0.0,0.6997467490029337,1.691693427403469,90.0,0.0,12.807225756856415,0.0,0.0,0.0,0.0,0.0,0.0
image_00332.png,1,"[0, 0, 0, 0, 0, 0]",332,0.0,-2.919596691204255,1.1946116936354634,90.0,0.0,-1.1829369208611176,0.0,0.0,0.0,0.0,0.0,0.0
image_00333.png,1,"[0, 0, 0, 0, 0, 0]",333,0.0,7.290996583894213,4.680936066347512,90.0,0.0,-11.72245784897477,0.0,0.0,0.0,0.0,0.0,0.0
image_00334.png,1,"[0, 0, 0, 0, 0, 0]",334,0.0,-10.215475257954779,5.128079627809367,90.0,0.0,8.012215996990035,0.0,0.0,0.0,0.0,0.0,0.0
image_00335.png,1,"[0, 0, 0, 0, 0, 0]",335,0.0,10.305907836013446,2.1824737247483483,90.0,0.0,-8.37345645730223,0.0,0.0,0.0,0.0,0.0,0.0
image_00336.png,1,"[0, 0, 0, 0, 0, 0]",336,0.0,2.1630543630307173,2.9246773662233156,90.0,0.0,1.3505572986842276,0.0,0.0,0.0,0.0,0.0,0.0
image_00337.png,1,"[0, 0, 0, 0, 0, 0]",337,0.0,-8.728446954917942,0.6954964340675245,90.0,0.0,-11.288956180625746,0.0,0.0,0.0,0.0,0.0,0.0
image_00338.png,1,"[0, 0, 0, 0, 0, 0]",338,0.0,-5.366517378934418,3.762239570733441,90.0,0.0,-4.8000613288114025,0.0,0.0,0.0,0.0,0.0,0.0
image_00339.png,1,"[0, 0, 0, 0, 0, 0]",339,0.0,2.8317999184271088,4.7059358959964035,90.0,0.0,2.9865873556219555,0.0,0.0,0.0,0.0,0.0,0.0
image_00340.png,1,"[0, 0, 0, 0, 0, 0]",340,0.0,0.14033382907853564,-0.6472518138607566,90.0,0.0,-0.03596142839784507,0.0,0.0,0.0,0.0,0.0,0.0
image_00341.png,1,"[0, 0, 0, 0, 0, 0]",341,0.0,12.183648648270278,-0.8299625128753569,90.0,0.0,-2.037141529500107,0.0,0.0,0.0,0.0,0.0,0.0
image_00342.png,1,"[0, 0, 0, 0, 0, 0]",342,0.0,-9.22145162197856,4.5436172177306,90.0,0.0,1.4428089488555467,0.0,0.0,0.0,0.0,0.0,0.0
image_00343.png,1,"[0, 0, 0, 0, 0, 0]",343,0.0,-4.310434165376634,2.8732352104242453,90.0,0.0,3.2820484809842583,0.0,0.0,0.0,0.0,0.0,0.0
image_00344.png,1,"[0, 0, 0, 0, 0, 0]",344,0.0,4.107393376347908,1.4693949620218332,90.0,0.0,-3.5059343662856155,0.0,0.0,0.0,0.0,0.0,0.0
image_00345.png,1,"[0, 0, 0, 0, 0, 0]",345,0.0,1.30765683750802,1.3308209200529015,90.0,0.0,-8.309575976925553,0.0,0.0,0.0,0.0,0.0,0.0
image_00346.png,1,"[0, 0, 0, 0, 0, 0]",346,0.0,-13.10459886185619,2.7961279988982053,90.0,0.0,-10.873262408853476,0.0,0.0,0.0,0.0,0.0,0.0
image_00347.png,1,"[0, 0, 0, 0, 0, 0]",347,0.0,3.603375223455892,4.173918903026935,90.0,0.0,-5.747620654236948,0.0,0.0,0.0,0.0,0.0,0.0
image_00348.png,1,"[0, 0, 0, 0, 0, 0]",348,0.0,-3.5542892066279634,0.9033671177217064,90.0,0.0,1.226052048620921,0.0,0.0,0.0,0.0,0.0,0.0
image_00349.png,1,"[0, 0, 0, 0, 0, 0]",349,0.0,3.484291981758929,5.391441493784386,90.0,0.0,8.359537733664919,0.0,0.0,0.0,0.0,0.0,0.0
image_00350.png,1,"[0, 0, 0, 0, 0, 0]",350,0.0,-12.936130020607493,3.4575481665462275,90.0,0.0,1.0981931892073071,0.0,0.0,0.0,0.0,0.0,0.0
image_00351.png,1,"[0, 0, 0, 0, 0, 0]",351,0.0,11.344040739535025,0.0692065979907377,90.0,0.0,-14.019693067249346,0.0,0.0,0.0,0.0,0.0,0.0
image_00352.png,1,"[0, 0, 0, 0, 0, 0]",352,0.0,-11.355588289499835,-0.7021605556947015,90.0,0.0,-4.833435138444064,0.0,0.0,0.0,0.0,0.0,0.0
image_00353.png,1,"[0, 0, 0, 0, 0, 0]",353,0.0,13.70092169033179,5.118757107110844,90.0,0.0,-8.339684083048825,0.0,0.0,0.0,0.0,0.0,0.0
image_00354.png,1,"[0, 0, 0, 0, 0, 0]",354,0.0,5.65303866052119,3.7593768042233533,90.0,0.0,-3.1139836659638584,0.0,0.0,0.0,0.0,0.0,0.0
image_00355.png,1,"[0, 0, 0, 0, 0, 0]",355,0.0,7.018636393656664,0.5886402160444706,90.0,0.0,-12.093654513131836,0.0,0.0,0.0,0.0,0.0,0.0
image_00356.png,1,"[0, 0, 0, 0, 0, 0]",356,0.0,2.6943307231224196,4.616332315358036,90.0,0.0,5.628095202947857,0.0,0.0,0.0,0.0,0.0,0.0
image_00357.png,1,"[0, 0, 0, 0, 0, 0]",357,0.0,-11.4662292329498,4.322645013094786,90.0,0.0,6.164145488445737,0.0,0.0,0.0,0.0,0.0,0.0
image_00358.png,1,"[0, 0, 0, 0, 0, 0]",358,0.0,3.7507433840005433,0.7786724658622792,90.0,0.0,12.00331164422285,0.0,0.0,0.0,0.0,0.0,0.0
image_00359.png,1,"[0, 0, 0, 0, 0, 0]",359,0.0,-5.9924760564437065,-0.9100603542131549,90.0,0.0,-0.6244009202079756,0.0,0.0,0.0,0.0,0.0,0.0
image_00360.png,1,"[0, 0, 0, 0, 0, 0]",360,0.0,4.509402351371648,2.5765267040700746,90.0,0.0,-14.949803108969318,0.0,0.0,0.0,0.0,0.0,0.0
image_00361.png,1,"[0, 0, 0, 0, 0, 0]",361,0.0,-4.680979421706098,3.891352840463605,90.0,0.0,-6.3587253883427515,0.0,0.0,0.0,0.0,0.0,0.0
image_00362.png,1,"[0, 0, 0, 0, 0, 0]",362,0.0,3.138254534512768,-1.7296198861347651,90.0,0.0,3.205984015273036,0.0,0.0,0.0,0.0,0.0,0.0
image_00363.png,1,"[0, 0, 0, 0, 0, 0]",363,0.0,6.435497203921649,4.132290312973526,90.0,0.0,-3.694493491027333,0.0,0.0,0.0,0.0,0.0,0.0
image_00364.png,1,"[0, 0, 0, 0, 0, 0]",364,0.0,-8.146449975951839,5.198143741458952,90.0,0.0,-3.307530143283746,0.0,0.0,0.0,0.0,0.0,0.0
image_00365.png,1,"[0, 0, 0, 0, 0, 0]",365,0.0,13.61987426269335,1.3143056952472696,90.0,0.0,4.384851637884972,0.0,0.0,0.0,0.0,0.0,0.0
image_00366.png,1,"[0, 0, 0, 0, 0, 0]",366,0.0,-8.285722738301928,2.819603543139321,90.0,0.0,-14.12036048425802,0.0,0.0,0.0,0.0,0.0,0.0
image_00367.png,1,"[0, 0, 0, 0, 0, 0]",367,0.0,5.1247044810094025,3.076946225805642,90.0,0.0,-1.0701250308315207,0.0,0.0,0.0,0.0,0.0,0.0
image_00368.png,1,"[0, 0, 0, 0, 0, 0]",368,0.0,5.575035550230339,3.2055357585959445,90.0,0.0,7.273765253443753,0.0,0.0,0.0,0.0,0.0,0.0
image_00369.png,1,"[0, 0, 0, 0, 0, 0]",369,0.0,-6.696681062661767,1.002750856991609,90.0,0.0,2.3229299532669785,0.0,0.0,0.0,0.0,0.0,0.0
image_00370.png,1,"[0, 0, 0, 0, 0, 0]",370,0.0,-6.128996208975721,1.1975757138079226,90.0,0.0,4.139893489041181,0.0,0.0,0.0,0.0,0.0,0.0
image_00371.png,1,"[0, 0, 0, 0, 0, 0]",371,0.0,-12.226181859031684,-0.4625696346609993,90.0,0.0,-6.538006384297757,0.0,0.0,0.0,0.0,0.0,0.0
image_00372.png,1,"[0, 0, 0, 0, 0, 0]",372,0.0,-13.768111571401903,2.6704015457812273,90.0,0.0,-0.3582639001220075,0.0,0.0,0.0,0.0,0.0,0.0
image_00373.png,1,"[0, 0, 0, 0, 0, 0]",373,0.0,2.0860299892506546,3.250462433398046,90.0,0.0,1.9730291864410734,0.0,0.0,0.0,0.0,0.0,0.0
image_00374.png,1,"[0, 0, 0, 0, 0, 0]",374,0.0,-11.186378476304029,2.291085639542593,90.0,0.0,7.76831489184765,0.0,0.0,0.0,0.0,0.0,0.0
image_00375.png,1,"[0, 0, 0, 0, 0, 0]",375,0.0,3.560004299502424,2.741520900959461,90.0,0.0,-20.0,0.0,0.0,0.0,0.0,0.0,0.0
image_00376.png,1,"[0, 0, 0, 0, 0, 0]",376,0.0,12.163926611005941,2.894872539942819,90.0,0.0,-9.356511781890843,0.0,0.0,0.0,0.0,0.0,0.0
image_00377.png,1,"[0, 0, 0, 0, 0, 0]",377,0.0,-1.1481088418200045,4.996921079173068,90.0,0.0,4.031204003871674,0.0,0.0,0.0,0.0,0.0,0.0
image_00378.png,1,"[0, 0, 0, 0, 0, 0]",378,0.0,1.8782425745972517,4.5436601869408975,90.0,0.0,-9.757859826809453,0.0,0.0,0.0,0.0,0.0,0.0
image_00379.png,1,"[0, 0, 0, 0, 0, 0]",379,0.0,3.076198985597621,3.944868950963574,90.0,0.0,2.743144595332703,0.0,0.0,0.0,0.0,0.0,0.0
image_00380.png,1,"[0, 0, 0, 0, 0, 0]",380,0.0,4.645719237711148,0.22985351261352926,90.0,0.0,-9.06842367893891,0.0,0.0,0.0,0.0,0.0,0.0
image_00381.png,1,"[0, 0, 0, 0, 0, 0]",381,0.0,-13.780053868962568,2.2701118138202716,90.0,0.0,-2.595248707856596,0.0,0.0,0.0,0.0,0.0,0.0
image_00382.png,1,"[0, 0, 0, 0, 0, 0]",382,0.0,-10.932928474875396,2.407323716576581,90.0,0.0,-1.126386715594323,0.0,0.0,0.0,0.0,0.0,0.0
image_00383.png,1,"[0, 0, 0, 0, 0, 0]",383,0.0,-2.272618397952982,1.756417719718523,90.0,0.0,-12.5302764013554,0.0,0.0,0.0,0.0,0.0,0.0
image_00384.png,1,"[0, 0, 0, 0, 0, 0]",384,0.0,-0.5446175631322632,0.7624327798367898,90.0,0.0,-4.051462487904561,0.0,0.0,0.0,0.0,0.0,0.0
image_00385.png,1,"[0, 0, 0, 0, 0, 0]",385,0.0,2.748654569095322,1.099729293627425,90.0,0.0,1.4846667140509107,0.0,0.0,0.0,0.0,0.0,0.0
image_00386.png,1,"[0, 0, 0, 0, 0, 0]",386,0.0,-10.813787313020512,0.715805574641271,90.0,0.0,-11.01667248990424,0.0,0.0,0.0,0.0,0.0,0.0
image_00387.png,1,"[0, 0, 0, 0, 0, 0]",387,0.0,1.8846405203324323,3.2073159449694204,90.0,0.0,-14.339597188924651,0.0,0.0,0.0,0.0,0.0,0.0
image_00388.png,1,"[0, 0, 0, 0, 0, 0]",388,0.0,8.840177873738881,-1.8274111677542821,90.0,0.0,0.63823321381222,0.0,0.0,0.0,0.0,0.0,0.0
image_00389.png,1,"[0, 0, 0, 0, 0, 0]",389,0.0,-13.255332493003166,2.6299898300561644,90.0,0.0,-8.143512993360247,0.0,0.0,0.0,0.0,0.0,0.0
image_00390.png,1,"[0, 0, 0, 0, 0, 0]",390,0.0,-2.548600329027394,2.904790355688089,90.0,0.0,5.487603601923019,0.0,0.0,0.0,0.0,0.0,0.0
image_00391.png,1,"[0, 0, 0, 0, 0, 0]",391,0.0,-12.248250049088213,4.984759033762947,90.0,0.0,-7.879311935609481,0.0,0.0,0.0,0.0,0.0,0.0
image_00392.png,1,"[0, 0, 0, 0, 0, 0]",392,0.0,7.899594695503886,4.331077485916836,90.0,0.0,1.8051915762140165,0.0,0.0,0.0,0.0,0.0,0.0
image_00393.png,1,"[0, 0, 0, 0, 0, 0]",393,0.0,12.910099028008787,1.1285244204134872,90.0,0.0,-2.7568101931437163,0.0,0.0,0.0,0.0,0.0,0.0
image_00394.png,1,"[0, 0, 0, 0, 0, 0]",394,0.0,-4.6635846864824515,-0.4556239767938113,90.0,0.0,-1.5734911883096196,0.0,0.0,0.0,0.0,0.0,0.0
image_00395.png,1,"[0, 0, 0, 0, 0, 0]",395,0.0,-12.16266706161504,1.5355591731212215,90.0,0.0,-14.103031384141573,0.0,0.0,0.0,0.0,0.0,0.0
image_00396.png,1,"[0, 0, 0, 0, 0, 0]",396,0.0,3.3833036083116497,1.3140828662280035,90.0,0.0,1.734589974762344,0.0,0.0,0.0,0.0,0.0,0.0
image_00397.png,1,"[0, 0, 0, 0, 0, 0]",397,0.0,-3.040269610602806,-1.401428546463819,90.0,0.0,3.809018743817858,0.0,0.0,0.0,0.0,0.0,0.0
image_00398.png,1,"[0, 0, 0, 0, 0, 0]",398,0.0,-4.9458915929691045,-1.9552138133259327,90.0,0.0,-12.92510383195782,0.0,0.0,0.0,0.0,0.0,0.0
image_00399.png,1,"[0, 0, 0, 0, 0, 0]",399,0.0,-10.54282828289817,4.402810697408386,90.0,0.0,-10.616654616756238,0.0,0.0,0.0,0.0,0.0,0.0
image_00400.png,1,"[0, 0, 0, 0, 0, 0]",400,0.0,-3.5254441019792324,-0.6013935686428415,90.0,0.0,4.596522479451699,0.0,0.0,0.0,0.0,0.0,0.0
image_00401.png,1,"[0, 0, 0, 0, 0, 0]",401,0.0,8.693072350121042,5.150176831099387,90.0,0.0,-12.727410882105593,0.0,0.0,0.0,0.0,0.0,0.0
image_00402.png,1,"[0, 0, 0, 0, 0, 0]",402,0.0,0.7943137088922896,0.20092333894265701,90.0,0.0,-13.295276481075266,0.0,0.0,0.0,0.0,0.0,0.0
image_00403.png,1,"[0, 0, 0, 0, 0, 0]",403,0.0,-1.0900640812060232,-0.6551003501238521,90.0,0.0,13.527250754332387,0.0,0.0,0.0,0.0,0.0,0.0
image_00404.png,1,"[0, 0, 0, 0, 0, 0]",404,0.0,2.1876897260523407,-0.046245414830796916,90.0,0.0,-10.13951045741491,0.0,0.0,0.0,0.0,0.0,0.0
image_00405.png,1,"[0, 0, 0, 0, 0, 0]",405,0.0,7.8141068662200865,1.7063243596067483,90.0,0.0,-14.749657856481003,0.0,0.0,0.0,0.0,0.0,0.0
image_00406.png,1,"[0, 0, 0, 0, 0, 0]",406,0.0,-13.329297538591817,4.222603116428763,90.0,0.0,-1.6944243851301828,0.0,0.0,0.0,0.0,0.0,0.0
image_00407.png,1,"[0, 0, 0, 0, 0, 0]",407,0.0,10.938931991093128,-0.5093477842237732,90.0,0.0,-8.2123447603973,0.0,0.0,0.0,0.0,0.0,0.0
image_00408.png,1,"[0, 0, 0, 0, 0, 0]",408,0.0,-6.651332725081701,4.422712347108256,90.0,0.0,15.125162632832602,0.0,0.0,0.0,0.0,0.0,0.0
image_00409.png,1,"[0, 0, 0, 0, 0, 0]",409,0.0,-9.52872991769064,2.0512421884141485,90.0,0.0,8.24167474392,0.0,0.0,0.0,0.0,0.0,0.0
image_00410.png,1,"[0, 0, 0, 0, 0, 0]",410,0.0,-2.6070436985360956,2.454287909117949,90.0,0.0,11.36324118987635,0.0,0.0,0.0,0.0,0.0,0.0
image_00411.png,1,"[0, 0, 0, 0, 0, 0]",411,0.0,3.125686219689257,3.1684001811037854,90.0,0.0,0.5181279131968033,0.0,0.0,0.0,0.0,0.0,0.0
image_00412.png,1,"[0, 0, 0, 0, 0, 0]",412,0.0,-5.223255070080683,3.7067015144926723,90.0,0.0,-11.151882283794539,0.0,0.0,0.0,0.0,0.0,0.0
image_00413.png,1,"[0, 0, 0, 0, 0, 0]",413,0.0,13.490890531091907,5.344917563373681,90.0,0.0,-10.842740915926154,0.0,0.0,0.0,0.0,0.0,0.0
image_00414.png,1,"[0, 0, 0, 0, 0, 0]",414,0.0,-3.84002568380906,-1.792228330073294,90.0,0.0,2.2417767001492823,0.0,0.0,0.0,0.0,0.0,0.0
image_00415.png,1,"[0, 0, 0, 0, 0, 0]",415,0.0,11.782129517383645,-0.9849366197699634,90.0,0.0,-8.095523460907085,0.0,0.0,0.0,0.0,0.0,0.0
image_00416.png,1,"[0, 0, 0, 0, 0, 0]",416,0.0,-11.287148449003837,1.6078779210809362,90.0,0.0,8.498605204673382,0.0,0.0,0.0,0.0,0.0,0.0
image_00417.png,1,"[0, 0, 0, 0, 0, 0]",417,0.0,-12.479576120719344,4.915294631268315,90.0,0.0,-16.55249407669786,0.0,0.0,0.0,0.0,0.0,0.0
image_00418.png,1,"[0, 0, 0, 0, 0, 0]",418,0.0,-2.006028275351312,4.151012768317406,90.0,0.0,-5.0472431231855115,0.0,0.0,0.0,0.0,0.0,0.0
image_00419.png,1,"[0, 0, 0, 0, 0, 0]",419,0.0,3.048040813092655,4.599191770687775,90.0,0.0,-5.251680101418007,0.0,0.0,0.0,0.0,0.0,0.0
image_00420.png,1,"[0, 0, 0, 0, 0, 0]",420,0.0,-8.247229172081347,5.359990291522337,90.0,0.0,7.532407842752972,0.0,0.0,0.0,0.0,0.0,0.0
image_00421.png,1,"[0, 0, 0, 0, 0, 0]",421,0.0,-12.588239590600793,1.741709358091021,90.0,0.0,-9.909496126297762,0.0,0.0,0.0,0.0,0.0,0.0
image_00422.png,1,"[0, 0, 0, 0, 0, 0]",422,0.0,-11.220683716810868,3.488677979972744,90.0,0.0,-12.257873148675634,0.0,0.0,0.0,0.0,0.0,0.0
image_00423.png,1,"[0, 0, 0, 0, 0, 0]",423,0.0,7.887178647027376,5.409017608356163,90.0,0.0,-6.563522340993168,0.0,0.0,0.0,0.0,0.0,0.0
image_00424.png,1,"[0, 0, 0, 0, 0, 0]",424,0.0,3.5044065211474518,-0.3381535839276739,90.0,0.0,12.55506564610173,0.0,0.0,0.0,0.0,0.0,0.0
image_00425.png,1,"[0, 0, 0, 0, 0, 0]",425,0.0,12.851221412945875,2.8492674057482423,90.0,0.0,7.6395950494779274,0.0,0.0,0.0,0.0,0.0,0.0
image_00426.png,1,"[0, 0, 0, 0, 0, 0]",426,0.0,2.12732767173803,4.332931938110985,90.0,0.0,1.113108227478682,0.0,0.0,0.0,0.0,0.0,0.0
image_00427.png,1,"[0, 0, 0, 0, 0, 0]",427,0.0,-6.151405040172051,2.120295316875354,90.0,0.0,-0.16819370387049956,0.0,0.0,0.0,0.0,0.0,0.0
image_00428.png,1,"[0, 0, 0, 0, 0, 0]",428,0.0,-13.997936787486339,3.4608443725622804,90.0,0.0,3.0347930271844117,0.0,0.0,0.0,0.0,0.0,0.0
image_00429.png,1,"[0, 0, 0, 0, 0, 0]",429,0.0,13.754698500086192,0.2386233161517648,90.0,0.0,-0.3590120116240193,0.0,0.0,0.0,0.0,0.0,0.0
image_00430.png,1,"[0, 0, 0, 0, 0, 0]",430,0.0,7.6376029554159,3.1222859618289878,90.0,0.0,-12.714933711454266,0.0,0.0,0.0,0.0,0.0,0.0
image_00431.png,1,"[0, 0, 0, 0, 0, 0]",431,0.0,-9.256226728470637,5.0797497844187145,90.0,0.0,-2.308191109055875,0.0,0.0,0.0,0.0,0.0,0.0
image_00432.png,1,"[0, 0, 0, 0, 0, 0]",432,0.0,6.674837500081807,1.225256224459185,90.0,0.0,6.7081503220464835,0.0,0.0,0.0,0.0,0.0,0.0
image_00433.png,1,"[0, 0, 0, 0, 0, 0]",433,0.0,-9.763797524572794,5.487413799153361,90.0,0.0,11.569904947084472,0.0,0.0,0.0,0.0,0.0,0.0
image_00434.png,1,"[0, 0, 0, 0, 0, 0]",434,0.0,4.462059055452613,1.7934382151805361,90.0,0.0,4.8130869105107426,0.0,0.0,0.0,0.0,0.0,0.0
image_00435.png,1,"[0, 0, 0, 0, 0, 0]",435,0.0,-3.8263712450271257,-0.40017214971874493,90.0,0.0,2.1771457776242475,0.0,0.0,0.0,0.0,0.0,0.0
image_00436.png,1,"[0, 0, 0, 0, 0, 0]",436,0.0,11.461726911685652,1.0774743812810677,90.0,0.0,6.150364618490972,0.0,0.0,0.0,0.0,0.0,0.0
image_00437.png,1,"[0, 0, 0, 0, 0, 0]",437,0.0,-6.825320247174048,4.197812281385715,90.0,0.0,-3.704449283559986,0.0,0.0,0.0,0.0,0.0,0.0
image_00438.png,1,"[0, 0, 0, 0, 0, 0]",438,0.0,11.376285857862428,5.181070513390109,90.0,0.0,-1.2988050239111122,0.0,0.0,0.0,0.0,0.0,0.0
image_00439.png,1,"[0, 0, 0, 0, 0, 0]",439,0.0,12.351887523485772,-0.2647958352628039,90.0,0.0,-2.1916373095372954,0.0,0.0,0.0,0.0,0.0,0.0
image_00440.png,1,"[0, 0, 0, 0, 0, 0]",440,0.0,0.3077535537189391,4.197058219706052,90.0,0.0,-19.50866083554566,0.0,0.0,0.0,0.0,0.0,0.0
image_00441.png,1,"[0, 0, 0, 0, 0, 0]",441,0.0,-4.750335595975855,-1.5113320977038307,90.0,0.0,7.416008446818599,0.0,0.0,0.0,0.0,0.0,0.0
image_00442.png,1,"[0, 0, 0, 0, 0, 0]",442,0.0,3.6444288946124885,-1.1765752031779966,90.0,0.0,-11.658892742837558,0.0,0.0,0.0,0.0,0.0,0.0
image_00443.png,1,"[0, 0, 0, 0, 0, 0]",443,0.0,-6.670462631752329,1.4794048595879796,90.0,0.0,8.223508826691836,0.0,0.0,0.0,0.0,0.0,0.0
image_00444.png,1,"[0, 0, 0, 0, 0, 0]",444,0.0,0.7341965044284464,-0.028422185313777604,90.0,0.0,-9.076765840763638,0.0,0.0,0.0,0.0,0.0,0.0
image_00445.png,1,"[0, 0, 0, 0, 0, 0]",445,0.0,-8.881950315186003,0.15557748649665326,90.0,0.0,1.9098573551217504,0.0,0.0,0.0,0.0,0.0,0.0
image_00446.png,1,"[0, 0, 0, 0, 0, 0]",446,0.0,-10.536005279882772,-0.5230111121053196,90.0,0.0,-2.861526767663733,0.0,0.0,0.0,0.0,0.0,0.0
image_00447.png,1,"[0, 0, 0, 0, 0, 0]",447,0.0,-1.515612494835196,-1.6384806501717326,90.0,0.0,16.603691214318758,0.0,0.0,0.0,0.0,0.0,0.0
image_00448.png,1,"[0, 0, 0, 0, 0, 0]",448,0.0,8.917325568056626,2.840556516287484,90.0,0.0,-1.3980127938405158,0.0,0.0,0.0,0.0,0.0,0.0
image_00449.png,1,"[0, 0, 0, 0, 0, 0]",449,0.0,5.048304282875591,3.3485766277477644,90.0,0.0,-9.933217164198439,0.0,0.0,0.0,0.0,0.0,0.0
image_00450.png,1,"[0, 0, 0, 0, 0, 0]",450,0.0,7.936093205072318,-1.4145690825701365,90.0,0.0,0.49493142801227497,0.0,0.0,0.0,0.0,0.0,0.0
image_00451.png,1,"[0, 0, 0, 0, 0, 0]",451,0.0,-6.1186076863241965,-0.7323701088423233,90.0,0.0,-8.327380553065401,0.0,0.0,0.0,0.0,0.0,0.0
image_00452.png,1,"[0, 0, 0, 0, 0, 0]",452,0.0,-10.829859899633092,0.5293907728688749,90.0,0.0,3.820046064743278,0.0,0.0,0.0,0.0,0.0,0.0
image_00453.png,1,"[0, 0, 0, 0, 0, 0]",453,0.0,12.820686356463597,-1.9985634393774672,90.0,0.0,3.10078172908022,0.0,0.0,0.0,0.0,0.0,0.0
image_00454.png,1,"[0, 0, 0, 0, 0, 0]",454,0.0,12.602712720213589,2.060045967600672,90.0,0.0,-8.381745574377723,0.0,0.0,0.0,0.0,0.0,0.0
image_00455.png,1,"[0, 0, 0, 0, 0, 0]",455,0.0,9.71459577411455,-1.7267054115184357,90.0,0.0,-3.9291899313967775,0.0,0.0,0.0,0.0,0.0,0.0
image_00456.png,1,"[0, 0, 0, 0, 0, 0]",456,0.0,5.178963807731584,1.1791681011593713,90.0,0.0,-20.0,0.0,0.0,0.0,0.0,0.0,0.0
image_00457.png,1,"[0, 0, 0, 0, 0, 0]",457,0.0,12.941492754392613,3.0574222429652655,90.0,0.0,3.581676368362856,0.0,0.0,0.0,0.0,0.0,0.0
image_00458.png,1,"[0, 0, 0, 0, 0, 0]",458,0.0,-11.13778213176218,4.352591983371739,90.0,0.0,1.1911769094327311,0.0,0.0,0.0,0.0,0.0,0.0
image_00459.png,1,"[0, 0, 0, 0, 0, 0]",459,0.0,13.681617719616384,0.5778217286309784,90.0,0.0,-1.1195096211821796,0.0,0.0,0.0,0.0,0.0,0.0
image_00460.png,1,"[0, 0, 0, 0, 0, 0]",460,0.0,-5.139063585008756,-1.4289805498802115,90.0,0.0,0.8910767585413,0.0,0.0,0.0,0.0,0.0,0.0
image_00461.png,1,"[0, 0, 0, 0, 0, 0]",461,0.0,10.261068861217367,0.44936550745268944,90.0,0.0,2.663175512617826,0.0,0.0,0.0,0.0,0.0,0.0
image_00462.png,1,"[0, 0, 0, 0, 0, 0]",462,0.0,9.892969881792439,0.6052668831819954,90.0,0.0,2.5038447208814407,0.0,0.0,0.0,0.0,0.0,0.0
image_00463.png,1,"[0, 0, 0, 0, 0, 0]",463,0.0,-3.764687667929678,-1.1767805891472185,90.0,0.0,-5.9639812647836346,0.0,0.0,0.0,0.0,0.0,0.0
image_00464.png,1,"[0, 0, 0, 0, 0, 0]",464,0.0,9.962373142957674,4.722647332002566,90.0,0.0,-10.340899788590372,0.0,0.0,0.0,0.0,0.0,0.0
image_00465.png,1,"[0, 0, 0, 0, 0, 0]",465,0.0,0.45355190449830474,0.987618849443952,90.0,0.0,-12.032469522037323,0.0,0.0,0.0,0.0,0.0,0.0
image_00466.png,1,"[0, 0, 0, 0, 0, 0]",466,0.0,13.363577384794787,4.653233412595619,90.0,0.0,-1.7000115605084092,0.0,0.0,0.0,0.0,0.0,0.0
image_00467.png,1,"[0, 0, 0, 0, 0, 0]",467,0.0,-12.608363850076643,3.717271053276213,90.0,0.0,8.31992029369714,0.0,0.0,0.0,0.0,0.0,0.0
image_00468.png,1,"[0, 0, 0, 0, 0, 0]",468,0.0,-9.061133111615348,1.729860233869871,90.0,0.0,-5.8610518464257115,0.0,0.0,0.0,0.0,0.0,0.0
image_00469.png,1,"[0, 0, 0, 0, 0, 0]",469,0.0,-5.878527773726574,1.0192308927984053,90.0,0.0,7.417052175504439,0.0,0.0,0.0,0.0,0.0,0.0
image_00470.png,1,"[0, 0, 0, 0, 0, 0]",470,0.0,8.67492808368344,3.689526939158956,90.0,0.0,0.6082557407921688,0.0,0.0,0.0,0.0,0.0,0.0
image_00471.png,1,"[0, 0, 0, 0, 0, 0]",471,0.0,-7.222221061727367,3.3407462773268835,90.0,0.0,1.9360420665087916,0.0,0.0,0.0,0.0,0.0,0.0
image_00472.png,1,"[0, 0, 0, 0, 0, 0]",472,0.0,-11.623323272532986,4.305582120319944,90.0,0.0,0.5978127468656891,0.0,0.0,0.0,0.0,0.0,0.0
image_00473.png,1,"[0, 0, 0, 0, 0, 0]",473,0.0,11.467567338519373,3.795933179478462,90.0,0.0,-2.756282529773341,0.0,0.0,0.0,0.0,0.0,0.0
image_00474.png,1,"[0, 0, 0, 0, 0, 0]",474,0.0,8.321402026912594,0.728029535224179,90.0,0.0,8.039029783822782,0.0,0.0,0.0,0.0,0.0,0.0
image_00475.png,1,"[0, 0, 0, 0, 0, 0]",475,0.0,-1.575120066768669,3.3974933610446243,90.0,0.0,4.5657115675684885,0.0,0.0,0.0,0.0,0.0,0.0
image_00476.png,1,"[0, 0, 0, 0, 0, 0]",476,0.0,-7.141535812820422,-0.005667221740366379,90.0,0.0,-0.0694387710066566,0.0,0.0,0.0,0.0,0.0,0.0
image_00477.png,1,"[0, 0, 0, 0, 0, 0]",477,0.0,11.735643618145431,1.6758847393774055,90.0,0.0,-4.198464473829036,0.0,0.0,0.0,0.0,0.0,0.0
image_00478.png,1,"[0, 0, 0, 0, 0, 0]",478,0.0,0.1583567062558373,2.937308434556007,90.0,0.0,-0.7314512021716316,0.0,0.0,0.0,0.0,0.0,0.0
image_00479.png,1,"[0, 0, 0, 0, 0, 0]",479,0.0,12.031250202320436,3.3274835345231306,90.0,0.0,6.402148273088666,0.0,0.0,0.0,0.0,0.0,0.0
image_00480.png,1,"[0, 0, 0, 0, 0, 0]",480,0.0,-12.61795482606233,2.5093278439326516,90.0,0.0,2.376516653653748,0.0,0.0,0.0,0.0,0.0,0.0
image_00481.png,1,"[0, 0, 0, 0, 0, 0]",481,0.0,12.207057952373376,-1.8034964487859846,90.0,0.0,11.064783025959548,0.0,0.0,0.0,0.0,0.0,0.0
image_00482.png,1,"[0, 0, 0, 0, 0, 0]",482,0.0,-1.9520111759741354,2.517460546458735,90.0,0.0,-8.507279424556884,0.0,0.0,0.0,0.0,0.0,0.0
image_00483.png,1,"[0, 0, 0, 0, 0, 0]",483,0.0,6.878147767733871,3.599966530693795,90.0,0.0,-8.031090237770156,0.0,0.0,0.0,0.0,0.0,0.0
image_00484.png,1,"[0, 0, 0, 0, 0, 0]",484,0.0,11.522860551478374,-0.27025665114765074,90.0,0.0,11.230668755042542,0.0,0.0,0.0,0.0,0.0,0.0
image_00485.png,1,"[0, 0, 0, 0, 0, 0]",485,0.0,0.23036950946499957,2.5440832885393556,90.0,0.0,1.8745836977251273,0.0,0.0,0.0,0.0,0.0,0.0
image_00486.png,1,"[0, 0, 0, 0, 0, 0]",486,0.0,13.082226522151686,0.5562191462152328,90.0,0.0,-9.42488003395748,0.0,0.0,0.0,0.0,0.0,0.0
image_00487.png,1,"[0, 0, 0, 0, 0, 0]",487,0.0,-13.46905701768975,2.877567589244859,90.0,0.0,3.3375681469632057,0.0,0.0,0.0,0.0,0.0,0.0
image_00488.png,1,"[0, 0, 0, 0, 0, 0]",488,0.0,1.485613710459802,0.619453281759661,90.0,0.0,7.819247545940129,0.0,0.0,0.0,0.0,0.0,0.0
image_00489.png,1,"[0, 0, 0, 0, 0, 0]",489,0.0,10.038395933759631,-1.2181695563633834,90.0,0.0,-10.850263611128922,0.0,0.0,0.0,0.0,0.0,0.0
image_00490.png,1,"[0, 0, 0, 0, 0, 0]",490,0.0,8.247250561406993,3.035492786948498,90.0,0.0,12.50203496138346,0.0,0.0,0.0,0.0,0.0,0.0
image_00491.png,1,"[0, 0, 0, 0, 0, 0]",491,0.0,-3.6875743199626,1.1159556128320052,90.0,0.0,-16.49436277783715,0.0,0.0,0.0,0.0,0.0,0.0
image_00492.png,1,"[0, 0, 0, 0, 0, 0]",492,0.0,12.083687856010165,-1.365002376342059,90.0,0.0,-3.441188474452167,0.0,0.0,0.0,0.0,0.0,0.0
image_00493.png,1,"[0, 0, 0, 0, 0, 0]",493,0.0,-10.817158781570285,3.617737779313625,90.0,0.0,-19.37209730462264,0.0,0.0,0.0,0.0,0.0,0.0
image_00494.png,1,"[0, 0, 0, 0, 0, 0]",494,0.0,-7.367550528839175,3.9971367767245773,90.0,0.0,-4.598859241581437,0.0,0.0,0.0,0.0,0.0,0.0
image_00495.png,1,"[0, 0, 0, 0, 0, 0]",495,0.0,-9.788083334735433,0.9335420346072523,90.0,0.0,-0.7695863223802946,0.0,0.0,0.0,0.0,0.0,0.0
image_00496.png,1,"[0, 0, 0, 0, 0, 0]",496,0.0,10.218362524414658,-1.93368152794888,90.0,0.0,-4.55981620964484,0.0,0.0,0.0,0.0,0.0,0.0
image_00497.png,1,"[0, 0, 0, 0, 0, 0]",497,0.0,-13.575260441247096,-1.4574102719091349,90.0,0.0,8.5963741491495,0.0,0.0,0.0,0.0,0.0,0.0
image_00498.png,1,"[0, 0, 0, 0, 0, 0]",498,0.0,-8.054474530144546,0.9019639747269439,90.0,0.0,-3.9766870718807796,0.0,0.0,0.0,0.0,0.0,0.0
image_00499.png,1,"[0, 0, 0, 0, 0, 0]",499,0.0,-4.0812451458943,5.053954596853686,90.0,0.0,-1.876548159935131,0.0,0.0,0.0,0.0,0.0,0.0
image_00500.png,1,"[0, 0, 0, 0, 0, 0]",500,0.0,-11.765237775923424,-0.9229037094390706,90.0,0.0,5.948967890581698,0.0,0.0,0.0,0.0,0.0,0.0
image_00501.png,1,"[0, 0, 0, 0, 0, 0]",501,0.0,-3.868655735374759,-0.12681005186754835,90.0,0.0,-9.326321959649336,0.0,0.0,0.0,0.0,0.0,0.0
image_00502.png,1,"[0, 0, 0, 0, 0, 0]",502,0.0,10.020787805542,4.359554643069352,90.0,0.0,-4.911852487787338,0.0,0.0,0.0,0.0,0.0,0.0
image_00503.png,1,"[0, 0, 0, 0, 0, 0]",503,0.0,-8.941508905170139,5.166102736829274,90.0,0.0,-0.11334157549965626,0.0,0.0,0.0,0.0,0.0,0.0
image_00504.png,1,"[0, 0, 0, 0, 0, 0]",504,0.0,5.26882235609996,0.4576514902775872,90.0,0.0,9.433319494758225,0.0,0.0,0.0,0.0,0.0,0.0
image_00505.png,1,"[0, 0, 0, 0, 0, 0]",505,0.0,10.875363451858078,1.8913910719962006,90.0,0.0,-6.8797984453855445,0.0,0.0,0.0,0.0,0.0,0.0
image_00506.png,1,"[0, 0, 0, 0, 0, 0]",506,0.0,12.701923325799783,3.330657182016777,90.0,0.0,-1.2415346500000555,0.0,0.0,0.0,0.0,0.0,0.0
image_00507.png,1,"[0, 0, 0, 0, 0, 0]",507,0.0,-0.24231372119477612,1.62739062659048,90.0,0.0,0.13340109952281645,0.0,0.0,0.0,0.0,0.0,0.0
image_00508.png,1,"[0, 0, 0, 0, 0, 0]",508,0.0,-6.687810388421383,-0.6700172436793543,90.0,0.0,0.4666223860031536,0.0,0.0,0.0,0.0,0.0,0.0
image_00509.png,1,"[0, 0, 0, 0, 0, 0]",509,0.0,-9.24101826396813,-0.32447526685292605,90.0,0.0,-18.73507239630338,0.0,0.0,0.0,0.0,0.0,0.0
image_00510.png,1,"[0, 0, 0, 0, 0, 0]",510,0.0,11.369301990619519,3.7940240598893196,90.0,0.0,2.215252475437584,0.0,0.0,0.0,0.0,0.0,0.0
image_00511.png,1,"[0, 0, 0, 0, 0, 0]",511,0.0,5.994912785723685,1.8362987327002682,90.0,0.0,0.16492640011299048,0.0,0.0,0.0,0.0,0.0,0.0
image_00512.png,1,"[0, 0, 0, 0, 0, 0]",512,0.0,-12.89262680950631,4.019308325900057,90.0,0.0,-3.6503270321137213,0.0,0.0,0.0,0.0,0.0,0.0
image_00513.png,1,"[0, 0, 0, 0, 0, 0]",513,0.0,-10.354942503721674,4.579245619861069,90.0,0.0,-20.0,0.0,0.0,0.0,0.0,0.0,0.0
image_00514.png,1,"[0, 0, 0, 0, 0, 0]",514,0.0,0.3415312540987827,3.863037391532097,90.0,0.0,5.778158046454867,0.0,0.0,0.0,0.0,0.0,0.0
image_00515.png,1,"[0, 0, 0, 0, 0, 0]",515,0.0,-6.596312376868951,-1.8240291239176594,90.0,0.0,-3.787654885287545,0.0,0.0,0.0,0.0,0.0,0.0
image_00516.png,1,"[0, 0, 0, 0, 0, 0]",516,0.0,6.445435178486051,-0.33665185433365674,90.0,0.0,-7.100501140889438,0.0,0.0,0.0,0.0,0.0,0.0
image_00517.png,1,"[0, 0, 0, 0, 0, 0]",517,0.0,-1.2225109093487205,-0.6791182385623558,90.0,0.0,-1.1178296344755336,0.0,0.0,0.0,0.0,0.0,0.0
image_00518.png,1,"[0, 0, 0, 0, 0, 0]",518,0.0,-13.692441531888804,-1.937469460125953,90.0,0.0,-20.0,0.0,0.0,0.0,0.0,0.0,0.0
image_00519.png,1,"[0, 0, 0, 0, 0, 0]",519,0.0,-13.216013065028463,4.699677022538497,90.0,0.0,-0.7364139733572332,0.0,0.0,0.0,0.0,0.0,0.0
image_00520.png,1,"[0, 0, 0, 0, 0, 0]",520,0.0,9.328517579455479,-0.037112097320656456,90.0,0.0,-1.3252244777760394,0.0,0.0,0.0,0.0,0.0,0.0
image_00521.png,1,"[0, 0, 0, 0, 0, 0]",521,0.0,5.710451900423294,4.6983990712801225,90.0,0.0,-7.051438520563339,0.0,0.0,0.0,0.0,0.0,0.0
image_00522.png,1,"[0, 0, 0, 0, 0, 0]",522,0.0,8.093486573467274,4.495456688062126,90.0,0.0,2.4299279999441965,0.0,0.0,0.0,0.0,0.0,0.0
image_00523.png,1,"[0, 0, 0, 0, 0, 0]",523,0.0,5.667038126711837,3.622219748860502,90.0,0.0,2.922649943600774,0.0,0.0,0.0,0.0,0.0,0.0
image_00524.png,1,"[0, 0, 0, 0, 0, 0]",524,0.0,-7.210945028836065,4.524901343665959,90.0,0.0,-8.122507041404232,0.0,0.0,0.0,0.0,0.0,0.0
image_00525.png,1,"[0, 0, 0, 0, 0, 0]",525,0.0,-7.408995320490575,3.9078133714208487,90.0,0.0,-2.380407568198861,0.0,0.0,0.0,0.0,0.0,0.0
image_00526.png,1,"[0, 0, 0, 0, 0, 0]",526,0.0,5.708461484468309,3.2202429690979297,90.0,0.0,-16.47004331041146,0.0,0.0,0.0,0.0,0.0,0.0
image_00527.png,1,"[0, 0, 0, 0, 0, 0]",527,0.0,-5.859637890365505,5.0534021303187915,90.0,0.0,-3.61655929984084,0.0,0.0,0.0,0.0,0.0,0.0
image_00528.png,1,"[0, 0, 0, 0, 0, 0]",528,0.0,11.729369044206983,-1.6874521255143087,90.0,0.0,-4.383740607542235,0.0,0.0,0.0,0.0,0.0,0.0
image_00529.png,1,"[0, 0, 0, 0, 0, 0]",529,0.0,-6.924388575859595,2.04436576687867,90.0,0.0,-12.61114476295763,0.0,0.0,0.0,0.0,0.0,0.0
image_00530.png,1,"[0, 0, 0, 0, 0, 0]",530,0.0,0.6543481636379056,2.9782616589806405,90.0,0.0,-0.5927500067066721,0.0,0.0,0.0,0.0,0.0,0.0
image_00531.png,1,"[0, 0, 0, 0, 0, 0]",531,0.0,4.660629384201528,-1.3864969283691164,90.0,0.0,-2.0409583016489936,0.0,0.0,0.0,0.0,0.0,0.0
image_00532.png,1,"[0, 0, 0, 0, 0, 0]",532,0.0,-7.786369425471264,1.964936610770903,90.0,0.0,4.899181452144833,0.0,0.0,0.0,0.0,0.0,0.0
image_00533.png,1,"[0, 0, 0, 0, 0, 0]",533,0.0,2.0347820264311167,-0.09548756042875839,90.0,0.0,5.986147998853068,0.0,0.0,0.0,0.0,0.0,0.0
image_00534.png,1,"[0, 0, 0, 0, 0, 0]",534,0.0,3.873758903889218,4.504266565115481,90.0,0.0,18.044732437008978,0.0,0.0,0.0,0.0,0.0,0.0
image_00535.png,1,"[0, 0, 0, 0, 0, 0]",535,0.0,10.65186237841317,0.5383094908188264,90.0,0.0,-7.880862314664289,0.0,0.0,0.0,0.0,0.0,0.0
image_00536.png,1,"[0, 0, 0, 0, 0, 0]",536,0.0,4.6450086566679545,3.9999571993541867,90.0,0.0,4.5464470358363025,0.0,0.0,0.0,0.0,0.0,0.0
image_00537.png,1,"[0, 0, 0, 0, 0, 0]",537,0.0,-11.221597253732824,0.9013454348828889,90.0,0.0,-8.744291485070473,0.0,0.0,0.0,0.0,0.0,0.0
image_00538.png,1,"[0, 0, 0, 0, 0, 0]",538,0.0,-11.12530242069866,1.9407410503827283,90.0,0.0,2.432813767701971,0.0,0.0,0.0,0.0,0.0,0.0
image_00539.png,1,"[0, 0, 0, 0, 0, 0]",539,0.0,5.768206574978635,2.5034964155372332,90.0,0.0,-3.7284928249951985,0.0,0.0,0.0,0.0,0.0,0.0
image_00540.png,1,"[0, 0, 0, 0, 0, 0]",540,0.0,1.307868983771904,-0.31146926315481793,90.0,0.0,-2.302345781204755,0.0,0.0,0.0,0.0,0.0,0.0
image_00541.png,1,"[0, 0, 0, 0, 0, 0]",541,0.0,-7.546629756857044,2.819899512461456,90.0,0.0,0.07707625297129636,0.0,0.0,0.0,0.0,0.0,0.0
image_00542.png,1,"[0, 0, 0, 0, 0, 0]",542,0.0,4.142128523819807,0.43839072485748254,90.0,0.0,-7.9522531621632675,0.0,0.0,0.0,0.0,0.0,0.0
image_00543.png,1,"[0, 0, 0, 0, 0, 0]",543,0.0,-10.54645514293793,2.0202483881401756,90.0,0.0,10.370746132619521,0.0,0.0,0.0,0.0,0.0,0.0
image_00544.png,1,"[0, 0, 0, 0, 0, 0]",544,0.0,2.5083394105327983,5.1885955960217816,90.0,0.0,-3.314469408445435,0.0,0.0,0.0,0.0,0.0,0.0
image_00545.png,1,"[0, 0, 0, 0, 0, 0]",545,0.0,1.8599470486107137,-0.09349325109157713,90.0,0.0,-12.24850645754614,0.0,0.0,0.0,0.0,0.0,0.0
image_00546.png,1,"[0, 0, 0, 0, 0, 0]",546,0.0,2.9623957826559604,5.147652947090622,90.0,0.0,9.8155313667018,0.0,0.0,0.0,0.0,0.0,0.0
image_00547.png,1,"[0, 0, 0, 0, 0, 0]",547,0.0,2.6364507849916095,4.8407987243975565,90.0,0.0,-2.875771888442754,0.0,0.0,0.0,0.0,0.0,0.0
image_00548.png,1,"[0, 0, 0, 0, 0, 0]",548,0.0,6.760110028000099,2.1558994771466757,90.0,0.0,3.8491943602724232,0.0,0.0,0.0,0.0,0.0,0.0
image_00549.png,1,"[0, 0, 0, 0, 0, 0]",549,0.0,1.9793579032311186,-0.17218442398875777,90.0,0.0,-2.538034441309216,0.0,0.0,0.0,0.0,0.0,0.0
image_00550.png,1,"[0, 0, 0, 0, 0, 0]",550,0.0,2.5375574100968237,2.6033569563176266,90.0,0.0,3.0239070225064095,0.0,0.0,0.0,0.0,0.0,0.0
image_00551.png,1,"[0, 0, 0, 0, 0, 0]",551,0.0,4.967833392624698,1.0936956011637333,90.0,0.0,-0.29717703922732913,0.0,0.0,0.0,0.0,0.0,0.0
image_00552.png,1,"[0, 0, 0, 0, 0, 0]",552,0.0,0.4272924746537825,3.6901175216614073,90.0,0.0,-14.17958293472273,0.0,0.0,0.0,0.0,0.0,0.0
image_00553.png,1,"[0, 0, 0, 0, 0, 0]",553,0.0,5.574996053054456,-0.2373758201212286,90.0,0.0,7.615363744136772,0.0,0.0,0.0,0.0,0.0,0.0
image_00554.png,1,"[0, 0, 0, 0, 0, 0]",554,0.0,-7.680377625795117,0.38338063552622614,90.0,0.0,-6.168461044113214,0.0,0.0,0.0,0.0,0.0,0.0
image_00555.png,1,"[0, 0, 0, 0, 0, 0]",555,0.0,-7.060969632766273,4.706396318268277,90.0,0.0,-0.12924338946879751,0.0,0.0,0.0,0.0,0.0,0.0
image_00556.png,1,"[0, 0, 0, 0, 0, 0]",556,0.0,-0.6621819071607931,-1.3669340524506493,90.0,0.0,0.6401906619544487,0.0,0.0,0.0,0.0,0.0,0.0
image_00557.png,1,"[0, 0, 0, 0, 0, 0]",557,0.0,-1.554576915314854,-1.6462483859871924,90.0,0.0,5.982049330593869,0.0,0.0,0.0,0.0,0.0,0.0
image_00558.png,1,"[0, 0, 0, 0, 0, 0]",558,0.0,0.8880647242827138,0.9513300892180103,90.0,0.0,5.548002647088406,0.0,0.0,0.0,0.0,0.0,0.0
image_00559.png,1,"[0, 0, 0, 0, 0, 0]",559,0.0,-6.783593463397338,2.2883524841124823,90.0,0.0,-3.243066345838079,0.0,0.0,0.0,0.0,0.0,0.0
image_00560.png,1,"[0, 0, 0, 0, 0, 0]",560,0.0,-1.1445775306632697,4.969933301865982,90.0,0.0,4.763332733310938,0.0,0.0,0.0,0.0,0.0,0.0
image_00561.png,1,"[0, 0, 0, 0, 0, 0]",561,0.0,9.772979789302326,3.331027327968153,90.0,0.0,13.16954044614768,0.0,0.0,0.0,0.0,0.0,0.0
image_00562.png,1,"[0, 0, 0, 0, 0, 0]",562,0.0,-5.318291342095009,-0.5377848724494534,90.0,0.0,-0.17012785675978248,0.0,0.0,0.0,0.0,0.0,0.0
image_00563.png,1,"[0, 0, 0, 0, 0, 0]",563,0.0,3.267849762506401,-1.4692724110973447,90.0,0.0,-7.964168092028644,0.0,0.0,0.0,0.0,0.0,0.0
image_00564.png,1,"[0, 0, 0, 0, 0, 0]",564,0.0,11.509146644462575,3.0237988972500647,90.0,0.0,-2.454434110799346,0.0,0.0,0.0,0.0,0.0,0.0
image_00565.png,1,"[0, 0, 0, 0, 0, 0]",565,0.0,5.612289461871278,-1.0701526842777618,90.0,0.0,4.588885627058642,0.0,0.0,0.0,0.0,0.0,0.0
image_00566.png,1,"[0, 0, 0, 0, 0, 0]",566,0.0,-11.512210518448057,-1.650124648231072,90.0,0.0,-8.499666686811093,0.0,0.0,0.0,0.0,0.0,0.0
image_00567.png,1,"[0, 0, 0, 0, 0, 0]",567,0.0,1.813990324438663,-0.7092580299800897,90.0,0.0,4.7984252020975235,0.0,0.0,0.0,0.0,0.0,0.0
image_00568.png,1,"[0, 0, 0, 0, 0, 0]",568,0.0,-7.194257128900318,5.386680284187984,90.0,0.0,-7.700805126274993,0.0,0.0,0.0,0.0,0.0,0.0
image_00569.png,1,"[0, 0, 0, 0, 0, 0]",569,0.0,-7.853077932670061,-0.9067225113230142,90.0,0.0,-10.744784878433952,0.0,0.0,0.0,0.0,0.0,0.0
image_00570.png,1,"[0, 0, 0, 0, 0, 0]",570,0.0,0.9302020003926259,0.5161238787023947,90.0,0.0,1.55890846687817,0.0,0.0,0.0,0.0,0.0,0.0
image_00571.png,1,"[0, 0, 0, 0, 0, 0]",571,0.0,8.476237116628283,3.918470295230261,90.0,0.0,18.57452629478491,0.0,0.0,0.0,0.0,0.0,0.0
image_00572.png,1,"[0, 0, 0, 0, 0, 0]",572,0.0,-4.884781460491297,-1.350277576160674,90.0,0.0,-2.253694204788629,0.0,0.0,0.0,0.0,0.0,0.0
image_00573.png,1,"[0, 0, 0, 0, 0, 0]",573,0.0,0.6528740600885072,3.4662609415861834,90.0,0.0,-14.199662652494931,0.0,0.0,0.0,0.0,0.0,0.0
image_00574.png,1,"[0, 0, 0, 0, 0, 0]",574,0.0,-11.983952118151095,0.8698948143092098,90.0,0.0,-3.752069808620733,0.0,0.0,0.0,0.0,0.0,0.0
image_00575.png,1,"[0, 0, 0, 0, 0, 0]",575,0.0,-7.400960126261921,4.347881513228801,90.0,0.0,9.716943342003448,0.0,0.0,0.0,0.0,0.0,0.0
image_00576.png,1,"[0, 0, 0, 0, 0, 0]",576,0.0,-2.456693618920582,-1.780524009974834,90.0,0.0,7.654899679821691,0.0,0.0,0.0,0.0,0.0,0.0
image_00577.png,1,"[0, 0, 0, 0, 0, 0]",577,0.0,8.482964699650772,3.7669012363641032,90.0,0.0,-9.18199230089233,0.0,0.0,0.0,0.0,0.0,0.0
image_00578.png,1,"[0, 0, 0, 0, 0, 0]",578,0.0,-7.835747337733039,5.401585277379438,90.0,0.0,-10.079972525388753,0.0,0.0,0.0,0.0,0.0,0.0
image_00579.png,1,"[0, 0, 0, 0, 0, 0]",579,0.0,4.561154494494019,2.1945370263440456,90.0,0.0,-2.419091314575023,0.0,0.0,0.0,0.0,0.0,0.0
image_00580.png,1,"[0, 0, 0, 0, 0, 0]",580,0.0,-3.5357065234374474,4.392321997323512,90.0,0.0,-10.725768745842613,0.0,0.0,0.0,0.0,0.0,0.0
image_00581.png,1,"[0, 0, 0, 0, 0, 0]",581,0.0,12.944212276069493,2.787430405465442,90.0,0.0,13.690243944168401,0.0,0.0,0.0,0.0,0.0,0.0
image_00582.png,1,"[0, 0, 0, 0, 0, 0]",582,0.0,0.5490405466185067,0.49952889364148634,90.0,0.0,-4.967869567757048,0.0,0.0,0.0,0.0,0.0,0.0
image_00583.png,1,"[0, 0, 0, 0, 0, 0]",583,0.0,-5.010530666937754,0.31385640517269886,90.0,0.0,-8.294472536291329,0.0,0.0,0.0,0.0,0.0,0.0
image_00584.png,1,"[0, 0, 0, 0, 0, 0]",584,0.0,4.575730912007543,-0.011678833690404566,90.0,0.0,-8.578408812641287,0.0,0.0,0.0,0.0,0.0,0.0
image_00585.png,1,"[0, 0, 0, 0, 0, 0]",585,0.0,9.907920826598456,5.466427056855564,90.0,0.0,-2.458215864217293,0.0,0.0,0.0,0.0,0.0,0.0
image_00586.png,1,"[0, 0, 0, 0, 0, 0]",586,0.0,-8.645394366304458,5.347832934052373,90.0,0.0,7.684857674473966,0.0,0.0,0.0,0.0,0.0,0.0
image_00587.png,1,"[0, 0, 0, 0, 0, 0]",587,0.0,-13.362883349650843,0.6924200734959038,90.0,0.0,6.670735623421647,0.0,0.0,0.0,0.0,0.0,0.0
image_00588.png,1,"[0, 0, 0, 0, 0, 0]",588,0.0,6.292552256082729,0.16139065359525073,90.0,0.0,-1.885544911312229,0.0,0.0,0.0,0.0,0.0,0.0
image_00589.png,1,"[0, 0, 0, 0, 0, 0]",589,0.0,-4.122890274942407,1.737288527403519,90.0,0.0,10.909040950768375,0.0,0.0,0.0,0.0,0.0,0.0
image_00590.png,1,"[0, 0, 0, 0, 0, 0]",590,0.0,3.779660313532794,3.4066706435666774,90.0,0.0,6.880609255684547,0.0,0.0,0.0,0.0,0.0,0.0
image_00591.png,1,"[0, 0, 0, 0, 0, 0]",591,0.0,-2.20920925121483,3.85606690802146,90.0,0.0,0.5891159663465796,0.0,0.0,0.0,0.0,0.0,0.0
image_00592.png,1,"[0, 0, 0, 0, 0, 0]",592,0.0,-3.106857562724983,0.04635159265599631,90.0,0.0,-1.659766669784256,0.0,0.0,0.0,0.0,0.0,0.0
image_00593.png,1,"[0, 0, 0, 0, 0, 0]",593,0.0,-2.327650726761405,2.893475682677691,90.0,0.0,-2.6105722405617744,0.0,0.0,0.0,0.0,0.0,0.0
image_00594.png,1,"[0, 0, 0, 0, 0, 0]",594,0.0,2.6960918505777016,-1.3471657708475826,90.0,0.0,-7.622634752309199,0.0,0.0,0.0,0.0,0.0,0.0
image_00595.png,1,"[0, 0, 0, 0, 0, 0]",595,0.0,-3.3827662645582706,5.443574431189344,90.0,0.0,16.16744821983322,0.0,0.0,0.0,0.0,0.0,0.0
image_00596.png,1,"[0, 0, 0, 0, 0, 0]",596,0.0,-1.6037720180199244,1.0913966730330218,90.0,0.0,-3.9814706299323146,0.0,0.0,0.0,0.0,0.0,0.0
image_00597.png,1,"[0, 0, 0, 0, 0, 0]",597,0.0,-9.051031525149625,4.693296229489427,90.0,0.0,9.029353235238423,0.0,0.0,0.0,0.0,0.0,0.0
image_00598.png,1,"[0, 0, 0, 0, 0, 0]",598,0.0,-8.890077155994007,5.491336181372676,90.0,0.0,-10.547362493891866,0.0,0.0,0.0,0.0,0.0,0.0
image_00599.png,1,"[0, 0, 0, 0, 0, 0]",599,0.0,-5.35720231677962,-1.6338288582951592,90.0,0.0,8.163216392500965,0.0,0.0,0.0,0.0,0.0,0.0
image_00600.png,1,"[0, 0, 0, 0, 0, 0]",600,0.0,1.7784749472647121,1.696579835769871,90.0,0.0,0.36120656986127564,0.0,0.0,0.0,0.0,0.0,0.0
image_00601.png,1,"[0, 0, 0, 0, 0, 0]",601,0.0,11.508981883424433,3.593838708617449,90.0,0.0,-0.3969362006623327,0.0,0.0,0.0,0.0,0.0,0.0
image_00602.png,1,"[0, 0, 0, 0, 0, 0]",602,0.0,-0.2812229610550929,2.716451024427414,90.0,0.0,-15.191218974398595,0.0,0.0,0.0,0.0,0.0,0.0
image_00603.png,1,"[0, 0, 0, 0, 0, 0]",603,0.0,4.823696624478821,2.972160719873653,90.0,0.0,6.698727700700409,0.0,0.0,0.0,0.0,0.0,0.0
image_00604.png,1,"[0, 0, 0, 0, 0, 0]",604,0.0,1.5872368032097768,5.252110737671309,90.0,0.0,0.9118017399738221,0.0,0.0,0.0,0.0,0.0,0.0
image_00605.png,1,"[0, 0, 0, 0, 0, 0]",605,0.0,13.389266092651297,0.9414591594316093,90.0,0.0,-3.466813981532532,0.0,0.0,0.0,0.0,0.0,0.0
image_00606.png,1,"[0, 0, 0, 0, 0, 0]",606,0.0,-13.974788374204977,1.7707418433694215,90.0,0.0,17.091948492008935,0.0,0.0,0.0,0.0,0.0,0.0
image_00607.png,1,"[0, 0, 0, 0, 0, 0]",607,0.0,-6.015687931777691,3.4432375086749323,90.0,0.0,10.224947867639964,0.0,0.0,0.0,0.0,0.0,0.0
image_00608.png,1,"[0, 0, 0, 0, 0, 0]",608,0.0,-1.7989369547208724,0.4744414108010657,90.0,0.0,0.3847009743166418,0.0,0.0,0.0,0.0,0.0,0.0
image_00609.png,1,"[0, 0, 0, 0, 0, 0]",609,0.0,-10.54188636363736,-1.1629349704971006,90.0,0.0,-7.315910240226597,0.0,0.0,0.0,0.0,0.0,0.0
image_00610.png,1,"[0, 0, 0, 0, 0, 0]",610,0.0,6.641708277035683,-0.3104562617389317,90.0,0.0,-17.583374434765897,0.0,0.0,0.0,0.0,0.0,0.0
image_00611.png,1,"[0, 0, 0, 0, 0, 0]",611,0.0,8.823398347137783,-0.07588483369985388,90.0,0.0,-1.7203969771031147,0.0,0.0,0.0,0.0,0.0,0.0
image_00612.png,1,"[0, 0, 0, 0, 0, 0]",612,0.0,7.416804231518739,-1.952728882233906,90.0,0.0,-3.7813504479919704,0.0,0.0,0.0,0.0,0.0,0.0
image_00613.png,1,"[0, 0, 0, 0, 0, 0]",613,0.0,6.917387438486344,-1.1247741848804174,90.0,0.0,4.9632631262074876,0.0,0.0,0.0,0.0,0.0,0.0
image_00614.png,1,"[0, 0, 0, 0, 0, 0]",614,0.0,7.744232139835134,0.6825210617440325,90.0,0.0,-3.1596866180088874,0.0,0.0,0.0,0.0,0.0,0.0
image_00615.png,1,"[0, 0, 0, 0, 0, 0]",615,0.0,-0.8549338885429805,5.047269038180285,90.0,0.0,-11.089501124612893,0.0,0.0,0.0,0.0,0.0,0.0
image_00616.png,1,"[0, 0, 0, 0, 0, 0]",616,0.0,-9.052835532386538,2.5810139498232045,90.0,0.0,0.1260690838463827,0.0,0.0,0.0,0.0,0.0,0.0
image_00617.png,1,"[0, 0, 0, 0, 0, 0]",617,0.0,-1.6252457363543016,3.5158412413828017,90.0,0.0,1.1047312361816655,0.0,0.0,0.0,0.0,0.0,0.0
image_00618.png,1,"[0, 0, 0, 0, 0, 0]",618,0.0,4.459112258205238,3.604741136138151,90.0,0.0,-18.343571182881714,0.0,0.0,0.0,0.0,0.0,0.0
image_00619.png,1,"[0, 0, 0, 0, 0, 0]",619,0.0,6.839755813015046,0.6931559582791933,90.0,0.0,3.5908747455099452,0.0,0.0,0.0,0.0,0.0,0.0
image_00620.png,1,"[0, 0, 0, 0, 0, 0]",620,0.0,11.499100928751012,2.48825839699209,90.0,0.0,-3.2840916920335683,0.0,0.0,0.0,0.0,0.0,0.0
image_00621.png,1,"[0, 0, 0, 0, 0, 0]",621,0.0,-6.826336826839437,3.2243665260964356,90.0,0.0,3.9276770686539444,0.0,0.0,0.0,0.0,0.0,0.0
image_00622.png,1,"[0, 0, 0, 0, 0, 0]",622,0.0,0.4508350276889814,0.5388915486218262,90.0,0.0,1.520666061875556,0.0,0.0,0.0,0.0,0.0,0.0
image_00623.png,1,"[0, 0, 0, 0, 0, 0]",623,0.0,8.493740189614684,2.884686698654633,90.0,0.0,-4.95700343271471,0.0,0.0,0.0,0.0,0.0,0.0
image_00624.png,1,"[0, 0, 0, 0, 0, 0]",624,0.0,-9.38952278813477,3.4853737863856384,90.0,0.0,-3.7098436863162845,0.0,0.0,0.0,0.0,0.0,0.0
image_00625.png,1,"[0, 0, 0, 0, 0, 0]",625,0.0,3.673148908930358,0.9605570273102644,90.0,0.0,3.1232228088513687,0.0,0.0,0.0,0.0,0.0,0.0
image_00626.png,1,"[0, 0, 0, 0, 0, 0]",626,0.0,2.2275107922471307,0.5718248916341433,90.0,0.0,-1.3927729425690452,0.0,0.0,0.0,0.0,0.0,0.0
image_00627.png,1,"[0, 0, 0, 0, 0, 0]",627,0.0,-11.828176627622739,0.13229889153915897,90.0,0.0,8.172845587131293,0.0,0.0,0.0,0.0,0.0,0.0
image_00628.png,1,"[0, 0, 0, 0, 0, 0]",628,0.0,13.578908939606023,5.453668176806088,90.0,0.0,-0.9105644196361734,0.0,0.0,0.0,0.0,0.0,0.0
image_00629.png,1,"[0, 0, 0, 0, 0, 0]",629,0.0,-12.54811189617206,5.434067790243409,90.0,0.0,1.3165136116670868,0.0,0.0,0.0,0.0,0.0,0.0
image_00630.png,1,"[0, 0, 0, 0, 0, 0]",630,0.0,-6.305966885544578,4.953399854383118,90.0,0.0,19.96310594420796,0.0,0.0,0.0,0.0,0.0,0.0
image_00631.png,1,"[0, 0, 0, 0, 0, 0]",631,0.0,-12.186135511011017,-1.3002921624208277,90.0,0.0,-4.441560434410153,0.0,0.0,0.0,0.0,0.0,0.0
image_00632.png,1,"[0, 0, 0, 0, 0, 0]",632,0.0,-10.387769408222582,1.7631909480141714,90.0,0.0,-9.334451751985426,0.0,0.0,0.0,0.0,0.0,0.0
image_00633.png,1,"[0, 0, 0, 0, 0, 0]",633,0.0,-3.021016930807562,0.3052103736502767,90.0,0.0,-14.956196734867651,0.0,0.0,0.0,0.0,0.0,0.0
image_00634.png,1,"[0, 0, 0, 0, 0, 0]",634,0.0,3.983082488798537,1.7994928521737528,90.0,0.0,-6.734656230367579,0.0,0.0,0.0,0.0,0.0,0.0
image_00635.png,1,"[0, 0, 0, 0, 0, 0]",635,0.0,10.944319578570614,0.9963301518583645,90.0,0.0,-4.0704338030231835,0.0,0.0,0.0,0.0,0.0,0.0
image_00636.png,1,"[0, 0, 0, 0, 0, 0]",636,0.0,11.868221207855505,-0.5407219558126126,90.0,0.0,10.801599091670884,0.0,0.0,0.0,0.0,0.0,0.0
image_00637.png,1,"[0, 0, 0, 0, 0, 0]",637,0.0,3.6921904562588566,2.6253048188018377,90.0,0.0,-3.196603464104495,0.0,0.0,0.0,0.0,0.0,0.0
image_00638.png,1,"[0, 0, 0, 0, 0, 0]",638,0.0,-9.128222636930957,1.6692962060094207,90.0,0.0,9.800069379084162,0.0,0.0,0.0,0.0,0.0,0.0
image_00639.png,1,"[0, 0, 0, 0, 0, 0]",639,0.0,10.857178177443103,5.333621448485706,90.0,0.0,8.08674210157678,0.0,0.0,0.0,0.0,0.0,0.0
image_00640.png,1,"[0, 0, 0, 0, 0, 0]",640,0.0,13.811749022838796,1.8657241525272532,90.0,0.0,-0.8282780717080527,0.0,0.0,0.0,0.0,0.0,0.0
image_00641.png,1,"[0, 0, 0, 0, 0, 0]",641,0.0,-5.4149276577781364,-0.1314776029451834,90.0,0.0,10.597872517024078,0.0,0.0,0.0,0.0,0.0,0.0
image_00642.png,1,"[0, 0, 0, 0, 0, 0]",642,0.0,-8.431200371826947,4.0655404925062015,90.0,0.0,-5.155843898639164,0.0,0.0,0.0,0.0,0.0,0.0
image_00643.png,1,"[0, 0, 0, 0, 0, 0]",643,0.0,6.813359559415318,-1.6280584527018216,90.0,0.0,-0.346624715543406,0.0,0.0,0.0,0.0,0.0,0.0
image_00644.png,1,"[0, 0, 0, 0, 0, 0]",644,0.0,-2.0834520092118893,2.697553839625364,90.0,0.0,14.74085485051141,0.0,0.0,0.0,0.0,0.0,0.0
image_00645.png,1,"[0, 0, 0, 0, 0, 0]",645,0.0,-2.5146770607196416,2.122419135483307,90.0,0.0,13.058872283214857,0.0,0.0,0.0,0.0,0.0,0.0
image_00646.png,1,"[0, 0, 0, 0, 0, 0]",646,0.0,9.145460252883531,1.5918735941500302,90.0,0.0,-8.734623321363268,0.0,0.0,0.0,0.0,0.0,0.0
image_00647.png,1,"[0, 0, 0, 0, 0, 0]",647,0.0,6.506850135479446,3.767883355779796,90.0,0.0,-4.71817043127188,0.0,0.0,0.0,0.0,0.0,0.0
image_00648.png,1,"[0, 0, 0, 0, 0, 0]",648,0.0,8.859354884200911,1.9650368439310526,90.0,0.0,-5.136723770602303,0.0,0.0,0.0,0.0,0.0,0.0
image_00649.png,1,"[0, 0, 0, 0, 0, 0]",649,0.0,-9.868678747534204,1.8557507267511442,90.0,0.0,15.334968848022655,0.0,0.0,0.0,0.0,0.0,0.0
image_00650.png,1,"[0, 0, 0, 0, 0, 0]",650,0.0,1.8032049560598509,0.5895906655092267,90.0,0.0,-6.9801340158211165,0.0,0.0,0.0,0.0,0.0,0.0
image_00651.png,1,"[0, 0, 0, 0, 0, 0]",651,0.0,9.482844378999886,2.0708422691719495,90.0,0.0,1.5179611540470137,0.0,0.0,0.0,0.0,0.0,0.0
image_00652.png,1,"[0, 0, 0, 0, 0, 0]",652,0.0,-7.002954311767127,-1.6041805169746528,90.0,0.0,-4.2619621868484625,0.0,0.0,0.0,0.0,0.0,0.0
image_00653.png,1,"[0, 0, 0, 0, 0, 0]",653,0.0,5.227280297187988,-1.7241738015958523,90.0,0.0,3.5006669263242567,0.0,0.0,0.0,0.0,0.0,0.0
image_00654.png,1,"[0, 0, 0, 0, 0, 0]",654,0.0,1.672143849028373,-1.4059454975432135,90.0,0.0,9.013082125812575,0.0,0.0,0.0,0.0,0.0,0.0
image_00655.png,1,"[0, 0, 0, 0, 0, 0]",655,0.0,-8.403266667198409,-0.04456777770789255,90.0,0.0,-5.767631051521901,0.0,0.0,0.0,0.0,0.0,0.0
image_00656.png,1,"[0, 0, 0, 0, 0, 0]",656,0.0,-7.815839364160311,1.3622085949893803,90.0,0.0,4.701105047269148,0.0,0.0,0.0,0.0,0.0,0.0
image_00657.png,1,"[0, 0, 0, 0, 0, 0]",657,0.0,-1.7190587190632414,4.020757839565465,90.0,0.0,12.059399096746887,0.0,0.0,0.0,0.0,0.0,0.0
image_00658.png,1,"[0, 0, 0, 0, 0, 0]",658,0.0,-0.7095351075274721,-0.20661036706514224,90.0,0.0,-0.2388478577985419,0.0,0.0,0.0,0.0,0.0,0.0
image_00659.png,1,"[0, 0, 0, 0, 0, 0]",659,0.0,2.711623677708644,1.2159027221390888,90.0,0.0,-8.544013067599378,0.0,0.0,0.0,0.0,0.0,0.0
image_00660.png,1,"[0, 0, 0, 0, 0, 0]",660,0.0,-4.104868132386031,3.195724064097786,90.0,0.0,-1.5510575014102288,0.0,0.0,0.0,0.0,0.0,0.0
image_00661.png,1,"[0, 0, 0, 0, 0, 0]",661,0.0,-4.990717167137731,5.360663928796306,90.0,0.0,-0.7941967386659904,0.0,0.0,0.0,0.0,0.0,0.0
image_00662.png,1,"[0, 0, 0, 0, 0, 0]",662,0.0,6.190145099964354,-1.2470055378234253,90.0,0.0,-6.179693632096366,0.0,0.0,0.0,0.0,0.0,0.0
image_00663.png,1,"[0, 0, 0, 0, 0, 0]",663,0.0,8.084632916184162,3.9071024495364357,90.0,0.0,0.9067537015054142,0.0,0.0,0.0,0.0,0.0,0.0
image_00664.png,1,"[0, 0, 0, 0, 0, 0]",664,0.0,-0.13080911356993852,-1.0037868675938193,90.0,0.0,-1.743391565437479,0.0,0.0,0.0,0.0,0.0,0.0
image_00665.png,1,"[0, 0, 0, 0, 0, 0]",665,0.0,-10.691771329373069,4.357368760335075,90.0,0.0,0.4157566277724055,0.0,0.0,0.0,0.0,0.0,0.0
image_00666.png,1,"[0, 0, 0, 0, 0, 0]",666,0.0,12.606903672491569,-1.3872980717482362,90.0,0.0,-4.295211064012267,0.0,0.0,0.0,0.0,0.0,0.0
image_00667.png,1,"[0, 0, 0, 0, 0, 0]",667,0.0,2.0566030884010047,-0.531337746152809,90.0,0.0,-8.30470496947361,0.0,0.0,0.0,0.0,0.0,0.0
image_00668.png,1,"[0, 0, 0, 0, 0, 0]",668,0.0,-6.065974638942194,-1.3773061518160905,90.0,0.0,-0.27519981491467005,0.0,0.0,0.0,0.0,0.0,0.0
image_00669.png,1,"[0, 0, 0, 0, 0, 0]",669,0.0,-3.460387113412885,3.1045791072741054,90.0,0.0,0.6367563149239965,0.0,0.0,0.0,0.0,0.0,0.0
image_00670.png,1,"[0, 0, 0, 0, 0, 0]",670,0.0,-10.657330455714458,4.709371506109623,90.0,0.0,-1.622694656150095,0.0,0.0,0.0,0.0,0.0,0.0
image_00671.png,1,"[0, 0, 0, 0, 0, 0]",671,0.0,-7.781359434026442,4.944712784431637,90.0,0.0,-7.069982525889182,0.0,0.0,0.0,0.0,0.0,0.0
image_00672.png,1,"[0, 0, 0, 0, 0, 0]",672,0.0,-1.5661876434462485,-0.9371956292500583,90.0,0.0,-5.329988986429281,0.0,0.0,0.0,0.0,0.0,0.0
image_00673.png,1,"[0, 0, 0, 0, 0, 0]",673,0.0,4.974418214044398,5.198382165163638,90.0,0.0,7.3887363233327745,0.0,0.0,0.0,0.0,0.0,0.0
image_00674.png,1,"[0, 0, 0, 0, 0, 0]",674,0.0,-8.929888398340168,3.5007100257440964,90.0,0.0,-2.4798088813662322,0.0,0.0,0.0,0.0,0.0,0.0
image_00675.png,1,"[0, 0, 0, 0, 0, 0]",675,0.0,-6.901984246053416,3.991268681467875,90.0,0.0,1.8515815157008546,0.0,0.0,0.0,0.0,0.0,0.0
image_00676.png,1,"[0, 0, 0, 0, 0, 0]",676,0.0,7.636888772899809,4.926484354490167,90.0,0.0,5.5712431844736665,0.0,0.0,0.0,0.0,0.0,0.0
image_00677.png,1,"[0, 0, 0, 0, 0, 0]",677,0.0,-0.6378275604732977,1.0725953815972091,90.0,0.0,-4.151509991644147,0.0,0.0,0.0,0.0,0.0,0.0
image_00678.png,1,"[0, 0, 0, 0, 0, 0]",678,0.0,-1.2967218663524136,-1.000292305505161,90.0,0.0,1.7282321325188772,0.0,0.0,0.0,0.0,0.0,0.0
image_00679.png,1,"[0, 0, 0, 0, 0, 0]",679,0.0,9.003660007980066,1.1234966361357053,90.0,0.0,-6.79447399146875,0.0,0.0,0.0,0.0,0.0,0.0
image_00680.png,1,"[0, 0, 0, 0, 0, 0]",680,0.0,-12.126886785953445,3.9684637444382664,90.0,0.0,-0.7291490179151451,0.0,0.0,0.0,0.0,0.0,0.0
image_00681.png,1,"[0, 0, 0, 0, 0, 0]",681,0.0,11.347034268977339,2.7103676083547663,90.0,0.0,2.7731121888500683,0.0,0.0,0.0,0.0,0.0,0.0
image_00682.png,1,"[0, 0, 0, 0, 0, 0]",682,0.0,-3.88339880786954,0.27316428396222525,90.0,0.0,12.701419295339745,0.0,0.0,0.0,0.0,0.0,0.0
image_00683.png,1,"[0, 0, 0, 0, 0, 0]",683,0.0,-13.437335560725856,3.0325560105134244,90.0,0.0,-0.5486327093322063,0.0,0.0,0.0,0.0,0.0,0.0
image_00684.png,1,"[0, 0, 0, 0, 0, 0]",684,0.0,9.165343488822458,0.5697884856223108,90.0,0.0,10.652548265150106,0.0,0.0,0.0,0.0,0.0,0.0
image_00685.png,1,"[0, 0, 0, 0, 0, 0]",685,0.0,1.5195272495545353,0.2225670607644865,90.0,0.0,-1.3396540458668973,0.0,0.0,0.0,0.0,0.0,0.0
image_00686.png,1,"[0, 0, 0, 0, 0, 0]",686,0.0,6.732011871251935,4.276462040508776,90.0,0.0,-2.2860948235846204,0.0,0.0,0.0,0.0,0.0,0.0
image_00687.png,1,"[0, 0, 0, 0, 0, 0]",687,0.0,8.204548877249067,-0.5618235494258823,90.0,0.0,1.933904664955961,0.0,0.0,0.0,0.0,0.0,0.0
image_00688.png,1,"[0, 0, 0, 0, 0, 0]",688,0.0,-9.211577726759685,5.4267377690688745,90.0,0.0,-6.379859415417871,0.0,0.0,0.0,0.0,0.0,0.0
image_00689.png,1,"[0, 0, 0, 0, 0, 0]",689,0.0,-0.0471343297869069,0.7987964915484409,90.0,0.0,-3.0120964917990936,0.0,0.0,0.0,0.0,0.0,0.0
image_00690.png,1,"[0, 0, 0, 0, 0, 0]",690,0.0,12.552470034347664,-1.245085985257151,90.0,0.0,-6.827791750048008,0.0,0.0,0.0,0.0,0.0,0.0
image_00691.png,1,"[0, 0, 0, 0, 0, 0]",691,0.0,-4.915229009299409,-0.12418227054211206,90.0,0.0,-2.064292521172498,0.0,0.0,0.0,0.0,0.0,0.0
image_00692.png,1,"[0, 0, 0, 0, 0, 0]",692,0.0,-2.672301755116834,-1.8963606282751022,90.0,0.0,3.7906427884608833,0.0,0.0,0.0,0.0,0.0,0.0
image_00693.png,1,"[0, 0, 0, 0, 0, 0]",693,0.0,8.126765842873418,-1.4675245051256798,90.0,0.0,-0.6440861215412935,0.0,0.0,0.0,0.0,0.0,0.0
image_00694.png,1,"[0, 0, 0, 0, 0, 0]",694,0.0,-3.5005416841133723,1.859665611743301,90.0,0.0,11.656247525024222,0.0,0.0,0.0,0.0,0.0,0.0
image_00695.png,1,"[0, 0, 0, 0, 0, 0]",695,0.0,11.004004336108764,5.145387385738551,90.0,0.0,8.838043203654708,0.0,0.0,0.0,0.0,0.0,0.0
image_00696.png,1,"[0, 0, 0, 0, 0, 0]",696,0.0,9.933252110593656,-1.5598782266385307,90.0,0.0,11.623409400237282,0.0,0.0,0.0,0.0,0.0,0.0
image_00697.png,1,"[0, 0, 0, 0, 0, 0]",697,0.0,10.505438278745672,-1.5131293760268396,90.0,0.0,-0.05717966731975716,0.0,0.0,0.0,0.0,0.0,0.0
image_00698.png,1,"[0, 0, 0, 0, 0, 0]",698,0.0,-2.5511794118855775,2.573698648228442,90.0,0.0,-1.1349445507760616,0.0,0.0,0.0,0.0,0.0,0.0
image_00699.png,1,"[0, 0, 0, 0, 0, 0]",699,0.0,9.825487903008522,-0.418799784189535,90.0,0.0,4.336058909508245,0.0,0.0,0.0,0.0,0.0,0.0
image_00700.png,1,"[0, 0, 0, 0, 0, 0]",700,0.0,-0.6671688320096791,1.2002073505899347,90.0,0.0,19.3577503064839,0.0,0.0,0.0,0.0,0.0,0.0
image_00701.png,1,"[0, 0, 0, 0, 0, 0]",701,0.0,-8.673710774459693,4.531737466764079,90.0,0.0,-4.630020519107095,0.0,0.0,0.0,0.0,0.0,0.0
image_00702.png,1,"[0, 0, 0, 0, 0, 0]",702,0.0,6.7816701549591585,3.2891438936735655,90.0,0.0,2.8600889603535644,0.0,0.0,0.0,0.0,0.0,0.0
image_00703.png,1,"[0, 0, 0, 0, 0, 0]",703,0.0,9.936539186634214,-1.2873956058873999,90.0,0.0,-2.06486829534295,0.0,0.0,0.0,0.0,0.0,0.0
image_00704.png,1,"[0, 0, 0, 0, 0, 0]",704,0.0,-5.997166709625006,2.1437543888762836,90.0,0.0,-11.042308531050725,0.0,0.0,0.0,0.0,0.0,0.0
image_00705.png,1,"[0, 0, 0, 0, 0, 0]",705,0.0,7.099444280326239,-1.5423436743188064,90.0,0.0,3.830128525920527,0.0,0.0,0.0,0.0,0.0,0.0
image_00706.png,1,"[0, 0, 0, 0, 0, 0]",706,0.0,5.908399577579601,1.8696206447350372,90.0,0.0,0.3010275266711209,0.0,0.0,0.0,0.0,0.0,0.0
image_00707.png,1,"[0, 0, 0, 0, 0, 0]",707,0.0,7.695010892800369,3.7747264672187866,90.0,0.0,14.367949131206947,0.0,0.0,0.0,0.0,0.0,0.0
image_00708.png,1,"[0, 0, 0, 0, 0, 0]",708,0.0,-11.628522060669212,4.353946132612002,90.0,0.0,-12.01672358464684,0.0,0.0,0.0,0.0,0.0,0.0
image_00709.png,1,"[0, 0, 0, 0, 0, 0]",709,0.0,-12.886850777917829,1.8941961066492703,90.0,0.0,-5.808721017035416,0.0,0.0,0.0,0.0,0.0,0.0
image_00710.png,1,"[0, 0, 0, 0, 0, 0]",710,0.0,11.058885552358888,2.073284107966203,90.0,0.0,15.11070480331831,0.0,0.0,0.0,0.0,0.0,0.0
image_00711.png,1,"[0, 0, 0, 0, 0, 0]",711,0.0,10.24331418492337,1.7958812285018508,90.0,0.0,-2.2551908605911115,0.0,0.0,0.0,0.0,0.0,0.0
image_00712.png,1,"[0, 0, 0, 0, 0, 0]",712,0.0,0.9793369350186225,1.2291309101624277,90.0,0.0,-0.6031117797867972,0.0,0.0,0.0,0.0,0.0,0.0
image_00713.png,1,"[0, 0, 0, 0, 0, 0]",713,0.0,-12.291828085118922,4.500847755851076,90.0,0.0,-17.395166606135756,0.0,0.0,0.0,0.0,0.0,0.0
image_00714.png,1,"[0, 0, 0, 0, 0, 0]",714,0.0,9.845964466252028,1.4610218193893014,90.0,0.0,-2.2299440165642004,0.0,0.0,0.0,0.0,0.0,0.0
image_00715.png,1,"[0, 0, 0, 0, 0, 0]",715,0.0,-6.8120573127187924,-0.8826916507370426,90.0,0.0,-7.361447045781015,0.0,0.0,0.0,0.0,0.0,0.0
image_00716.png,1,"[0, 0, 0, 0, 0, 0]",716,0.0,-7.7159992070105545,-0.8663328210346004,90.0,0.0,4.944608495405178,0.0,0.0,0.0,0.0,0.0,0.0
image_00717.png,1,"[0, 0, 0, 0, 0, 0]",717,0.0,-9.26257663313838,-0.2598334900491093,90.0,0.0,-0.3700402359243131,0.0,0.0,0.0,0.0,0.0,0.0
image_00718.png,1,"[0, 0, 0, 0, 0, 0]",718,0.0,-1.9359333157920133,2.7243326768271103,90.0,0.0,6.885088373496367,0.0,0.0,0.0,0.0,0.0,0.0
image_00719.png,1,"[0, 0, 0, 0, 0, 0]",719,0.0,6.85558411131116,-1.3437983303582304,90.0,0.0,6.081260724608712,0.0,0.0,0.0,0.0,0.0,0.0
image_00720.png,1,"[0, 0, 0, 0, 0, 0]",720,0.0,9.162844570141132,3.296295231223046,90.0,0.0,5.503147001399288,0.0,0.0,0.0,0.0,0.0,0.0
image_00721.png,1,"[0, 0, 0, 0, 0, 0]",721,0.0,-9.273244927602306,4.773068981187638,90.0,0.0,-2.055983855418683,0.0,0.0,0.0,0.0,0.0,0.0
image_00722.png,1,"[0, 0, 0, 0, 0, 0]",722,0.0,0.5264637606320619,0.7416162156538313,90.0,0.0,-5.5801676953313235,0.0,0.0,0.0,0.0,0.0,0.0
image_00723.png,1,"[0, 0, 0, 0, 0, 0]",723,0.0,3.4558319129018713,3.6980205799296133,90.0,0.0,-0.22573551894060906,0.0,0.0,0.0,0.0,0.0,0.0
image_00724.png,1,"[0, 0, 0, 0, 0, 0]",724,0.0,5.818822912379943,4.032739636734171,90.0,0.0,6.85894488828544,0.0,0.0,0.0,0.0,0.0,0.0
image_00725.png,1,"[0, 0, 0, 0, 0, 0]",725,0.0,-12.224089961024589,3.1076018152211873,90.0,0.0,3.106195549213298,0.0,0.0,0.0,0.0,0.0,0.0
image_00726.png,1,"[0, 0, 0, 0, 0, 0]",726,0.0,5.483115013105959,4.65659395989624,90.0,0.0,-6.082628093110798,0.0,0.0,0.0,0.0,0.0,0.0
image_00727.png,1,"[0, 0, 0, 0, 0, 0]",727,0.0,3.5025551441698894,2.3916763152078033,90.0,0.0,0.09530787765131174,0.0,0.0,0.0,0.0,0.0,0.0
image_00728.png,1,"[0, 0, 0, 0, 0, 0]",728,0.0,9.11610365713478,-0.8451162063614575,90.0,0.0,-4.710710459932224,0.0,0.0,0.0,0.0,0.0,0.0
image_00729.png,1,"[0, 0, 0, 0, 0, 0]",729,0.0,11.295814050234029,2.727745143795011,90.0,0.0,10.640057501039623,0.0,0.0,0.0,0.0,0.0,0.0
image_00730.png,1,"[0, 0, 0, 0, 0, 0]",730,0.0,13.68978861507609,1.747544820687958,90.0,0.0,-7.153073845915337,0.0,0.0,0.0,0.0,0.0,0.0
image_00731.png,1,"[0, 0, 0, 0, 0, 0]",731,0.0,-11.826510027165014,-0.04857526527984879,90.0,0.0,-20.0,0.0,0.0,0.0,0.0,0.0,0.0
image_00732.png,1,"[0, 0, 0, 0, 0, 0]",732,0.0,9.532947041955723,0.10288939714548562,90.0,0.0,-5.399114498751898,0.0,0.0,0.0,0.0,0.0,0.0
image_00733.png,1,"[0, 0, 0, 0, 0, 0]",733,0.0,6.282247517683857,1.3280086877602404,90.0,0.0,0.2361450552652996,0.0,0.0,0.0,0.0,0.0,0.0
image_00734.png,1,"[0, 0, 0, 0, 0, 0]",734,0.0,-3.701734899174781,2.4239418714372487,90.0,0.0,-18.465818076357024,0.0,0.0,0.0,0.0,0.0,0.0
image_00735.png,1,"[0, 0, 0, 0, 0, 0]",735,0.0,0.5023802760455496,0.28598651259898267,90.0,0.0,-3.938362446820569,0.0,0.0,0.0,0.0,0.0,0.0
image_00736.png,1,"[0, 0, 0, 0, 0, 0]",736,0.0,10.832399911967514,5.490479059151397,90.0,0.0,-1.489496328218364,0.0,0.0,0.0,0.0,0.0,0.0
image_00737.png,1,"[0, 0, 0, 0, 0, 0]",737,0.0,-4.541698495301887,1.1800563443357914,90.0,0.0,-9.805978608157092,0.0,0.0,0.0,0.0,0.0,0.0
image_00738.png,1,"[0, 0, 0, 0, 0, 0]",738,0.0,3.755415857494526,4.812676373270962,90.0,0.0,11.832027244722552,0.0,0.0,0.0,0.0,0.0,0.0
image_00739.png,1,"[0, 0, 0, 0, 0, 0]",739,0.0,-9.184277345435532,0.8063178451861122,90.0,0.0,0.3065927541032849,0.0,0.0,0.0,0.0,0.0,0.0
image_00740.png,1,"[0, 0, 0, 0, 0, 0]",740,0.0,3.376811026770092,4.234622050031139,90.0,0.0,9.427975606519597,0.0,0.0,0.0,0.0,0.0,0.0
image_00741.png,1,"[0, 0, 0, 0, 0, 0]",741,0.0,-8.661493646753897,-0.23935317394561118,90.0,0.0,1.519588337123147,0.0,0.0,0.0,0.0,0.0,0.0
image_00742.png,1,"[0, 0, 0, 0, 0, 0]",742,0.0,-13.510773159387327,1.6546893410219514,90.0,0.0,6.083854040663484,0.0,0.0,0.0,0.0,0.0,0.0
image_00743.png,1,"[0, 0, 0, 0, 0, 0]",743,0.0,-8.844669645864883,-0.6089021113296371,90.0,0.0,8.836203405217095,0.0,0.0,0.0,0.0,0.0,0.0
image_00744.png,1,"[0, 0, 0, 0, 0, 0]",744,0.0,12.530510956674824,4.7951361878500744,90.0,0.0,9.635316288679805,0.0,0.0,0.0,0.0,0.0,0.0
image_00745.png,1,"[0, 0, 0, 0, 0, 0]",745,0.0,-7.090188129773381,-1.4446274233471825,90.0,0.0,-6.76980302964736,0.0,0.0,0.0,0.0,0.0,0.0
image_00746.png,1,"[0, 0, 0, 0, 0, 0]",746,0.0,1.9447624674000537,-1.308009249570275,90.0,0.0,-2.4375967418376394,0.0,0.0,0.0,0.0,0.0,0.0
image_00747.png,1,"[0, 0, 0, 0, 0, 0]",747,0.0,-9.366221161429479,3.9068896668562854,90.0,0.0,-10.677085081856838,0.0,0.0,0.0,0.0,0.0,0.0
image_00748.png,1,"[0, 0, 0, 0, 0, 0]",748,0.0,11.40501475338597,3.047114315997579,90.0,0.0,8.446968494494197,0.0,0.0,0.0,0.0,0.0,0.0
image_00749.png,1,"[0, 0, 0, 0, 0, 0]",749,0.0,-4.555195290104521,5.361289574379014,90.0,0.0,4.937755686928254,0.0,0.0,0.0,0.0,0.0,0.0
image_00750.png,1,"[0, 0, 0, 0, 0, 0]",750,0.0,9.797269845617457,0.6626853007882167,90.0,0.0,-0.8099051166525533,0.0,0.0,0.0,0.0,0.0,0.0
image_00751.png,1,"[0, 0, 0, 0, 0, 0]",751,0.0,10.920969825532637,5.434298054399787,90.0,0.0,1.8804230907153916,0.0,0.0,0.0,0.0,0.0,0.0
image_00752.png,1,"[0, 0, 0, 0, 0, 0]",752,0.0,-8.033655046288942,3.7295826968206818,90.0,0.0,-9.701322943970185,0.0,0.0,0.0,0.0,0.0,0.0
image_00753.png,1,"[0, 0, 0, 0, 0, 0]",753,0.0,-6.743560760315134,5.456496240581836,90.0,0.0,3.1227429087233998,0.0,0.0,0.0,0.0,0.0,0.0
image_00754.png,1,"[0, 0, 0, 0, 0, 0]",754,0.0,9.308841579997548,2.3424146728189017,90.0,0.0,-0.5961672485613796,0.0,0.0,0.0,0.0,0.0,0.0
image_00755.png,1,"[0, 0, 0, 0, 0, 0]",755,0.0,-3.174733536708274,0.18009163087631208,90.0,0.0,-4.712108224842548,0.0,0.0,0.0,0.0,0.0,0.0
image_00756.png,1,"[0, 0, 0, 0, 0, 0]",756,0.0,0.6997376462035874,2.419423864905607,90.0,0.0,-1.023502718750373,0.0,0.0,0.0,0.0,0.0,0.0
image_00757.png,1,"[0, 0, 0, 0, 0, 0]",757,0.0,9.704498511500844,-1.7748115068809733,90.0,0.0,-11.4882261505753,0.0,0.0,0.0,0.0,0.0,0.0
image_00758.png,1,"[0, 0, 0, 0, 0, 0]",758,0.0,9.682407022932082,4.636351881361216,90.0,0.0,3.754512604768918,0.0,0.0,0.0,0.0,0.0,0.0
image_00759.png,1,"[0, 0, 0, 0, 0, 0]",759,0.0,-3.4894545869893037,2.705523403115162,90.0,0.0,-9.534143086101182,0.0,0.0,0.0,0.0,0.0,0.0
image_00760.png,1,"[0, 0, 0, 0, 0, 0]",760,0.0,-13.84875453945358,-0.7138646316224402,90.0,0.0,-13.446747740187591,0.0,0.0,0.0,0.0,0.0,0.0
image_00761.png,1,"[0, 0, 0, 0, 0, 0]",761,0.0,1.1925742632724265,2.7771454935046984,90.0,0.0,-4.296057629797587,0.0,0.0,0.0,0.0,0.0,0.0
image_00762.png,1,"[0, 0, 0, 0, 0, 0]",762,0.0,-13.599037390613631,-0.7131731529387548,90.0,0.0,5.887684282868154,0.0,0.0,0.0,0.0,0.0,0.0
image_00763.png,1,"[0, 0, 0, 0, 0, 0]",763,0.0,7.547473107209967,-1.4269058779598647,90.0,0.0,7.953246696847808,0.0,0.0,0.0,0.0,0.0,0.0
image_00764.png,1,"[0, 0, 0, 0, 0, 0]",764,0.0,0.9793384679703436,1.9206528648139756,90.0,0.0,-1.5245218008286676,0.0,0.0,0.0,0.0,0.0,0.0
image_00765.png,1,"[0, 0, 0, 0, 0, 0]",765,0.0,13.3591092716987,-0.03252922257654123,90.0,0.0,-3.6550340383573925,0.0,0.0,0.0,0.0,0.0,0.0
image_00766.png,1,"[0, 0, 0, 0, 0, 0]",766,0.0,5.582911798976966,-1.5078540319832823,90.0,0.0,5.301390526572459,0.0,0.0,0.0,0.0,0.0,0.0
image_00767.png,1,"[0, 0, 0, 0, 0, 0]",767,0.0,-1.6594381829571887,3.1492905453805875,90.0,0.0,10.644566733294745,0.0,0.0,0.0,0.0,0.0,0.0
image_00768.png,1,"[0, 0, 0, 0, 0, 0]",768,0.0,4.338425474500447,2.347603230160054,90.0,0.0,-5.11707750363478,0.0,0.0,0.0,0.0,0.0,0.0
image_00769.png,1,"[0, 0, 0, 0, 0, 0]",769,0.0,8.3353574282973,0.8124646084403646,90.0,0.0,6.186641674869758,0.0,0.0,0.0,0.0,0.0,0.0
image_00770.png,1,"[0, 0, 0, 0, 0, 0]",770,0.0,-11.083275659068931,-1.9748175182401217,90.0,0.0,8.759810224251401,0.0,0.0,0.0,0.0,0.0,0.0
image_00771.png,1,"[0, 0, 0, 0, 0, 0]",771,0.0,1.9083251159555914,-0.8043560634865046,90.0,0.0,-5.8361695394263755,0.0,0.0,0.0,0.0,0.0,0.0
image_00772.png,1,"[0, 0, 0, 0, 0, 0]",772,0.0,-6.731577863444016,-0.7918842213634609,90.0,0.0,-8.43097828777181,0.0,0.0,0.0,0.0,0.0,0.0
image_00773.png,1,"[0, 0, 0, 0, 0, 0]",773,0.0,9.659761872824788,-0.3539786013168644,90.0,0.0,-6.612146574672961,0.0,0.0,0.0,0.0,0.0,0.0
image_00774.png,1,"[0, 0, 0, 0, 0, 0]",774,0.0,-10.29688721518599,5.482160872424414,90.0,0.0,6.165123341080619,0.0,0.0,0.0,0.0,0.0,0.0
image_00775.png,1,"[0, 0, 0, 0, 0, 0]",775,0.0,-11.393723436093182,2.088307215348026,90.0,0.0,5.030014310974011,0.0,0.0,0.0,0.0,0.0,0.0
image_00776.png,1,"[0, 0, 0, 0, 0, 0]",776,0.0,6.308618051903643,3.9040960885518086,90.0,0.0,2.562849871803803,0.0,0.0,0.0,0.0,0.0,0.0
image_00777.png,1,"[0, 0, 0, 0, 0, 0]",777,0.0,-9.226648829018913,-1.12686133428622,90.0,0.0,7.764103450095387,0.0,0.0,0.0,0.0,0.0,0.0
image_00778.png,1,"[0, 0, 0, 0, 0, 0]",778,0.0,8.002776280707195,-0.4839829089031542,90.0,0.0,-6.057432897375941,0.0,0.0,0.0,0.0,0.0,0.0
image_00779.png,1,"[0, 0, 0, 0, 0, 0]",779,0.0,4.546758675561819,5.477004109639131,90.0,0.0,-0.5111402698083547,0.0,0.0,0.0,0.0,0.0,0.0
image_00780.png,1,"[0, 0, 0, 0, 0, 0]",780,0.0,-3.7133636451468703,-0.9981054829035299,90.0,0.0,-16.927245342931677,0.0,0.0,0.0,0.0,0.0,0.0
image_00781.png,1,"[0, 0, 0, 0, 0, 0]",781,0.0,-0.7332682317485535,1.2198056185573947,90.0,0.0,8.78442597500908,0.0,0.0,0.0,0.0,0.0,0.0
image_00782.png,1,"[0, 0, 0, 0, 0, 0]",782,0.0,12.505816225945267,3.4176897071700996,90.0,0.0,8.660110313035872,0.0,0.0,0.0,0.0,0.0,0.0
image_00783.png,1,"[0, 0, 0, 0, 0, 0]",783,0.0,5.389569681587638,-0.8041451882342303,90.0,0.0,15.545983504581745,0.0,0.0,0.0,0.0,0.0,0.0
image_00784.png,1,"[0, 0, 0, 0, 0, 0]",784,0.0,-3.029001604685,2.1446571849533322,90.0,0.0,4.818048340562103,0.0,0.0,0.0,0.0,0.0,0.0
image_00785.png,1,"[0, 0, 0, 0, 0, 0]",785,0.0,-7.4817779515664995,0.2227140261739904,90.0,0.0,4.23641958092852,0.0,0.0,0.0,0.0,0.0,0.0
image_00786.png,1,"[0, 0, 0, 0, 0, 0]",786,0.0,-6.526892330877374,4.879756981317124,90.0,0.0,-4.768249033766877,0.0,0.0,0.0,0.0,0.0,0.0
image_00787.png,1,"[0, 0, 0, 0, 0, 0]",787,0.0,3.998506329242744,1.8660487956653529,90.0,0.0,-2.1459157579559744,0.0,0.0,0.0,0.0,0.0,0.0
image_00788.png,1,"[0, 0, 0, 0, 0, 0]",788,0.0,5.486569818196344,0.2463298219344061,90.0,0.0,7.799938480502761,0.0,0.0,0.0,0.0,0.0,0.0
image_00789.png,1,"[0, 0, 0, 0, 0, 0]",789,0.0,1.5996858869010495,1.465713261938331,90.0,0.0,17.087833127552088,0.0,0.0,0.0,0.0,0.0,0.0
image_00790.png,1,"[0, 0, 0, 0, 0, 0]",790,0.0,-6.562488361826524,3.3847016653698567,90.0,0.0,1.3306691643989927,0.0,0.0,0.0,0.0,0.0,0.0
image_00791.png,1,"[0, 0, 0, 0, 0, 0]",791,0.0,13.289204290952554,1.5265094718067767,90.0,0.0,-13.44232625456422,0.0,0.0,0.0,0.0,0.0,0.0
image_00792.png,1,"[0, 0, 0, 0, 0, 0]",792,0.0,8.136543815606132,2.5008454786143,90.0,0.0,6.957418654707812,0.0,0.0,0.0,0.0,0.0,0.0
image_00793.png,1,"[0, 0, 0, 0, 0, 0]",793,0.0,-6.604570611507,-1.3367090402121633,90.0,0.0,-5.603545194669731,0.0,0.0,0.0,0.0,0.0,0.0
image_00794.png,1,"[0, 0, 0, 0, 0, 0]",794,0.0,2.0376563604419715,4.712427046747303,90.0,0.0,2.3102600849381942,0.0,0.0,0.0,0.0,0.0,0.0
image_00795.png,1,"[0, 0, 0, 0, 0, 0]",795,0.0,1.4487218228822627,7.606925304459722e-05,90.0,0.0,-5.296188986633566,0.0,0.0,0.0,0.0,0.0,0.0
image_00796.png,1,"[0, 0, 0, 0, 0, 0]",796,0.0,11.257884531758961,2.379149389533679,90.0,0.0,-1.7487514632130297,0.0,0.0,0.0,0.0,0.0,0.0
image_00797.png,1,"[0, 0, 0, 0, 0, 0]",797,0.0,-0.23485973020520134,4.4501764756366065,90.0,0.0,6.645191496568142,0.0,0.0,0.0,0.0,0.0,0.0
image_00798.png,1,"[0, 0, 0, 0, 0, 0]",798,0.0,-12.604598676292198,-0.10081622004964719,90.0,0.0,6.974281115456577,0.0,0.0,0.0,0.0,0.0,0.0
image_00799.png,1,"[0, 0, 0, 0, 0, 0]",799,0.0,-9.47950726884558,-0.8551518703124688,90.0,0.0,-0.7182564536203503,0.0,0.0,0.0,0.0,0.0,0.0
image_00800.png,1,"[0, 0, 0, 0, 0, 0]",800,0.0,-10.07916724102924,4.409804438095828,90.0,0.0,-7.080776501591991,0.0,0.0,0.0,0.0,0.0,0.0
image_00801.png,1,"[0, 0, 0, 0, 0, 0]",801,0.0,11.180444957414402,2.502556244150492,90.0,0.0,-5.775674818419732,0.0,0.0,0.0,0.0,0.0,0.0
image_00802.png,1,"[0, 0, 0, 0, 0, 0]",802,0.0,5.951100915609111,3.708961200862925,90.0,0.0,2.9921946012291984,0.0,0.0,0.0,0.0,0.0,0.0
image_00803.png,1,"[0, 0, 0, 0, 0, 0]",803,0.0,3.9534182751489624,3.3430892154845218,90.0,0.0,10.162001246553213,0.0,0.0,0.0,0.0,0.0,0.0
image_00804.png,1,"[0, 0, 0, 0, 0, 0]",804,0.0,12.497447795294576,0.7386103898977909,90.0,0.0,-4.173412068255024,0.0,0.0,0.0,0.0,0.0,0.0
image_00805.png,1,"[0, 0, 0, 0, 0, 0]",805,0.0,11.369038797801174,-0.723181778141361,90.0,0.0,-9.889667527667843,0.0,0.0,0.0,0.0,0.0,0.0
image_00806.png,1,"[0, 0, 0, 0, 0, 0]",806,0.0,-5.086669360567754,4.058888548446926,90.0,0.0,20.0,0.0,0.0,0.0,0.0,0.0,0.0
image_00807.png,1,"[0, 0, 0, 0, 0, 0]",807,0.0,3.53909426937291,-0.5436399597317871,90.0,0.0,1.8817542932958122,0.0,0.0,0.0,0.0,0.0,0.0
image_00808.png,1,"[0, 0, 0, 0, 0, 0]",808,0.0,-9.661811985344158,-1.8599267350011135,90.0,0.0,-0.25348557322761106,0.0,0.0,0.0,0.0,0.0,0.0
image_00809.png,1,"[0, 0, 0, 0, 0, 0]",809,0.0,4.468951857894012,2.258616544753795,90.0,0.0,-2.0915223798337443,0.0,0.0,0.0,0.0,0.0,0.0
image_00810.png,1,"[0, 0, 0, 0, 0, 0]",810,0.0,12.649881919254526,-0.18583775286627757,90.0,0.0,-10.232302568230809,0.0,0.0,0.0,0.0,0.0,0.0
image_00811.png,1,"[0, 0, 0, 0, 0, 0]",811,0.0,10.120101982448048,2.566748774412848,90.0,0.0,-0.208602938637189,0.0,0.0,0.0,0.0,0.0,0.0
image_00812.png,1,"[0, 0, 0, 0, 0, 0]",812,0.0,9.39593068536987,4.814365736689233,90.0,0.0,-5.415440502796745,0.0,0.0,0.0,0.0,0.0,0.0
image_00813.png,1,"[0, 0, 0, 0, 0, 0]",813,0.0,7.958999230978691,-0.3853034579177206,90.0,0.0,20.0,0.0,0.0,0.0,0.0,0.0,0.0
image_00814.png,1,"[0, 0, 0, 0, 0, 0]",814,0.0,13.463252545455077,3.414276067345826,90.0,0.0,7.9796193628338665,0.0,0.0,0.0,0.0,0.0,0.0
image_00815.png,1,"[0, 0, 0, 0, 0, 0]",815,0.0,-4.151998835584493,-1.9206683643071272,90.0,0.0,-12.343638629936656,0.0,0.0,0.0,0.0,0.0,0.0
image_00816.png,1,"[0, 0, 0, 0, 0, 0]",816,0.0,12.513871556802485,4.3988745334562065,90.0,0.0,13.042668135107627,0.0,0.0,0.0,0.0,0.0,0.0
image_00817.png,1,"[0, 0, 0, 0, 0, 0]",817,0.0,2.299427990028647,2.2637482499457935,90.0,0.0,9.104205165579833,0.0,0.0,0.0,0.0,0.0,0.0
image_00818.png,1,"[0, 0, 0, 0, 0, 0]",818,0.0,-4.6008864391912,5.087357394113286,90.0,0.0,6.532982020825031,0.0,0.0,0.0,0.0,0.0,0.0
image_00819.png,1,"[0, 0, 0, 0, 0, 0]",819,0.0,-9.993480389502992,-1.2982730853469697,90.0,0.0,12.173280558526464,0.0,0.0,0.0,0.0,0.0,0.0
image_00820.png,1,"[0, 0, 0, 0, 0, 0]",820,0.0,-0.6945030380957604,0.13652649325321597,90.0,0.0,-12.546224430965987,0.0,0.0,0.0,0.0,0.0,0.0
image_00821.png,1,"[0, 0, 0, 0, 0, 0]",821,0.0,-3.9423839796564977,-1.4876532553472908,90.0,0.0,1.062012102024394,0.0,0.0,0.0,0.0,0.0,0.0
image_00822.png,1,"[0, 0, 0, 0, 0, 0]",822,0.0,-10.28013458821276,1.7801381714338502,90.0,0.0,-2.219291420555673,0.0,0.0,0.0,0.0,0.0,0.0
image_00823.png,1,"[0, 0, 0, 0, 0, 0]",823,0.0,8.140466181080967,4.6921230597584715,90.0,0.0,-12.348960993579478,0.0,0.0,0.0,0.0,0.0,0.0
image_00824.png,1,"[0, 0, 0, 0, 0, 0]",824,0.0,12.380835017896075,-0.1558954451974508,90.0,0.0,-8.354181177082804,0.0,0.0,0.0,0.0,0.0,0.0
image_00825.png,1,"[0, 0, 0, 0, 0, 0]",825,0.0,1.6312867886383202,-1.0408234520413142,90.0,0.0,-2.8216058738105314,0.0,0.0,0.0,0.0,0.0,0.0
image_00826.png,1,"[0, 0, 0, 0, 0, 0]",826,0.0,4.539596061146355,0.018047815872564765,90.0,0.0,6.987295132826903,0.0,0.0,0.0,0.0,0.0,0.0
image_00827.png,1,"[0, 0, 0, 0, 0, 0]",827,0.0,13.769493332100197,4.071282439531582,90.0,0.0,-3.0591364346758194,0.0,0.0,0.0,0.0,0.0,0.0
image_00828.png,1,"[0, 0, 0, 0, 0, 0]",828,0.0,-5.1984641664382565,4.676907051562518,90.0,0.0,10.780936540218944,0.0,0.0,0.0,0.0,0.0,0.0
image_00829.png,1,"[0, 0, 0, 0, 0, 0]",829,0.0,-5.566793913561327,-1.3592268396756997,90.0,0.0,-10.554420739147714,0.0,0.0,0.0,0.0,0.0,0.0
image_00830.png,1,"[0, 0, 0, 0, 0, 0]",830,0.0,-6.237281659470909,1.4412013645181365,90.0,0.0,11.878610165705268,0.0,0.0,0.0,0.0,0.0,0.0
image_00831.png,1,"[0, 0, 0, 0, 0, 0]",831,0.0,-1.4761691458481607,1.762870292705362,90.0,0.0,-13.548050512813903,0.0,0.0,0.0,0.0,0.0,0.0
image_00832.png,1,"[0, 0, 0, 0, 0, 0]",832,0.0,10.462942721441863,-0.5306850259535048,90.0,0.0,15.796059244239403,0.0,0.0,0.0,0.0,0.0,0.0
image_00833.png,1,"[0, 0, 0, 0, 0, 0]",833,0.0,-8.256498065447204,2.1130801095210687,90.0,0.0,0.32855033314757803,0.0,0.0,0.0,0.0,0.0,0.0
image_00834.png,1,"[0, 0, 0, 0, 0, 0]",834,0.0,4.0837671175313375,-1.646374993302031,90.0,0.0,-0.6842561111676303,0.0,0.0,0.0,0.0,0.0,0.0
image_00835.png,1,"[0, 0, 0, 0, 0, 0]",835,0.0,12.140999740475685,3.2280969663931334,90.0,0.0,-8.142334752734557,0.0,0.0,0.0,0.0,0.0,0.0
image_00836.png,1,"[0, 0, 0, 0, 0, 0]",836,0.0,4.318150181880419,-0.20142671963514713,90.0,0.0,4.142448748033168,0.0,0.0,0.0,0.0,0.0,0.0
image_00837.png,1,"[0, 0, 0, 0, 0, 0]",837,0.0,13.461852664265493,1.9519499132667062,90.0,0.0,-6.2912990924357794,0.0,0.0,0.0,0.0,0.0,0.0
image_00838.png,1,"[0, 0, 0, 0, 0, 0]",838,0.0,11.788172756437405,5.3688717409336775,90.0,0.0,6.021379661398164,0.0,0.0,0.0,0.0,0.0,0.0
image_00839.png,1,"[0, 0, 0, 0, 0, 0]",839,0.0,7.524457167354157,1.3217055879152517,90.0,0.0,7.085662495682445,0.0,0.0,0.0,0.0,0.0,0.0
image_00840.png,1,"[0, 0, 0, 0, 0, 0]",840,0.0,-12.684633184220218,0.22305435975086985,90.0,0.0,-4.614690437762951,0.0,0.0,0.0,0.0,0.0,0.0
image_00841.png,1,"[0, 0, 0, 0, 0, 0]",841,0.0,4.483087335348969,-0.809454773521668,90.0,0.0,12.492910376878756,0.0,0.0,0.0,0.0,0.0,0.0
image_00842.png,1,"[0, 0, 0, 0, 0, 0]",842,0.0,6.675375432489133,2.6155235116650886,90.0,0.0,11.208737988597125,0.0,0.0,0.0,0.0,0.0,0.0
image_00843.png,1,"[0, 0, 0, 0, 0, 0]",843,0.0,2.579466595298612,0.2140873816155544,90.0,0.0,-12.424930249756441,0.0,0.0,0.0,0.0,0.0,0.0
image_00844.png,1,"[0, 0, 0, 0, 0, 0]",844,0.0,-0.686128403254429,2.3296929290253736,90.0,0.0,7.107961681929688,0.0,0.0,0.0,0.0,0.0,0.0
image_00845.png,1,"[0, 0, 0, 0, 0, 0]",845,0.0,-1.4484639836265316,2.984364945832265,90.0,0.0,10.838803853002034,0.0,0.0,0.0,0.0,0.0,0.0
image_00846.png,1,"[0, 0, 0, 0, 0, 0]",846,0.0,5.681941111550543,4.872105818449896,90.0,0.0,7.520068706243231,0.0,0.0,0.0,0.0,0.0,0.0
image_00847.png,1,"[0, 0, 0, 0, 0, 0]",847,0.0,6.742538340561836,-0.5068651859744557,90.0,0.0,7.111203524136738,0.0,0.0,0.0,0.0,0.0,0.0
image_00848.png,1,"[0, 0, 0, 0, 0, 0]",848,0.0,2.8451999447210596,5.156723278847168,90.0,0.0,-11.880779197794654,0.0,0.0,0.0,0.0,0.0,0.0
image_00849.png,1,"[0, 0, 0, 0, 0, 0]",849,0.0,11.95884798324937,-1.3251042781455837,90.0,0.0,15.347387131925858,0.0,0.0,0.0,0.0,0.0,0.0
image_00850.png,1,"[0, 0, 0, 0, 0, 0]",850,0.0,-6.749972882150232,0.08607061562028528,90.0,0.0,2.422879434874511,0.0,0.0,0.0,0.0,0.0,0.0
image_00851.png,1,"[0, 0, 0, 0, 0, 0]",851,0.0,8.729180679220349,-1.7850151127663887,90.0,0.0,-4.759144922457872,0.0,0.0,0.0,0.0,0.0,0.0
image_00852.png,1,"[0, 0, 0, 0, 0, 0]",852,0.0,-3.423532448026002,5.444371199398791,90.0,0.0,-14.2541014630287,0.0,0.0,0.0,0.0,0.0,0.0
image_00853.png,1,"[0, 0, 0, 0, 0, 0]",853,0.0,7.316775797231884,-0.3852236275405083,90.0,0.0,-0.021213333131832282,0.0,0.0,0.0,0.0,0.0,0.0
image_00854.png,1,"[0, 0, 0, 0, 0, 0]",854,0.0,-3.2802048911730566,3.9269648345308097,90.0,0.0,-6.745118802521463,0.0,0.0,0.0,0.0,0.0,0.0
image_00855.png,1,"[0, 0, 0, 0, 0, 0]",855,0.0,-9.452799499696411,4.770305131792361,90.0,0.0,4.473922800321475,0.0,0.0,0.0,0.0,0.0,0.0
image_00856.png,1,"[0, 0, 0, 0, 0, 0]",856,0.0,-8.383653231050786,-1.2616282593609591,90.0,0.0,12.224372887157173,0.0,0.0,0.0,0.0,0.0,0.0
image_00857.png,1,"[0, 0, 0, 0, 0, 0]",857,0.0,-2.767582164372996,-1.6353116881885816,90.0,0.0,19.085787284280244,0.0,0.0,0.0,0.0,0.0,0.0
image_00858.png,1,"[0, 0, 0, 0, 0, 0]",858,0.0,10.32429369489138,3.0457486706585843,90.0,0.0,-11.98350867432386,0.0,0.0,0.0,0.0,0.0,0.0
image_00859.png,1,"[0, 0, 0, 0, 0, 0]",859,0.0,-9.407887346488565,0.5719449969536656,90.0,0.0,3.2315826146376825,0.0,0.0,0.0,0.0,0.0,0.0
image_00860.png,1,"[0, 0, 0, 0, 0, 0]",860,0.0,4.613982506277836,-1.1556076061369582,90.0,0.0,4.264607174886202,0.0,0.0,0.0,0.0,0.0,0.0
image_00861.png,1,"[0, 0, 0, 0, 0, 0]",861,0.0,-2.918612196708885,1.6839678453112832,90.0,0.0,4.286349445489063,0.0,0.0,0.0,0.0,0.0,0.0
image_00862.png,1,"[0, 0, 0, 0, 0, 0]",862,0.0,-10.911494259724861,1.1435404720496218,90.0,0.0,-7.6999479483280675,0.0,0.0,0.0,0.0,0.0,0.0
image_00863.png,1,"[0, 0, 0, 0, 0, 0]",863,0.0,-11.659013896495935,5.477527961986353,90.0,0.0,-3.4188597803643943,0.0,0.0,0.0,0.0,0.0,0.0
image_00864.png,1,"[0, 0, 0, 0, 0, 0]",864,0.0,-4.953144153358565,2.457075080614838,90.0,0.0,-1.1606709443895846,0.0,0.0,0.0,0.0,0.0,0.0
image_00865.png,1,"[0, 0, 0, 0, 0, 0]",865,0.0,8.517472966337493,4.712340832139168,90.0,0.0,10.869579192926627,0.0,0.0,0.0,0.0,0.0,0.0
image_00866.png,1,"[0, 0, 0, 0, 0, 0]",866,0.0,-3.408607648264983,-1.0000227901691354,90.0,0.0,-0.12449290408422233,0.0,0.0,0.0,0.0,0.0,0.0
image_00867.png,1,"[0, 0, 0, 0, 0, 0]",867,0.0,-2.6805576385514343,2.624026037964775,90.0,0.0,2.159541553434237,0.0,0.0,0.0,0.0,0.0,0.0
image_00868.png,1,"[0, 0, 0, 0, 0, 0]",868,0.0,-2.83987646967509,0.9976325628409439,90.0,0.0,-2.533121770230441,0.0,0.0,0.0,0.0,0.0,0.0
image_00869.png,1,"[0, 0, 0, 0, 0, 0]",869,0.0,-7.5805364453949835,-0.5389193504675653,90.0,0.0,2.4377225446863435,0.0,0.0,0.0,0.0,0.0,0.0
image_00870.png,1,"[0, 0, 0, 0, 0, 0]",870,0.0,3.910955224053126,4.474235791694249,90.0,0.0,-4.603582712869562,0.0,0.0,0.0,0.0,0.0,0.0
image_00871.png,1,"[0, 0, 0, 0, 0, 0]",871,0.0,9.131601831949482,0.7633435435025002,90.0,0.0,-9.634787098948056,0.0,0.0,0.0,0.0,0.0,0.0
image_00872.png,1,"[0, 0, 0, 0, 0, 0]",872,0.0,-0.7077961283565131,2.645458932131846,90.0,0.0,0.6689110741714364,0.0,0.0,0.0,0.0,0.0,0.0
image_00873.png,1,"[0, 0, 0, 0, 0, 0]",873,0.0,-2.9044458357705167,4.21134077621894,90.0,0.0,-3.6531978005227126,0.0,0.0,0.0,0.0,0.0,0.0
image_00874.png,1,"[0, 0, 0, 0, 0, 0]",874,0.0,-1.1963417154511404,2.1675290121138158,90.0,0.0,-7.518572460981686,0.0,0.0,0.0,0.0,0.0,0.0
image_00875.png,1,"[0, 0, 0, 0, 0, 0]",875,0.0,0.6372655966450083,0.4303869160010363,90.0,0.0,-3.0894908512376813,0.0,0.0,0.0,0.0,0.0,0.0
image_00876.png,1,"[0, 0, 0, 0, 0, 0]",876,0.0,9.871701687781368,5.0929014525495,90.0,0.0,-2.5387331232357755,0.0,0.0,0.0,0.0,0.0,0.0
image_00877.png,1,"[0, 0, 0, 0, 0, 0]",877,0.0,-11.687661049290355,-1.8036571955243856,90.0,0.0,-8.398176713211027,0.0,0.0,0.0,0.0,0.0,0.0
image_00878.png,1,"[0, 0, 0, 0, 0, 0]",878,0.0,6.763641916466298,3.7963137296924154,90.0,0.0,-5.182691737869444,0.0,0.0,0.0,0.0,0.0,0.0
image_00879.png,1,"[0, 0, 0, 0, 0, 0]",879,0.0,-1.1154941848415945,1.934555394246976,90.0,0.0,10.677532452202616,0.0,0.0,0.0,0.0,0.0,0.0
image_00880.png,1,"[0, 0, 0, 0, 0, 0]",880,0.0,8.07517399284081,-0.7378242829148043,90.0,0.0,-1.0968880403045262,0.0,0.0,0.0,0.0,0.0,0.0
image_00881.png,1,"[0, 0, 0, 0, 0, 0]",881,0.0,-13.913456883671046,-0.41491322238192163,90.0,0.0,-3.2613137952607363,0.0,0.0,0.0,0.0,0.0,0.0
image_00882.png,1,"[0, 0, 0, 0, 0, 0]",882,0.0,-6.022207581810818,-0.9805183919831779,90.0,0.0,-3.85880544121059,0.0,0.0,0.0,0.0,0.0,0.0
image_00883.png,1,"[0, 0, 0, 0, 0, 0]",883,0.0,-5.835435853668386,1.3236731226900522,90.0,0.0,-2.72482096784418,0.0,0.0,0.0,0.0,0.0,0.0
image_00884.png,1,"[0, 0, 0, 0, 0, 0]",884,0.0,-10.771090045161912,-1.4427164335380915,90.0,0.0,1.2690640099280677,0.0,0.0,0.0,0.0,0.0,0.0
image_00885.png,1,"[0, 0, 0, 0, 0, 0]",885,0.0,-4.60235296539463,-1.914006688813226,90.0,0.0,9.181745406063305,0.0,0.0,0.0,0.0,0.0,0.0
image_00886.png,1,"[0, 0, 0, 0, 0, 0]",886,0.0,5.453952962868392,2.4853413904218282,90.0,0.0,-10.191595228835176,0.0,0.0,0.0,0.0,0.0,0.0
image_00887.png,1,"[0, 0, 0, 0, 0, 0]",887,0.0,-1.8751996684213736,1.4575166790403196,90.0,0.0,-5.943617841109889,0.0,0.0,0.0,0.0,0.0,0.0
image_00888.png,1,"[0, 0, 0, 0, 0, 0]",888,0.0,-4.8984254501799285,-1.8449197463698805,90.0,0.0,-0.7528513850248616,0.0,0.0,0.0,0.0,0.0,0.0
image_00889.png,1,"[0, 0, 0, 0, 0, 0]",889,0.0,-13.502375367882635,4.148685963248207,90.0,0.0,2.8241246334703427,0.0,0.0,0.0,0.0,0.0,0.0
image_00890.png,1,"[0, 0, 0, 0, 0, 0]",890,0.0,8.502649059998177,-1.3686572286006877,90.0,0.0,4.4309165833319915,0.0,0.0,0.0,0.0,0.0,0.0
image_00891.png,1,"[0, 0, 0, 0, 0, 0]",891,0.0,-11.935002471062518,4.066681710591111,90.0,0.0,-5.211860429298678,0.0,0.0,0.0,0.0,0.0,0.0
image_00892.png,1,"[0, 0, 0, 0, 0, 0]",892,0.0,-11.925104097321125,3.2959028831107196,90.0,0.0,-9.817568064782208,0.0,0.0,0.0,0.0,0.0,0.0
image_00893.png,1,"[0, 0, 0, 0, 0, 0]",893,0.0,11.556954673246118,1.6333573976020967,90.0,0.0,-4.262456883131475,0.0,0.0,0.0,0.0,0.0,0.0
image_00894.png,1,"[0, 0, 0, 0, 0, 0]",894,0.0,-12.040412886361636,2.641510571600861,90.0,0.0,-1.432249773278545,0.0,0.0,0.0,0.0,0.0,0.0
image_00895.png,1,"[0, 0, 0, 0, 0, 0]",895,0.0,6.691896366659265,-1.8591934570761,90.0,0.0,-2.3988112465453573,0.0,0.0,0.0,0.0,0.0,0.0
image_00896.png,1,"[0, 0, 0, 0, 0, 0]",896,0.0,10.773439636837693,-1.747584635190334,90.0,0.0,-14.182334238966806,0.0,0.0,0.0,0.0,0.0,0.0
image_00897.png,1,"[0, 0, 0, 0, 0, 0]",897,0.0,-9.52308604914245,4.706123347407743,90.0,0.0,1.9979014078062463,0.0,0.0,0.0,0.0,0.0,0.0
image_00898.png,1,"[0, 0, 0, 0, 0, 0]",898,0.0,-4.809739585403335,-1.611197285533317,90.0,0.0,-3.2106763936061387,0.0,0.0,0.0,0.0,0.0,0.0
image_00899.png,1,"[0, 0, 0, 0, 0, 0]",899,0.0,5.219513143856901,-0.4139124654648578,90.0,0.0,-5.9713739828220325,0.0,0.0,0.0,0.0,0.0,0.0
image_00900.png,1,"[0, 0, 0, 0, 0, 0]",900,0.0,6.745890455950715,1.833147389770755,90.0,0.0,14.464923154594915,0.0,0.0,0.0,0.0,0.0,0.0
image_00901.png,1,"[0, 0, 0, 0, 0, 0]",901,0.0,-4.001652925566447,4.2143914580581585,90.0,0.0,5.1442289328974296,0.0,0.0,0.0,0.0,0.0,0.0
image_00902.png,1,"[0, 0, 0, 0, 0, 0]",902,0.0,-10.244664756054974,5.10939821613657,90.0,0.0,-0.816852728115035,0.0,0.0,0.0,0.0,0.0,0.0
image_00903.png,1,"[0, 0, 0, 0, 0, 0]",903,0.0,-5.377111624802282,1.0158294697604306,90.0,0.0,-6.223679566473086,0.0,0.0,0.0,0.0,0.0,0.0
image_00904.png,1,"[0, 0, 0, 0, 0, 0]",904,0.0,-8.860784524505334,4.439869862104925,90.0,0.0,2.516364799172454,0.0,0.0,0.0,0.0,0.0,0.0
image_00905.png,1,"[0, 0, 0, 0, 0, 0]",905,0.0,-2.3103212001731492,-1.3732209998030478,90.0,0.0,-11.24166782096978,0.0,0.0,0.0,0.0,0.0,0.0
image_00906.png,1,"[0, 0, 0, 0, 0, 0]",906,0.0,10.146285712885998,-0.9449410255922148,90.0,0.0,15.168153524814807,0.0,0.0,0.0,0.0,0.0,0.0
image_00907.png,1,"[0, 0, 0, 0, 0, 0]",907,0.0,3.1308053692279856,2.8714293845849665,90.0,0.0,5.1908566564668766,0.0,0.0,0.0,0.0,0.0,0.0
image_00908.png,1,"[0, 0, 0, 0, 0, 0]",908,0.0,-13.90781280522451,3.349984019180966,90.0,0.0,-8.641602111658345,0.0,0.0,0.0,0.0,0.0,0.0
image_00909.png,1,"[0, 0, 0, 0, 0, 0]",909,0.0,1.930695108979826,4.570039837666567,90.0,0.0,1.6635466048856753,0.0,0.0,0.0,0.0,0.0,0.0
image_00910.png,1,"[0, 0, 0, 0, 0, 0]",910,0.0,5.205416901012271,5.302393784199463,90.0,0.0,0.47178637842654036,0.0,0.0,0.0,0.0,0.0,0.0
image_00911.png,1,"[0, 0, 0, 0, 0, 0]",911,0.0,10.317274964249968,0.4548169862171476,90.0,0.0,12.917770482483803,0.0,0.0,0.0,0.0,0.0,0.0
image_00912.png,1,"[0, 0, 0, 0, 0, 0]",912,0.0,3.865766802950759,4.533242601777329,90.0,0.0,-11.326517848286995,0.0,0.0,0.0,0.0,0.0,0.0
image_00913.png,1,"[0, 0, 0, 0, 0, 0]",913,0.0,-3.4038854463867096,4.953943846938268,90.0,0.0,-7.3534453706210305,0.0,0.0,0.0,0.0,0.0,0.0
image_00914.png,1,"[0, 0, 0, 0, 0, 0]",914,0.0,-7.282117772239488,4.191581087453664,90.0,0.0,9.354758805477692,0.0,0.0,0.0,0.0,0.0,0.0
image_00915.png,1,"[0, 0, 0, 0, 0, 0]",915,0.0,7.650714397362165,3.2093296001843816,90.0,0.0,-5.895242481774129,0.0,0.0,0.0,0.0,0.0,0.0
image_00916.png,1,"[0, 0, 0, 0, 0, 0]",916,0.0,11.27421425236792,-1.6059176403401039,90.0,0.0,4.824657641340534,0.0,0.0,0.0,0.0,0.0,0.0
image_00917.png,1,"[0, 0, 0, 0, 0, 0]",917,0.0,7.38620235165655,-1.3353687679520863,90.0,0.0,11.093357781201503,0.0,0.0,0.0,0.0,0.0,0.0
image_00918.png,1,"[0, 0, 0, 0, 0, 0]",918,0.0,12.93726799706382,-1.180587846381456,90.0,0.0,-0.02392318728577747,0.0,0.0,0.0,0.0,0.0,0.0
image_00919.png,1,"[0, 0, 0, 0, 0, 0]",919,0.0,6.177722346462019,0.0996385402738924,90.0,0.0,4.842214612639236,0.0,0.0,0.0,0.0,0.0,0.0
image_00920.png,1,"[0, 0, 0, 0, 0, 0]",920,0.0,-3.6783114611119743,-0.19286175457339527,90.0,0.0,-1.311771310286829,0.0,0.0,0.0,0.0,0.0,0.0
image_00921.png,1,"[0, 0, 0, 0, 0, 0]",921,0.0,-1.9592610644442772,-0.8287755533689758,90.0,0.0,-6.9397949687522065,0.0,0.0,0.0,0.0,0.0,0.0
image_00922.png,1,"[0, 0, 0, 0, 0, 0]",922,0.0,-0.02544879447789583,5.1292435472927185,90.0,0.0,0.5586377127946495,0.0,0.0,0.0,0.0,0.0,0.0
image_00923.png,1,"[0, 0, 0, 0, 0, 0]",923,0.0,12.126582097556884,1.2054392467770243,90.0,0.0,2.145094778679996,0.0,0.0,0.0,0.0,0.0,0.0
image_00924.png,1,"[0, 0, 0, 0, 0, 0]",924,0.0,-3.200603222916911,0.792014511085966,90.0,0.0,4.547902783105571,0.0,0.0,0.0,0.0,0.0,0.0
image_00925.png,1,"[0, 0, 0, 0, 0, 0]",925,0.0,10.080138463141509,2.4617345463089046,90.0,0.0,16.982422637650394,0.0,0.0,0.0,0.0,0.0,0.0
image_00926.png,1,"[0, 0, 0, 0, 0, 0]",926,0.0,1.186644626782666,2.9366460454367003,90.0,0.0,14.83012189444873,0.0,0.0,0.0,0.0,0.0,0.0
image_00927.png,1,"[0, 0, 0, 0, 0, 0]",927,0.0,2.7489148894142943,2.42038970793086,90.0,0.0,-1.1370712783833852,0.0,0.0,0.0,0.0,0.0,0.0
image_00928.png,1,"[0, 0, 0, 0, 0, 0]",928,0.0,-9.150786996547296,0.35974234038948305,90.0,0.0,11.49026715277146,0.0,0.0,0.0,0.0,0.0,0.0
image_00929.png,1,"[0, 0, 0, 0, 0, 0]",929,0.0,-2.7771038458397754,4.738206890770452,90.0,0.0,-2.419677099040296,0.0,0.0,0.0,0.0,0.0,0.0
image_00930.png,1,"[0, 0, 0, 0, 0, 0]",930,0.0,3.4573638628570507,3.8717923979396556,90.0,0.0,-6.365620780405525,0.0,0.0,0.0,0.0,0.0,0.0
image_00931.png,1,"[0, 0, 0, 0, 0, 0]",931,0.0,-2.1989286322485597,2.4271367838097344,90.0,0.0,2.2656188906199666,0.0,0.0,0.0,0.0,0.0,0.0
image_00932.png,1,"[0, 0, 0, 0, 0, 0]",932,0.0,-0.35469019021602577,2.101703471429902,90.0,0.0,1.946730826660934,0.0,0.0,0.0,0.0,0.0,0.0
image_00933.png,1,"[0, 0, 0, 0, 0, 0]",933,0.0,-7.565298192435989,4.73486325985557,90.0,0.0,3.0246046719723108,0.0,0.0,0.0,0.0,0.0,0.0
image_00934.png,1,"[0, 0, 0, 0, 0, 0]",934,0.0,2.4187246833518543,-0.6180644149428587,90.0,0.0,12.582238813770822,0.0,0.0,0.0,0.0,0.0,0.0
image_00935.png,1,"[0, 0, 0, 0, 0, 0]",935,0.0,5.271654414540087,1.6935833500959308,90.0,0.0,-3.3108580722097956,0.0,0.0,0.0,0.0,0.0,0.0
image_00936.png,1,"[0, 0, 0, 0, 0, 0]",936,0.0,13.438207324070937,5.057134325416099,90.0,0.0,-0.39805291629726014,0.0,0.0,0.0,0.0,0.0,0.0
image_00937.png,1,"[0, 0, 0, 0, 0, 0]",937,0.0,7.075792466787476,1.8728287035209044,90.0,0.0,-9.01432510253653,0.0,0.0,0.0,0.0,0.0,0.0
image_00938.png,1,"[0, 0, 0, 0, 0, 0]",938,0.0,0.19371302902570164,4.327778967405899,90.0,0.0,1.6851580845578233,0.0,0.0,0.0,0.0,0.0,0.0
image_00939.png,1,"[0, 0, 0, 0, 0, 0]",939,0.0,7.566446982400009,2.7476341452190747,90.0,0.0,2.37361904476476,0.0,0.0,0.0,0.0,0.0,0.0
image_00940.png,1,"[0, 0, 0, 0, 0, 0]",940,0.0,-3.5845957500521735,-1.0181686338944091,90.0,0.0,5.885831587074214,0.0,0.0,0.0,0.0,0.0,0.0
image_00941.png,1,"[0, 0, 0, 0, 0, 0]",941,0.0,2.146148745817854,-0.624887579036479,90.0,0.0,-2.6299666949385583,0.0,0.0,0.0,0.0,0.0,0.0
image_00942.png,1,"[0, 0, 0, 0, 0, 0]",942,0.0,5.684986477028922,-1.4756651026051844,90.0,0.0,7.7595123687175285,0.0,0.0,0.0,0.0,0.0,0.0
image_00943.png,1,"[0, 0, 0, 0, 0, 0]",943,0.0,-7.652699395258779,5.36601308774114,90.0,0.0,-0.24293045532402813,0.0,0.0,0.0,0.0,0.0,0.0
image_00944.png,1,"[0, 0, 0, 0, 0, 0]",944,0.0,8.064842716523714,2.1641018720267766,90.0,0.0,-13.186457998283966,0.0,0.0,0.0,0.0,0.0,0.0
image_00945.png,1,"[0, 0, 0, 0, 0, 0]",945,0.0,-4.98730275574826,3.0976032824507307,90.0,0.0,-5.474966241479268,0.0,0.0,0.0,0.0,0.0,0.0
image_00946.png,1,"[0, 0, 0, 0, 0, 0]",946,0.0,10.394699910243943,2.2444337397197467,90.0,0.0,0.09671055384390047,0.0,0.0,0.0,0.0,0.0,0.0
image_00947.png,1,"[0, 0, 0, 0, 0, 0]",947,0.0,2.2483461055434617,1.990833050466648,90.0,0.0,-6.315283672804226,0.0,0.0,0.0,0.0,0.0,0.0
image_00948.png,1,"[0, 0, 0, 0, 0, 0]",948,0.0,0.04857989254394113,2.761487590610617,90.0,0.0,1.797445853839571,0.0,0.0,0.0,0.0,0.0,0.0
image_00949.png,1,"[0, 0, 0, 0, 0, 0]",949,0.0,5.20444975992352,2.2972763591062453,90.0,0.0,5.040999551432893,0.0,0.0,0.0,0.0,0.0,0.0
image_00950.png,1,"[0, 0, 0, 0, 0, 0]",950,0.0,12.500399485935304,1.757192194660143,90.0,0.0,8.125195363086817,0.0,0.0,0.0,0.0,0.0,0.0
image_00951.png,1,"[0, 0, 0, 0, 0, 0]",951,0.0,-3.6952219899023078,3.7621809731764984,90.0,0.0,5.519614840700907,0.0,0.0,0.0,0.0,0.0,0.0
image_00952.png,1,"[0, 0, 0, 0, 0, 0]",952,0.0,-11.280472517040835,-1.0117877900433077,90.0,0.0,5.653358934889595,0.0,0.0,0.0,0.0,0.0,0.0
image_00953.png,1,"[0, 0, 0, 0, 0, 0]",953,0.0,-5.774335663013815,3.089911045775575,90.0,0.0,2.1319802925334144,0.0,0.0,0.0,0.0,0.0,0.0
image_00954.png,1,"[0, 0, 0, 0, 0, 0]",954,0.0,-2.0947043338308546,-1.7879599319302613,90.0,0.0,12.27571973058982,0.0,0.0,0.0,0.0,0.0,0.0
image_00955.png,1,"[0, 0, 0, 0, 0, 0]",955,0.0,-5.279584186295509,2.438308325050751,90.0,0.0,9.958399936213862,0.0,0.0,0.0,0.0,0.0,0.0
image_00956.png,1,"[0, 0, 0, 0, 0, 0]",956,0.0,-6.8071942758061255,5.185466408147754,90.0,0.0,9.98539701154597,0.0,0.0,0.0,0.0,0.0,0.0
image_00957.png,1,"[0, 0, 0, 0, 0, 0]",957,0.0,-11.73969693213516,0.09593766699596307,90.0,0.0,-14.4178277190392,0.0,0.0,0.0,0.0,0.0,0.0
image_00958.png,1,"[0, 0, 0, 0, 0, 0]",958,0.0,-13.701445579699907,2.239196177569739,90.0,0.0,-8.735151315469633,0.0,0.0,0.0,0.0,0.0,0.0
image_00959.png,1,"[0, 0, 0, 0, 0, 0]",959,0.0,10.375645237164491,4.454349651851495,90.0,0.0,-1.7356605290479474,0.0,0.0,0.0,0.0,0.0,0.0
image_00960.png,1,"[0, 0, 0, 0, 0, 0]",960,0.0,1.4801183173730195,3.871368697464712,90.0,0.0,6.29134259919729,0.0,0.0,0.0,0.0,0.0,0.0
image_00961.png,1,"[0, 0, 0, 0, 0, 0]",961,0.0,1.9936244122447135,3.473761687149211,90.0,0.0,-7.239807376170244,0.0,0.0,0.0,0.0,0.0,0.0
image_00962.png,1,"[0, 0, 0, 0, 0, 0]",962,0.0,-9.748481390275401,0.5273731141756075,90.0,0.0,0.7596281061671268,0.0,0.0,0.0,0.0,0.0,0.0
image_00963.png,1,"[0, 0, 0, 0, 0, 0]",963,0.0,8.553794387129088,4.00520458181746,90.0,0.0,-0.9829321421367077,0.0,0.0,0.0,0.0,0.0,0.0
image_00964.png,1,"[0, 0, 0, 0, 0, 0]",964,0.0,-6.628765493948464,1.181713449614283,90.0,0.0,0.7453425408135181,0.0,0.0,0.0,0.0,0.0,0.0
image_00965.png,1,"[0, 0, 0, 0, 0, 0]",965,0.0,-1.9463142394243533,2.8521462241855513,90.0,0.0,-13.853165966757938,0.0,0.0,0.0,0.0,0.0,0.0
image_00966.png,1,"[0, 0, 0, 0, 0, 0]",966,0.0,-11.098010803890105,0.0583655630242399,90.0,0.0,-0.4733133370936122,0.0,0.0,0.0,0.0,0.0,0.0
image_00967.png,1,"[0, 0, 0, 0, 0, 0]",967,0.0,2.9400192849284252,-1.736210443726092,90.0,0.0,6.351352685096127,0.0,0.0,0.0,0.0,0.0,0.0
image_00968.png,1,"[0, 0, 0, 0, 0, 0]",968,0.0,-9.284250079887059,0.41293794563226305,90.0,0.0,3.2795822149737317,0.0,0.0,0.0,0.0,0.0,0.0
image_00969.png,1,"[0, 0, 0, 0, 0, 0]",969,0.0,5.0226089889927295,-1.7885478637964871,90.0,0.0,-8.890997678843744,0.0,0.0,0.0,0.0,0.0,0.0
image_00970.png,1,"[0, 0, 0, 0, 0, 0]",970,0.0,-3.260954603410127,3.5501026678908776,90.0,0.0,-3.659461286792142,0.0,0.0,0.0,0.0,0.0,0.0
image_00971.png,1,"[0, 0, 0, 0, 0, 0]",971,0.0,-5.411271278283365,0.36692427314536546,90.0,0.0,4.135615534787245,0.0,0.0,0.0,0.0,0.0,0.0
image_00972.png,1,"[0, 0, 0, 0, 0, 0]",972,0.0,0.7183479614839428,-0.18451335300145955,90.0,0.0,-5.93916410652822,0.0,0.0,0.0,0.0,0.0,0.0
image_00973.png,1,"[0, 0, 0, 0, 0, 0]",973,0.0,13.805207262130835,1.8725320703778516,90.0,0.0,-1.6910694403654811,0.0,0.0,0.0,0.0,0.0,0.0
image_00974.png,1,"[0, 0, 0, 0, 0, 0]",974,0.0,-8.1947496348496,-0.06527806335724051,90.0,0.0,11.577412599352272,0.0,0.0,0.0,0.0,0.0,0.0
image_00975.png,1,"[0, 0, 0, 0, 0, 0]",975,0.0,-0.09372027052883425,4.004215937465741,90.0,0.0,-10.90966605862652,0.0,0.0,0.0,0.0,0.0,0.0
image_00976.png,1,"[0, 0, 0, 0, 0, 0]",976,0.0,10.029979960446639,0.8422791242852261,90.0,0.0,-1.9282470516456534,0.0,0.0,0.0,0.0,0.0,0.0
image_00977.png,1,"[0, 0, 0, 0, 0, 0]",977,0.0,-3.812940296065399,3.173544083230534,90.0,0.0,16.16123519589598,0.0,0.0,0.0,0.0,0.0,0.0
image_00978.png,1,"[0, 0, 0, 0, 0, 0]",978,0.0,-1.2604454587006302,5.037672296688268,90.0,0.0,-4.3622538673725435,0.0,0.0,0.0,0.0,0.0,0.0
image_00979.png,1,"[0, 0, 0, 0, 0, 0]",979,0.0,7.642602756890703,0.45534646606017937,90.0,0.0,-7.262202541997892,0.0,0.0,0.0,0.0,0.0,0.0
image_00980.png,1,"[0, 0, 0, 0, 0, 0]",980,0.0,11.489848703052516,-1.931520935669644,90.0,0.0,0.9040381059586393,0.0,0.0,0.0,0.0,0.0,0.0
image_00981.png,1,"[0, 0, 0, 0, 0, 0]",981,0.0,5.416279835934425,0.349778450123305,90.0,0.0,-11.568884773804742,0.0,0.0,0.0,0.0,0.0,0.0
image_00982.png,1,"[0, 0, 0, 0, 0, 0]",982,0.0,-2.8866642462103727,0.2519062588996621,90.0,0.0,-6.947674742074368,0.0,0.0,0.0,0.0,0.0,0.0
image_00983.png,1,"[0, 0, 0, 0, 0, 0]",983,0.0,2.847475543464064,-1.3594507137335883,90.0,0.0,5.014978720589306,0.0,0.0,0.0,0.0,0.0,0.0
image_00984.png,1,"[0, 0, 0, 0, 0, 0]",984,0.0,6.899160907477572,5.323878133546713,90.0,0.0,-8.126661006631467,0.0,0.0,0.0,0.0,0.0,0.0
image_00985.png,1,"[0, 0, 0, 0, 0, 0]",985,0.0,1.3702060692378097,-0.8222550482947089,90.0,0.0,2.1824332573816507,0.0,0.0,0.0,0.0,0.0,0.0
image_00986.png,1,"[0, 0, 0, 0, 0, 0]",986,0.0,-8.115384026550544,3.642289659858686,90.0,0.0,20.0,0.0,0.0,0.0,0.0,0.0,0.0
image_00987.png,1,"[0, 0, 0, 0, 0, 0]",987,0.0,-8.271914394415887,-1.293426217095217,90.0,0.0,-4.326106257705662,0.0,0.0,0.0,0.0,0.0,0.0
image_00988.png,1,"[0, 0, 0, 0, 0, 0]",988,0.0,-5.647604146252689,4.893401679285658,90.0,0.0,15.037408995925936,0.0,0.0,0.0,0.0,0.0,0.0
image_00989.png,1,"[0, 0, 0, 0, 0, 0]",989,0.0,11.002940184602117,-0.6417934475490181,90.0,0.0,5.117648224227424,0.0,0.0,0.0,0.0,0.0,0.0
image_00990.png,1,"[0, 0, 0, 0, 0, 0]",990,0.0,5.062993146555712,3.681978370907535,90.0,0.0,-3.421907311277782,0.0,0.0,0.0,0.0,0.0,0.0
image_00991.png,1,"[0, 0, 0, 0, 0, 0]",991,0.0,-12.049626225447724,2.006125540285666,90.0,0.0,-6.546113491030203,0.0,0.0,0.0,0.0,0.0,0.0
image_00992.png,1,"[0, 0, 0, 0, 0, 0]",992,0.0,10.824835566012915,-1.4955374988343542,90.0,0.0,-14.061960232500322,0.0,0.0,0.0,0.0,0.0,0.0
image_00993.png,1,"[0, 0, 0, 0, 0, 0]",993,0.0,4.564960374476556,-0.36342821458067665,90.0,0.0,-6.003445871645667,0.0,0.0,0.0,0.0,0.0,0.0
image_00994.png,1,"[0, 0, 0, 0, 0, 0]",994,0.0,-2.885816026593645,0.7648446734966425,90.0,0.0,10.842316379844332,0.0,0.0,0.0,0.0,0.0,0.0
image_00995.png,1,"[0, 0, 0, 0, 0, 0]",995,0.0,6.283005395977554,-0.8520796993372297,90.0,0.0,2.777996083571423,0.0,0.0,0.0,0.0,0.0,0.0
image_00996.png,1,"[0, 0, 0, 0, 0, 0]",996,0.0,-7.506523821358172,2.8375123223354555,90.0,0.0,10.235720774364433,0.0,0.0,0.0,0.0,0.0,0.0
image_00997.png,1,"[0, 0, 0, 0, 0, 0]",997,0.0,3.4094938016859118,4.793124711351001,90.0,0.0,-4.273356000007003,0.0,0.0,0.0,0.0,0.0,0.0
image_00998.png,1,"[0, 0, 0, 0, 0, 0]",998,0.0,-9.201534935442893,2.3289921866708685,90.0,0.0,10.380078590083343,0.0,0.0,0.0,0.0,0.0,0.0
image_00999.png,1,"[0, 0, 0, 0, 0, 0]",999,0.0,-7.950644467497426,1.07060733337413,90.0,0.0,10.42201577279022,0.0,0.0,0.0,0.0,0.0,0.0
image_01000.png,1,"[0, 0, 0, 0, 0, 0]",1000,0.0,7.255697526064452,1.043836465111621,90.0,0.0,-0.620553368088113,0.0,0.0,0.0,0.0,0.0,0.0
image_01001.png,1,"[0, 0, 0, 0, 0, 0]",1001,0.0,1.299408601890569,3.628179391642898,90.0,0.0,-2.879736706500543,0.0,0.0,0.0,0.0,0.0,0.0
image_01002.png,1,"[0, 0, 0, 0, 0, 0]",1002,0.0,7.102681295656062,-1.8333346076614787,90.0,0.0,0.3702039022977927,0.0,0.0,0.0,0.0,0.0,0.0
image_01003.png,1,"[0, 0, 0, 0, 0, 0]",1003,0.0,-1.7209230084481248,2.6437202659590477,90.0,0.0,14.118215154107387,0.0,0.0,0.0,0.0,0.0,0.0
image_01004.png,1,"[0, 0, 0, 0, 0, 0]",1004,0.0,-3.2828882141370244,3.101902636462998,90.0,0.0,-7.039675014393483,0.0,0.0,0.0,0.0,0.0,0.0
image_01005.png,1,"[0, 0, 0, 0, 0, 0]",1005,0.0,-6.4538544890687035,0.43035799627756877,90.0,0.0,-7.779777222195143,0.0,0.0,0.0,0.0,0.0,0.0
image_01006.png,1,"[0, 0, 0, 0, 0, 0]",1006,0.0,12.656067988283368,4.791185463677449,90.0,0.0,-0.9076777480741725,0.0,0.0,0.0,0.0,0.0,0.0
image_01007.png,1,"[0, 0, 0, 0, 0, 0]",1007,0.0,7.211772277168677,0.11050062080810807,90.0,0.0,8.317599192290885,0.0,0.0,0.0,0.0,0.0,0.0
image_01008.png,1,"[0, 0, 0, 0, 0, 0]",1008,0.0,3.0145573996669413,1.1198583257492585,90.0,0.0,2.720092933958991,0.0,0.0,0.0,0.0,0.0,0.0
image_01009.png,1,"[0, 0, 0, 0, 0, 0]",1009,0.0,-13.254653137077412,5.214027736027371,90.0,0.0,-6.972799879504082,0.0,0.0,0.0,0.0,0.0,0.0
image_01010.png,1,"[0, 0, 0, 0, 0, 0]",1010,0.0,13.530880492282904,4.59902532044611,90.0,0.0,3.697936164316733,0.0,0.0,0.0,0.0,0.0,0.0
image_01011.png,1,"[0, 0, 0, 0, 0, 0]",1011,0.0,7.576263995291676,1.2061973118923421,90.0,0.0,0.2665427226713401,0.0,0.0,0.0,0.0,0.0,0.0
image_01012.png,1,"[0, 0, 0, 0, 0, 0]",1012,0.0,-4.1995380535555284,4.817232411268427,90.0,0.0,10.079091350318532,0.0,0.0,0.0,0.0,0.0,0.0
image_01013.png,1,"[0, 0, 0, 0, 0, 0]",1013,0.0,0.0834555775682162,-1.79246195886078,90.0,0.0,-6.995045180567446,0.0,0.0,0.0,0.0,0.0,0.0
image_01014.png,1,"[0, 0, 0, 0, 0, 0]",1014,0.0,5.013327785473422,2.431367438901887,90.0,0.0,8.291499465384174,0.0,0.0,0.0,0.0,0.0,0.0
image_01015.png,1,"[0, 0, 0, 0, 0, 0]",1015,0.0,-7.615448150690511,2.636533348956119,90.0,0.0,-3.484461053374412,0.0,0.0,0.0,0.0,0.0,0.0
image_01016.png,1,"[0, 0, 0, 0, 0, 0]",1016,0.0,-4.7676344276788996,0.4960799621122205,90.0,0.0,3.0397024879160854,0.0,0.0,0.0,0.0,0.0,0.0
image_01017.png,1,"[0, 0, 0, 0, 0, 0]",1017,0.0,-7.056292240929153,5.471964768116046,90.0,0.0,-20.0,0.0,0.0,0.0,0.0,0.0,0.0
image_01018.png,1,"[0, 0, 0, 0, 0, 0]",1018,0.0,11.445191247087784,4.107593729718757,90.0,0.0,-2.7896119251846536,0.0,0.0,0.0,0.0,0.0,0.0
image_01019.png,1,"[0, 0, 0, 0, 0, 0]",1019,0.0,12.931601699784274,3.9644702495743402,90.0,0.0,-8.289633614982202,0.0,0.0,0.0,0.0,0.0,0.0
image_01020.png,1,"[0, 0, 0, 0, 0, 0]",1020,0.0,-1.4584653210093705,3.225986890797122,90.0,0.0,2.9779682754476253,0.0,0.0,0.0,0.0,0.0,0.0
image_01021.png,1,"[0, 0, 0, 0, 0, 0]",1021,0.0,3.0465612459117466,-0.9387960558319743,90.0,0.0,0.5898139012474185,0.0,0.0,0.0,0.0,0.0,0.0
image_01022.png,1,"[0, 0, 0, 0, 0, 0]",1022,0.0,2.1740256281512984,1.2619726522295291,90.0,0.0,15.056214555535224,0.0,0.0,0.0,0.0,0.0,0.0
image_01023.png,1,"[0, 0, 0, 0, 0, 0]",1023,0.0,-5.296413502222364,5.22202907025289,90.0,0.0,8.741574618422357,0.0,0.0,0.0,0.0,0.0,0.0
image_01024.png,1,"[0, 0, 0, 0, 0, 0]",1024,0.0,1.3112264465664225,0.5848628813153076,90.0,0.0,-14.816410098167717,0.0,0.0,0.0,0.0,0.0,0.0
image_01025.png,1,"[0, 0, 0, 0, 0, 0]",1025,0.0,-10.4595842536487,-1.716475118166232,90.0,0.0,-9.343677682586863,0.0,0.0,0.0,0.0,0.0,0.0
image_01026.png,1,"[0, 0, 0, 0, 0, 0]",1026,0.0,-1.6328635385973271,0.16054983227084074,90.0,0.0,1.0880179093794025,0.0,0.0,0.0,0.0,0.0,0.0
image_01027.png,1,"[0, 0, 0, 0, 0, 0]",1027,0.0,5.316157496099365,-1.8362332817982292,90.0,0.0,-11.087167045552825,0.0,0.0,0.0,0.0,0.0,0.0
image_01028.png,1,"[0, 0, 0, 0, 0, 0]",1028,0.0,0.833129010771124,3.5064591238873435,90.0,0.0,7.734965974394526,0.0,0.0,0.0,0.0,0.0,0.0
image_01029.png,1,"[0, 0, 0, 0, 0, 0]",1029,0.0,7.671324357434088,1.8187604282332126,90.0,0.0,-3.6670589738117547,0.0,0.0,0.0,0.0,0.0,0.0
image_01030.png,1,"[0, 0, 0, 0, 0, 0]",1030,0.0,6.119037540116999,4.188060077388001,90.0,0.0,2.1826194419518883,0.0,0.0,0.0,0.0,0.0,0.0
image_01031.png,1,"[0, 0, 0, 0, 0, 0]",1031,0.0,10.980530199163951,0.30334535484077296,90.0,0.0,1.669217568890136,0.0,0.0,0.0,0.0,0.0,0.0
image_01032.png,1,"[0, 0, 0, 0, 0, 0]",1032,0.0,9.54575090565335,1.5372612777689247,90.0,0.0,3.2308619080765872,0.0,0.0,0.0,0.0,0.0,0.0
image_01033.png,1,"[0, 0, 0, 0, 0, 0]",1033,0.0,-9.856300964316446,-0.20129082871695636,90.0,0.0,6.66040043903351,0.0,0.0,0.0,0.0,0.0,0.0
image_01034.png,1,"[0, 0, 0, 0, 0, 0]",1034,0.0,-8.673911593946201,0.8115315680004596,90.0,0.0,7.440359088220013,0.0,0.0,0.0,0.0,0.0,0.0
image_01035.png,1,"[0, 0, 0, 0, 0, 0]",1035,0.0,5.884595986360836,-1.9951874473376,90.0,0.0,10.138628015156106,0.0,0.0,0.0,0.0,0.0,0.0
image_01036.png,1,"[0, 0, 0, 0, 0, 0]",1036,0.0,7.352967639541937,1.8975135211140488,90.0,0.0,-7.838369665902732,0.0,0.0,0.0,0.0,0.0,0.0
image_01037.png,1,"[0, 0, 0, 0, 0, 0]",1037,0.0,6.64066850173473,-0.8839432842241315,90.0,0.0,6.170869612795925,0.0,0.0,0.0,0.0,0.0,0.0
image_01038.png,1,"[0, 0, 0, 0, 0, 0]",1038,0.0,11.506660589604287,4.3936123661778055,90.0,0.0,-0.9461115563936187,0.0,0.0,0.0,0.0,0.0,0.0
image_01039.png,1,"[0, 0, 0, 0, 0, 0]",1039,0.0,-12.71866094997533,0.761886562216449,90.0,0.0,-2.666734266879985,0.0,0.0,0.0,0.0,0.0,0.0
image_01040.png,1,"[0, 0, 0, 0, 0, 0]",1040,0.0,-6.22335575649096,-0.7010026412217436,90.0,0.0,-1.5870982238733682,0.0,0.0,0.0,0.0,0.0,0.0
image_01041.png,1,"[0, 0, 0, 0, 0, 0]",1041,0.0,-7.6250066695730965,-0.2526218394607065,90.0,0.0,0.726967930979633,0.0,0.0,0.0,0.0,0.0,0.0
image_01042.png,1,"[0, 0, 0, 0, 0, 0]",1042,0.0,-5.890779535431392,-0.9545150807228866,90.0,0.0,12.752891023493977,0.0,0.0,0.0,0.0,0.0,0.0
image_01043.png,1,"[0, 0, 0, 0, 0, 0]",1043,0.0,9.63877751641661,2.8941870959883254,90.0,0.0,4.407453049098453,0.0,0.0,0.0,0.0,0.0,0.0
image_01044.png,1,"[0, 0, 0, 0, 0, 0]",1044,0.0,12.233941440469522,3.153939694157261,90.0,0.0,6.820814260110826,0.0,0.0,0.0,0.0,0.0,0.0
image_01045.png,1,"[0, 0, 0, 0, 0, 0]",1045,0.0,0.16562308937265158,2.8542595080853683,90.0,0.0,-6.337754575164064,0.0,0.0,0.0,0.0,0.0,0.0
image_01046.png,1,"[0, 0, 0, 0, 0, 0]",1046,0.0,-11.767446102744799,2.410416061888525,90.0,0.0,-7.465274216991029,0.0,0.0,0.0,0.0,0.0,0.0
image_01047.png,1,"[0, 0, 0, 0, 0, 0]",1047,0.0,5.363760302483911,2.4312632749444028,90.0,0.0,-11.564704142882816,0.0,0.0,0.0,0.0,0.0,0.0
image_01048.png,1,"[0, 0, 0, 0, 0, 0]",1048,0.0,13.377901529732632,0.5172491213089678,90.0,0.0,-4.856058507062129,0.0,0.0,0.0,0.0,0.0,0.0
image_01049.png,1,"[0, 0, 0, 0, 0, 0]",1049,0.0,0.8092988186833026,-1.1073713494833468,90.0,0.0,-7.2734884104377135,0.0,0.0,0.0,0.0,0.0,0.0
image_01050.png,1,"[0, 0, 0, 0, 0, 0]",1050,0.0,7.568467289018315,5.371030381256003,90.0,0.0,-6.341082772645611,0.0,0.0,0.0,0.0,0.0,0.0
image_01051.png,1,"[0, 0, 0, 0, 0, 0]",1051,0.0,-3.0087056254789246,4.726788811637635,90.0,0.0,3.5152905300801978,0.0,0.0,0.0,0.0,0.0,0.0
image_01052.png,1,"[0, 0, 0, 0, 0, 0]",1052,0.0,-4.088427029410184,-0.5211176783812874,90.0,0.0,4.2843959819399196,0.0,0.0,0.0,0.0,0.0,0.0
image_01053.png,1,"[0, 0, 0, 0, 0, 0]",1053,0.0,-0.09451133896101283,5.037780578954933,90.0,0.0,10.882987909203951,0.0,0.0,0.0,0.0,0.0,0.0
image_01054.png,1,"[0, 0, 0, 0, 0, 0]",1054,0.0,-9.589592967676168,-1.334938396082864,90.0,0.0,0.2020522393240548,0.0,0.0,0.0,0.0,0.0,0.0
image_01055.png,1,"[0, 0, 0, 0, 0, 0]",1055,0.0,12.445911343919434,0.25006687349892687,90.0,0.0,1.385282871181449,0.0,0.0,0.0,0.0,0.0,0.0
image_01056.png,1,"[0, 0, 0, 0, 0, 0]",1056,0.0,-5.738946613548123,2.3552810043673533,90.0,0.0,5.810357230065544,0.0,0.0,0.0,0.0,0.0,0.0
image_01057.png,1,"[0, 0, 0, 0, 0, 0]",1057,0.0,9.519528966033327,2.2912458865546608,90.0,0.0,-1.0709799907678317,0.0,0.0,0.0,0.0,0.0,0.0
image_01058.png,1,"[0, 0, 0, 0, 0, 0]",1058,0.0,7.811368676486055,1.9903657880189796,90.0,0.0,6.257650445999198,0.0,0.0,0.0,0.0,0.0,0.0
image_01059.png,1,"[0, 0, 0, 0, 0, 0]",1059,0.0,-8.82433656020497,5.007037705589598,90.0,0.0,0.25889214367201396,0.0,0.0,0.0,0.0,0.0,0.0
image_01060.png,1,"[0, 0, 0, 0, 0, 0]",1060,0.0,3.0209639785018396,1.3323899985660441,90.0,0.0,-0.6638697891221486,0.0,0.0,0.0,0.0,0.0,0.0
image_01061.png,1,"[0, 0, 0, 0, 0, 0]",1061,0.0,-13.804770580777443,-1.49133142741075,90.0,0.0,-1.6754408537438177,0.0,0.0,0.0,0.0,0.0,0.0
image_01062.png,1,"[0, 0, 0, 0, 0, 0]",1062,0.0,-2.0234959872378084,2.971571630663229,90.0,0.0,2.1045714857093842,0.0,0.0,0.0,0.0,0.0,0.0
image_01063.png,1,"[0, 0, 0, 0, 0, 0]",1063,0.0,-8.42695015105896,4.838060617998602,90.0,0.0,4.057002068439731,0.0,0.0,0.0,0.0,0.0,0.0
image_01064.png,1,"[0, 0, 0, 0, 0, 0]",1064,0.0,-6.644354951723926,3.167630327858582,90.0,0.0,-5.674191649007123,0.0,0.0,0.0,0.0,0.0,0.0
image_01065.png,1,"[0, 0, 0, 0, 0, 0]",1065,0.0,-8.27107808153616,2.080275321056198,90.0,0.0,-16.52105596640352,0.0,0.0,0.0,0.0,0.0,0.0
image_01066.png,1,"[0, 0, 0, 0, 0, 0]",1066,0.0,-3.1253327038317735,-1.540981509449017,90.0,0.0,-5.803936200186894,0.0,0.0,0.0,0.0,0.0,0.0
image_01067.png,1,"[0, 0, 0, 0, 0, 0]",1067,0.0,-4.357706484486954,-1.2818090798390567,90.0,0.0,10.494923948477636,0.0,0.0,0.0,0.0,0.0,0.0
image_01068.png,1,"[0, 0, 0, 0, 0, 0]",1068,0.0,9.416585187467753,0.2747192921027395,90.0,0.0,9.0696799501697,0.0,0.0,0.0,0.0,0.0,0.0
image_01069.png,1,"[0, 0, 0, 0, 0, 0]",1069,0.0,-0.7758869398671067,0.487250330824069,90.0,0.0,-7.804801625415997,0.0,0.0,0.0,0.0,0.0,0.0
image_01070.png,1,"[0, 0, 0, 0, 0, 0]",1070,0.0,4.768539707976153,-1.1335503725898572,90.0,0.0,-13.60369470089761,0.0,0.0,0.0,0.0,0.0,0.0
image_01071.png,1,"[0, 0, 0, 0, 0, 0]",1071,0.0,6.270380048639005,5.040948011799368,90.0,0.0,5.5901836750270055,0.0,0.0,0.0,0.0,0.0,0.0
image_01072.png,1,"[0, 0, 0, 0, 0, 0]",1072,0.0,0.24033891435545485,-1.7308259910930104,90.0,0.0,-9.944140285313743,0.0,0.0,0.0,0.0,0.0,0.0
image_01073.png,1,"[0, 0, 0, 0, 0, 0]",1073,0.0,-10.464254882626292,0.9382877604855135,90.0,0.0,-4.13460139891994,0.0,0.0,0.0,0.0,0.0,0.0
image_01074.png,1,"[0, 0, 0, 0, 0, 0]",1074,0.0,-3.3939418979041065,1.0796156232743952,90.0,0.0,6.651857061711786,0.0,0.0,0.0,0.0,0.0,0.0
image_01075.png,1,"[0, 0, 0, 0, 0, 0]",1075,0.0,6.180807448816395,4.473457809498355,90.0,0.0,3.218682497618164,0.0,0.0,0.0,0.0,0.0,0.0
image_01076.png,1,"[0, 0, 0, 0, 0, 0]",1076,0.0,10.797755204490699,4.735119246148704,90.0,0.0,-5.17862681050771,0.0,0.0,0.0,0.0,0.0,0.0
image_01077.png,1,"[0, 0, 0, 0, 0, 0]",1077,0.0,7.9991034094654125,3.973916496227676,90.0,0.0,9.995559299426171,0.0,0.0,0.0,0.0,0.0,0.0
image_01078.png,1,"[0, 0, 0, 0, 0, 0]",1078,0.0,13.906408217943621,4.926876521842757,90.0,0.0,6.586453708602934,0.0,0.0,0.0,0.0,0.0,0.0
image_01079.png,1,"[0, 0, 0, 0, 0, 0]",1079,0.0,-4.415255950974569,0.5799146851126227,90.0,0.0,3.5633642195379056,0.0,0.0,0.0,0.0,0.0,0.0
image_01080.png,1,"[0, 0, 0, 0, 0, 0]",1080,0.0,9.969126920625712,0.7082102714393401,90.0,0.0,-17.95216112683172,0.0,0.0,0.0,0.0,0.0,0.0
image_01081.png,1,"[0, 0, 0, 0, 0, 0]",1081,0.0,12.88226106244025,-1.3853350324693543,90.0,0.0,3.579517968766546,0.0,0.0,0.0,0.0,0.0,0.0
image_01082.png,1,"[0, 0, 0, 0, 0, 0]",1082,0.0,-12.626413985437168,-0.7942297185787355,90.0,0.0,-3.125387567404185,0.0,0.0,0.0,0.0,0.0,0.0
image_01083.png,1,"[0, 0, 0, 0, 0, 0]",1083,0.0,-8.109107816374944,3.822825596191345,90.0,0.0,-8.519006693744295,0.0,0.0,0.0,0.0,0.0,0.0
image_01084.png,1,"[0, 0, 0, 0, 0, 0]",1084,0.0,-12.62748636123436,0.34193249412428983,90.0,0.0,13.980516190951706,0.0,0.0,0.0,0.0,0.0,0.0
image_01085.png,1,"[0, 0, 0, 0, 0, 0]",1085,0.0,13.02296638750201,2.4282300523348894,90.0,0.0,-10.1969804716795,0.0,0.0,0.0,0.0,0.0,0.0
image_01086.png,1,"[0, 0, 0, 0, 0, 0]",1086,0.0,12.44679412009419,-1.4096012226369492,90.0,0.0,-14.342535505008605,0.0,0.0,0.0,0.0,0.0,0.0
image_01087.png,1,"[0, 0, 0, 0, 0, 0]",1087,0.0,12.681698315424867,-0.8504191938149752,90.0,0.0,3.975403848278822,0.0,0.0,0.0,0.0,0.0,0.0
image_01088.png,1,"[0, 0, 0, 0, 0, 0]",1088,0.0,10.959427747574395,1.3104164536132261,90.0,0.0,-9.946196968902044,0.0,0.0,0.0,0.0,0.0,0.0
image_01089.png,1,"[0, 0, 0, 0, 0, 0]",1089,0.0,8.591769833802957,4.767861290431935,90.0,0.0,-7.111099186091287,0.0,0.0,0.0,0.0,0.0,0.0
image_01090.png,1,"[0, 0, 0, 0, 0, 0]",1090,0.0,7.6438720909207944,3.2954254038143223,90.0,0.0,12.242679165494177,0.0,0.0,0.0,0.0,0.0,0.0
image_01091.png,1,"[0, 0, 0, 0, 0, 0]",1091,0.0,5.484042297442777,3.94188691745621,90.0,0.0,6.626744519860496,0.0,0.0,0.0,0.0,0.0,0.0
image_01092.png,1,"[0, 0, 0, 0, 0, 0]",1092,0.0,4.349751355046209,3.2959940265737417,90.0,0.0,-0.971651382584069,0.0,0.0,0.0,0.0,0.0,0.0
image_01093.png,1,"[0, 0, 0, 0, 0, 0]",1093,0.0,11.290451845863743,0.44767629809300846,90.0,0.0,-4.1848004975395865,0.0,0.0,0.0,0.0,0.0,0.0
image_01094.png,1,"[0, 0, 0, 0, 0, 0]",1094,0.0,-11.916931064796202,0.18792482823904288,90.0,0.0,-5.954067235585699,0.0,0.0,0.0,0.0,0.0,0.0
image_01095.png,1,"[0, 0, 0, 0, 0, 0]",1095,0.0,12.386836043307063,0.24277843166639324,90.0,0.0,20.0,0.0,0.0,0.0,0.0,0.0,0.0
image_01096.png,1,"[0, 0, 0, 0, 0, 0]",1096,0.0,-3.7006815628881498,1.1618558975833513,90.0,0.0,-1.573607355896174,0.0,0.0,0.0,0.0,0.0,0.0
image_01097.png,1,"[0, 0, 0, 0, 0, 0]",1097,0.0,-1.2541696823896018,0.9350573685149266,90.0,0.0,1.319590774073646,0.0,0.0,0.0,0.0,0.0,0.0
image_01098.png,1,"[0, 0, 0, 0, 0, 0]",1098,0.0,-0.19701846943979717,1.5003390518730715,90.0,0.0,4.518854847033617,0.0,0.0,0.0,0.0,0.0,0.0
image_01099.png,1,"[0, 0, 0, 0, 0, 0]",1099,0.0,-5.17769424732424,1.7943844586566549,90.0,0.0,-10.70671919094901,0.0,0.0,0.0,0.0,0.0,0.0
image_01100.png,1,"[0, 0, 0, 0, 0, 0]",1100,0.0,12.64670446565453,0.9951104487131626,90.0,0.0,7.12353877130246,0.0,0.0,0.0,0.0,0.0,0.0
image_01101.png,1,"[0, 0, 0, 0, 0, 0]",1101,0.0,-13.392106187958731,-1.8485151953262606,90.0,0.0,9.134004849729111,0.0,0.0,0.0,0.0,0.0,0.0
image_01102.png,1,"[0, 0, 0, 0, 0, 0]",1102,0.0,-3.7386592262925973,5.300813667126219,90.0,0.0,2.005676984238361,0.0,0.0,0.0,0.0,0.0,0.0
image_01103.png,1,"[0, 0, 0, 0, 0, 0]",1103,0.0,-13.349540791957494,1.4451309764812246,90.0,0.0,-0.912754080839772,0.0,0.0,0.0,0.0,0.0,0.0
image_01104.png,1,"[0, 0, 0, 0, 0, 0]",1104,0.0,-7.232247537862619,1.6452236568342142,90.0,0.0,2.9174690917644948,0.0,0.0,0.0,0.0,0.0,0.0
image_01105.png,1,"[0, 0, 0, 0, 0, 0]",1105,0.0,-3.201591725507811,1.0843972261378827,90.0,0.0,0.9573603305207712,0.0,0.0,0.0,0.0,0.0,0.0
image_01106.png,1,"[0, 0, 0, 0, 0, 0]",1106,0.0,4.582859009116412,1.8040344161797837,90.0,0.0,0.5334679585437181,0.0,0.0,0.0,0.0,0.0,0.0
image_01107.png,1,"[0, 0, 0, 0, 0, 0]",1107,0.0,-2.7756250821941038,2.4648070654471734,90.0,0.0,-11.518612966615208,0.0,0.0,0.0,0.0,0.0,0.0
image_01108.png,1,"[0, 0, 0, 0, 0, 0]",1108,0.0,5.094256693044066,4.036782630177153,90.0,0.0,-7.9369192660173145,0.0,0.0,0.0,0.0,0.0,0.0
image_01109.png,1,"[0, 0, 0, 0, 0, 0]",1109,0.0,0.7055039608146672,2.478218029904128,90.0,0.0,-0.3204862449612402,0.0,0.0,0.0,0.0,0.0,0.0
image_01110.png,1,"[0, 0, 0, 0, 0, 0]",1110,0.0,-12.479277778053671,2.6202805370151836,90.0,0.0,0.5830533522666199,0.0,0.0,0.0,0.0,0.0,0.0
image_01111.png,1,"[0, 0, 0, 0, 0, 0]",1111,0.0,-13.01007816104591,4.060385066467301,90.0,0.0,2.9365857903947834,0.0,0.0,0.0,0.0,0.0,0.0
image_01112.png,1,"[0, 0, 0, 0, 0, 0]",1112,0.0,11.42918872666835,-1.173094922391459,90.0,0.0,-5.253537707118756,0.0,0.0,0.0,0.0,0.0,0.0
image_01113.png,1,"[0, 0, 0, 0, 0, 0]",1113,0.0,-12.558094311512207,1.5827848181113526,90.0,0.0,-8.463875810215391,0.0,0.0,0.0,0.0,0.0,0.0
image_01114.png,1,"[0, 0, 0, 0, 0, 0]",1114,0.0,3.8197562820362734,-0.7862309604024802,90.0,0.0,1.440560899128217,0.0,0.0,0.0,0.0,0.0,0.0
image_01115.png,1,"[0, 0, 0, 0, 0, 0]",1115,0.0,-5.25582181667248,-0.7845263042685964,90.0,0.0,-11.184080753167619,0.0,0.0,0.0,0.0,0.0,0.0
image_01116.png,1,"[0, 0, 0, 0, 0, 0]",1116,0.0,-4.822201522540951,1.002105861930255,90.0,0.0,4.378155287240467,0.0,0.0,0.0,0.0,0.0,0.0
image_01117.png,1,"[0, 0, 0, 0, 0, 0]",1117,0.0,10.536952263634674,2.1161262070853484,90.0,0.0,-6.358081226179761,0.0,0.0,0.0,0.0,0.0,0.0
image_01118.png,1,"[0, 0, 0, 0, 0, 0]",1118,0.0,-0.4918330268607676,4.966967920710226,90.0,0.0,-2.106179785504061,0.0,0.0,0.0,0.0,0.0,0.0
image_01119.png,1,"[0, 0, 0, 0, 0, 0]",1119,0.0,-3.0499732860160336,3.365146968214514,90.0,0.0,13.2510675680138,0.0,0.0,0.0,0.0,0.0,0.0
image_01120.png,1,"[0, 0, 0, 0, 0, 0]",1120,0.0,2.836347932862715,4.006504236961233,90.0,0.0,-2.200585519045984,0.0,0.0,0.0,0.0,0.0,0.0
image_01121.png,1,"[0, 0, 0, 0, 0, 0]",1121,0.0,-1.8308960807699748,1.5577554558104612,90.0,0.0,-2.806715174328236,0.0,0.0,0.0,0.0,0.0,0.0
image_01122.png,1,"[0, 0, 0, 0, 0, 0]",1122,0.0,-10.975614843521697,4.058138488331899,90.0,0.0,-15.343512875540295,0.0,0.0,0.0,0.0,0.0,0.0
image_01123.png,1,"[0, 0, 0, 0, 0, 0]",1123,0.0,-4.266427272027897,4.427535841081658,90.0,0.0,6.54792239737583,0.0,0.0,0.0,0.0,0.0,0.0
image_01124.png,1,"[0, 0, 0, 0, 0, 0]",1124,0.0,1.083659619574064,1.7671323135635344,90.0,0.0,5.294131104330632,0.0,0.0,0.0,0.0,0.0,0.0
image_01125.png,1,"[0, 0, 0, 0, 0, 0]",1125,0.0,5.044651913169517,2.833840110616154,90.0,0.0,8.905032019952516,0.0,0.0,0.0,0.0,0.0,0.0
image_01126.png,1,"[0, 0, 0, 0, 0, 0]",1126,0.0,12.021595680863825,-0.7867052864840773,0.0,0.0,12.796520324771333,0.0,0.0,0.0,0.0,0.0,0.0
image_01127.png,1,"[0, 0, 0, 0, 0, 0]",1127,0.0,1.6110100168640926,4.831589211075369,90.0,0.0,7.993352120697673,0.0,0.0,0.0,0.0,0.0,0.0
image_01128.png,1,"[0, 0, 0, 0, 0, 0]",1128,0.0,-7.061345799644982,5.3360848827423375,90.0,0.0,12.455900957475809,0.0,0.0,0.0,0.0,0.0,0.0
image_01129.png,1,"[0, 0, 0, 0, 0, 0]",1129,0.0,0.09707953813468606,5.328785117171966,90.0,0.0,3.375088363243912,0.0,0.0,0.0,0.0,0.0,0.0
image_01130.png,1,"[0, 0, 0, 0, 0, 0]",1130,0.0,10.419351817241832,0.1998729634923091,90.0,0.0,-5.707147611848907,0.0,0.0,0.0,0.0,0.0,0.0
image_01131.png,1,"[0, 0, 0, 0, 0, 0]",1131,0.0,-3.4405848233404868,4.925461660954181,90.0,0.0,11.23203581567453,0.0,0.0,0.0,0.0,0.0,0.0
image_01132.png,1,"[0, 0, 0, 0, 0, 0]",1132,0.0,6.8888413089561595,5.309643697812905,90.0,0.0,-1.162070285498677,0.0,0.0,0.0,0.0,0.0,0.0
image_01133.png,1,"[0, 0, 0, 0, 0, 0]",1133,0.0,1.8225169445354084,5.144971588335786,90.0,0.0,-12.571502438302746,0.0,0.0,0.0,0.0,0.0,0.0
image_01134.png,1,"[0, 0, 0, 0, 0, 0]",1134,0.0,-7.365496686213191,3.4048407714757785,90.0,0.0,-3.2398774427672525,0.0,0.0,0.0,0.0,0.0,0.0
image_01135.png,1,"[0, 0, 0, 0, 0, 0]",1135,0.0,5.317200447002449,-1.8878626344572575,90.0,0.0,12.02274384497705,0.0,0.0,0.0,0.0,0.0,0.0
image_01136.png,1,"[0, 0, 0, 0, 0, 0]",1136,0.0,-2.627708206347016,5.373358875097987,90.0,0.0,3.2199102129958135,0.0,0.0,0.0,0.0,0.0,0.0
image_01137.png,1,"[0, 0, 0, 0, 0, 0]",1137,0.0,-2.4073065606075374,0.626920778545788,90.0,0.0,-5.5453606525650105,0.0,0.0,0.0,0.0,0.0,0.0
image_01138.png,1,"[0, 0, 0, 0, 0, 0]",1138,0.0,3.425759739043727,4.528716959793507,90.0,0.0,9.156635557246535,0.0,0.0,0.0,0.0,0.0,0.0
image_01139.png,1,"[0, 0, 0, 0, 0, 0]",1139,0.0,2.784413539595292,3.304506083581514,90.0,0.0,-5.017440923418826,0.0,0.0,0.0,0.0,0.0,0.0
image_01140.png,1,"[0, 0, 0, 0, 0, 0]",1140,0.0,3.213084098231107,4.117859025409595,90.0,0.0,1.4231643588489122,0.0,0.0,0.0,0.0,0.0,0.0
image_01141.png,1,"[0, 0, 0, 0, 0, 0]",1141,0.0,5.848456617372406,5.483244343136583,90.0,0.0,-8.544210985050519,0.0,0.0,0.0,0.0,0.0,0.0
image_01142.png,1,"[0, 0, 0, 0, 0, 0]",1142,0.0,4.938304158580621,2.6968453358007825,90.0,0.0,-0.018931846587155896,0.0,0.0,0.0,0.0,0.0,0.0
image_01143.png,1,"[0, 0, 0, 0, 0, 0]",1143,0.0,6.0800376151409665,0.5989442587324225,90.0,0.0,-3.4895340230672955,0.0,0.0,0.0,0.0,0.0,0.0
image_01144.png,1,"[0, 0, 0, 0, 0, 0]",1144,0.0,-4.4760569341643475,3.9441157592330693,90.0,0.0,2.5749326802133563,0.0,0.0,0.0,0.0,0.0,0.0
image_01145.png,1,"[0, 0, 0, 0, 0, 0]",1145,0.0,-0.2111935985905049,-0.31640534466389725,90.0,0.0,-9.623885648582966,0.0,0.0,0.0,0.0,0.0,0.0
image_01146.png,1,"[0, 0, 0, 0, 0, 0]",1146,0.0,-3.595673620424769,4.039606391631631,90.0,0.0,-9.485207516219603,0.0,0.0,0.0,0.0,0.0,0.0
image_01147.png,1,"[0, 0, 0, 0, 0, 0]",1147,0.0,4.301864683892063,1.222746636136761,90.0,0.0,-4.095855247983257,0.0,0.0,0.0,0.0,0.0,0.0
image_01148.png,1,"[0, 0, 0, 0, 0, 0]",1148,0.0,9.910017996400711,2.3242556505155436,0.0,0.0,-4.953941289904203,0.0,0.0,0.0,0.0,0.0,0.0
image_01149.png,1,"[0, 0, 0, 0, 0, 0]",1149,0.0,-6.190905088341665,5.171733489960792,90.0,0.0,1.1055212234643461,0.0,0.0,0.0,0.0,0.0,0.0
image_01150.png,1,"[0, 0, 0, 0, 0, 0]",1150,0.0,9.718056388722246,2.038146722066193,0.0,0.0,6.1332437692549195,0.0,0.0,0.0,0.0,0.0,0.0
image_01151.png,1,"[0, 0, 0, 0, 0, 0]",1151,0.0,9.62207558488302,-1.287955555173948,0.0,0.0,4.027693505856157,0.0,0.0,0.0,0.0,0.0,0.0
image_01152.png,1,"[0, 0, 0, 0, 0, 0]",1152,0.0,-6.416336738031973,0.6264587453585682,90.0,0.0,-4.257654750642535,0.0,0.0,0.0,0.0,0.0,0.0
image_01153.png,1,"[0, 0, 0, 0, 0, 0]",1153,0.0,9.430113977204556,0.7386710274457906,0.0,0.0,-14.846949637207102,0.0,0.0,0.0,0.0,0.0,0.0
image_01154.png,1,"[0, 0, 0, 0, 0, 0]",1154,0.0,-2.6000603385146803,0.09257813617122768,90.0,0.0,8.422134094707214,0.0,0.0,0.0,0.0,0.0,0.0
image_01155.png,1,"[0, 0, 0, 0, 0, 0]",1155,0.0,-7.1210466232860625,1.060435727304346,90.0,0.0,6.0833449336167105,0.0,0.0,0.0,0.0,0.0,0.0
image_01156.png,1,"[0, 0, 0, 0, 0, 0]",1156,0.0,-7.241282597593283,2.6490426602109176,90.0,0.0,6.939166145114829,0.0,0.0,0.0,0.0,0.0,0.0
image_01157.png,1,"[0, 0, 0, 0, 0, 0]",1157,0.0,9.046190761847626,-1.149705436718676,0.0,0.0,2.9516431187424144,0.0,0.0,0.0,0.0,0.0,0.0
image_01158.png,1,"[0, 0, 0, 0, 0, 0]",1158,0.0,8.950209958008386,4.988416866336381,0.0,0.0,10.944938959472033,0.0,0.0,0.0,0.0,0.0,0.0
image_01159.png,1,"[0, 0, 0, 0, 0, 0]",1159,0.0,-5.715742941292007,1.5455924451197927,90.0,0.0,13.958750681133848,0.0,0.0,0.0,0.0,0.0,0.0
image_01160.png,1,"[0, 0, 0, 0, 0, 0]",1160,0.0,0.42750576923099715,3.090862650140421,90.0,0.0,11.767035982362266,0.0,0.0,0.0,0.0,0.0,0.0
image_01161.png,1,"[0, 0, 0, 0, 0, 0]",1161,0.0,8.662267546490696,4.609916021594736,0.0,0.0,-5.428068719638093,0.0,0.0,0.0,0.0,0.0,0.0
image_01162.png,1,"[0, 0, 0, 0, 0, 0]",1162,0.0,1.128051053197872,3.8009751608674627,90.0,0.0,-13.116688968070118,0.0,0.0,0.0,0.0,0.0,0.0
image_01163.png,1,"[0, 0, 0, 0, 0, 0]",1163,0.0,3.7085340831763816,5.19498892272941,90.0,0.0,-0.3936774159305082,0.0,0.0,0.0,0.0,0.0,0.0
image_01164.png,1,"[0, 0, 0, 0, 0, 0]",1164,0.0,-0.003661350694571297,4.857406408048206,90.0,0.0,-1.7825681725854159,0.0,0.0,0.0,0.0,0.0,0.0
image_01165.png,1,"[0, 0, 0, 0, 0, 0]",1165,0.0,3.62243190156741,-0.2856544490506445,90.0,0.0,-3.9514582705715697,0.0,0.0,0.0,0.0,0.0,0.0
image_01166.png,1,"[0, 0, 0, 0, 0, 0]",1166,0.0,6.94362951801164,2.4431361127297064,90.0,0.0,-1.5017279130351078,0.0,0.0,0.0,0.0,0.0,0.0
image_01167.png,1,"[0, 0, 0, 0, 0, 0]",1167,0.0,-4.348887847110575,5.14822131705692,90.0,0.0,0.5933671657714531,0.0,0.0,0.0,0.0,0.0,0.0
image_01168.png,1,"[0, 0, 0, 0, 0, 0]",1168,0.0,4.07344858389915,-1.6289015778346156,90.0,0.0,-8.738940816462641,0.0,0.0,0.0,0.0,0.0,0.0
image_01169.png,1,"[0, 0, 0, 0, 0, 0]",1169,0.0,7.8944211157768365,2.9490879582719094,0.0,0.0,-3.1636913622109484,0.0,0.0,0.0,0.0,0.0,0.0
image_01170.png,1,"[0, 0, 0, 0, 0, 0]",1170,0.0,-4.000866343102189,-1.9256788650185497,90.0,0.0,-3.43965109363025,0.0,0.0,0.0,0.0,0.0,0.0
image_01171.png,1,"[0, 0, 0, 0, 0, 0]",1171,0.0,-1.2338341997698379,-0.5537269107013181,90.0,0.0,10.161815088390451,0.0,0.0,0.0,0.0,0.0,0.0
image_01172.png,1,"[0, 0, 0, 0, 0, 0]",1172,0.0,7.606478704259146,2.7966079090562648,0.0,0.0,-12.387619145492213,0.0,0.0,0.0,0.0,0.0,0.0
image_01173.png,1,"[0, 0, 0, 0, 0, 0]",1173,0.0,7.510497900419907,-1.8078295784349296,0.0,0.0,-2.051711015584483,0.0,0.0,0.0,0.0,0.0,0.0
image_01174.png,1,"[0, 0, 0, 0, 0, 0]",1174,0.0,1.299261029271321,-1.9285315367247928,90.0,0.0,-12.241488311452551,0.0,0.0,0.0,0.0,0.0,0.0
image_01175.png,1,"[0, 0, 0, 0, 0, 0]",1175,0.0,7.318536292741442,-1.4313802611865458,0.0,0.0,-0.17775769553146564,0.0,0.0,0.0,0.0,0.0,0.0
image_01176.png,1,"[0, 0, 0, 0, 0, 0]",1176,0.0,7.222555488902216,3.9363566951099944,0.0,0.0,-0.8305321691338838,0.0,0.0,0.0,0.0,0.0,0.0
image_01177.png,1,"[0, 0, 0, 0, 0, 0]",1177,0.0,-6.910482267545305,-1.9636396504094338,90.0,0.0,-1.8643180707085314,0.0,0.0,0.0,0.0,0.0,0.0
image_01178.png,1,"[0, 0, 0, 0, 0, 0]",1178,0.0,7.030593881223751,1.9511463005488103,0.0,0.0,-3.086411246719279,0.0,0.0,0.0,0.0,0.0,0.0
image_01179.png,1,"[0, 0, 0, 0, 0, 0]",1179,0.0,-0.47609874948219044,4.572907500394548,90.0,0.0,-14.358301590495499,0.0,0.0,0.0,0.0,0.0,0.0
image_01180.png,1,"[0, 0, 0, 0, 0, 0]",1180,0.0,6.8386322735452865,5.163810600382879,0.0,0.0,4.720715943412102,0.0,0.0,0.0,0.0,0.0,0.0
image_01181.png,1,"[0, 0, 0, 0, 0, 0]",1181,0.0,0.7013951331532269,0.8118804017929828,90.0,0.0,-13.049309334177432,0.0,0.0,0.0,0.0,0.0,0.0
image_01182.png,1,"[0, 0, 0, 0, 0, 0]",1182,0.0,-5.529464414388528,4.921995697412683,90.0,0.0,1.0223784797559752,0.0,0.0,0.0,0.0,0.0,0.0
image_01183.png,1,"[0, 0, 0, 0, 0, 0]",1183,0.0,6.550689862027582,3.1504162688974997,0.0,0.0,3.2876983666635926,0.0,0.0,0.0,0.0,0.0,0.0
image_01184.png,1,"[0, 0, 0, 0, 0, 0]",1184,0.0,6.454709058188357,1.785263209055259,0.0,0.0,0.9614435435127842,0.0,0.0,0.0,0.0,0.0,0.0
image_01185.png,1,"[0, 0, 0, 0, 0, 0]",1185,0.0,6.358728254349117,1.6689803929897695,0.0,0.0,-12.014536484107737,0.0,0.0,0.0,0.0,0.0,0.0
image_01186.png,1,"[0, 0, 0, 0, 0, 0]",1186,0.0,6.262747450509892,-0.9163441382609234,0.0,0.0,-2.743385276154124,0.0,0.0,0.0,0.0,0.0,0.0
image_01187.png,1,"[0, 0, 0, 0, 0, 0]",1187,0.0,-4.932657766260363,4.270612545016741,90.0,0.0,3.1547243641977225,0.0,0.0,0.0,0.0,0.0,0.0
image_01188.png,1,"[0, 0, 0, 0, 0, 0]",1188,0.0,-3.127801130359053,2.9183146019519484,90.0,0.0,-8.84631144986086,0.0,0.0,0.0,0.0,0.0,0.0
image_01189.png,1,"[0, 0, 0, 0, 0, 0]",1189,0.0,5.974805038992201,4.6800545651847205,0.0,0.0,5.8388298171780395,0.0,0.0,0.0,0.0,0.0,0.0
image_01190.png,1,"[0, 0, 0, 0, 0, 0]",1190,0.0,5.878824235152962,2.394297563085737,0.0,0.0,-1.312193008467572,0.0,0.0,0.0,0.0,0.0,0.0
image_01191.png,1,"[0, 0, 0, 0, 0, 0]",1191,0.0,5.7828434313137365,4.011311721108376,0.0,0.0,-6.2411651011898295,0.0,0.0,0.0,0.0,0.0,0.0
image_01192.png,1,"[0, 0, 0, 0, 0, 0]",1192,0.0,5.686862627474497,2.946041291620478,0.0,0.0,-3.937110398497839,0.0,0.0,0.0,0.0,0.0,0.0
image_01193.png,1,"[0, 0, 0, 0, 0, 0]",1193,0.0,5.5908818236352715,2.886933030613834,0.0,0.0,1.943529961191597,0.0,0.0,0.0,0.0,0.0,0.0
image_01194.png,1,"[0, 0, 0, 0, 0, 0]",1194,0.0,5.494901019796032,4.881865757880752,0.0,0.0,-5.795756917257156,0.0,0.0,0.0,0.0,0.0,0.0
image_01195.png,1,"[0, 0, 0, 0, 0, 0]",1195,0.0,5.398920215956807,1.2876026455486986,0.0,0.0,16.68519709621177,0.0,0.0,0.0,0.0,0.0,0.0
image_01196.png,1,"[0, 0, 0, 0, 0, 0]",1196,0.0,-0.9190115470988971,1.2898947527052522,90.0,0.0,2.1824480994074156,0.0,0.0,0.0,0.0,0.0,0.0
image_01197.png,1,"[0, 0, 0, 0, 0, 0]",1197,0.0,5.206958608278342,0.4703054858349658,0.0,0.0,-12.561078804172286,0.0,0.0,0.0,0.0,0.0,0.0
image_01198.png,1,"[0, 0, 0, 0, 0, 0]",1198,0.0,5.110977804439102,4.223146268758002,0.0,0.0,-7.907808559336667,0.0,0.0,0.0,0.0,0.0,0.0
image_01199.png,1,"[0, 0, 0, 0, 0, 0]",1199,0.0,1.9427463592185603,-1.6643076288875616,90.0,0.0,-14.007582886739796,0.0,0.0,0.0,0.0,0.0,0.0
image_01200.png,1,"[0, 0, 0, 0, 0, 0]",1200,0.0,4.919016196760637,4.018879367004811,0.0,0.0,-8.606962596196539,0.0,0.0,0.0,0.0,0.0,0.0
image_01201.png,1,"[0, 0, 0, 0, 0, 0]",1201,0.0,4.823035392921412,2.8080011020968216,0.0,0.0,2.1766405072377997,0.0,0.0,0.0,0.0,0.0,0.0
image_01202.png,1,"[0, 0, 0, 0, 0, 0]",1202,0.0,2.7862719589545435,1.3911269582523098,90.0,0.0,-6.094927474414625,0.0,0.0,0.0,0.0,0.0,0.0
image_01203.png,1,"[0, 0, 0, 0, 0, 0]",1203,0.0,4.631073785242947,2.141157660442815,0.0,0.0,-9.024482783062497,0.0,0.0,0.0,0.0,0.0,0.0
image_01204.png,1,"[0, 0, 0, 0, 0, 0]",1204,0.0,4.535092981403707,0.5160280126384542,0.0,0.0,17.985948419924885,0.0,0.0,0.0,0.0,0.0,0.0
image_01205.png,1,"[0, 0, 0, 0, 0, 0]",1205,0.0,4.439112177564482,-1.3593620008784857,0.0,0.0,-7.940442697108702,0.0,0.0,0.0,0.0,0.0,0.0
image_01206.png,1,"[0, 0, 0, 0, 0, 0]",1206,0.0,-0.9384580188120211,1.8130461808469898,90.0,0.0,0.032836570387922454,0.0,0.0,0.0,0.0,0.0,0.0
image_01207.png,1,"[0, 0, 0, 0, 0, 0]",1207,0.0,4.247150569886017,1.451963233182513,0.0,0.0,-9.251787805520122,0.0,0.0,0.0,0.0,0.0,0.0
image_01208.png,1,"[0, 0, 0, 0, 0, 0]",1208,0.0,4.1511697660467775,-1.5605702244435529,0.0,0.0,-4.937996218029603,0.0,0.0,0.0,0.0,0.0,0.0
image_01209.png,1,"[0, 0, 0, 0, 0, 0]",1209,0.0,4.055188962207552,1.0463481375114272,0.0,0.0,-1.31250382485331,0.0,0.0,0.0,0.0,0.0,0.0
image_01210.png,1,"[0, 0, 0, 0, 0, 0]",1210,0.0,3.9592081583683125,-1.1998451706009556,0.0,0.0,1.9610874726083418,0.0,0.0,0.0,0.0,0.0,0.0
image_01211.png,1,"[0, 0, 0, 0, 0, 0]",1211,0.0,3.863227354529087,4.828422818995749,0.0,0.0,18.219981656091196,0.0,0.0,0.0,0.0,0.0,0.0
image_01212.png,1,"[0, 0, 0, 0, 0, 0]",1212,0.0,-0.97404612918033,4.540816714516815,90.0,0.0,-0.06444972084876317,0.0,0.0,0.0,0.0,0.0,0.0
image_01213.png,1,"[0, 0, 0, 0, 0, 0]",1213,0.0,3.6712657468506222,-1.5656246723511358,0.0,0.0,8.848017492139894,0.0,0.0,0.0,0.0,0.0,0.0
image_01214.png,1,"[0, 0, 0, 0, 0, 0]",1214,0.0,3.575284943011397,5.192676114125047,0.0,0.0,-3.6957310865019544,0.0,0.0,0.0,0.0,0.0,0.0
image_01215.png,1,"[0, 0, 0, 0, 0, 0]",1215,0.0,3.4793041391721573,1.898598677980484,0.0,0.0,-2.353605616336634,0.0,0.0,0.0,0.0,0.0,0.0
image_01216.png,1,"[0, 0, 0, 0, 0, 0]",1216,0.0,3.383323335332932,-0.823593031201378,0.0,0.0,3.9045002145696035,0.0,0.0,0.0,0.0,0.0,0.0
image_01217.png,1,"[0, 0, 0, 0, 0, 0]",1217,0.0,-2.086581890657513,3.0355209561751044,90.0,0.0,-3.212658168505413,0.0,0.0,0.0,0.0,0.0,0.0
image_01218.png,1,"[0, 0, 0, 0, 0, 0]",1218,0.0,-2.6924391367233085,-0.30804060732185734,90.0,0.0,5.027630511139073,0.0,0.0,0.0,0.0,0.0,0.0
image_01219.png,1,"[0, 0, 0, 0, 0, 0]",1219,0.0,3.0953809238152274,5.190523036024209,0.0,0.0,8.460984315218958,0.0,0.0,0.0,0.0,0.0,0.0
image_01220.png,1,"[0, 0, 0, 0, 0, 0]",1220,0.0,2.999400119976002,0.8692298165760626,0.0,0.0,-19.036594117346088,0.0,0.0,0.0,0.0,0.0,0.0
image_01221.png,1,"[0, 0, 0, 0, 0, 0]",1221,0.0,2.9034193161367625,0.98053655310507,0.0,0.0,1.8956358824790844,0.0,0.0,0.0,0.0,0.0,0.0
image_01222.png,1,"[0, 0, 0, 0, 0, 0]",1222,0.0,-1.2008962699551233,4.461815778411224,90.0,0.0,1.7542682654222221,0.0,0.0,0.0,0.0,0.0,0.0
image_01223.png,1,"[0, 0, 0, 0, 0, 0]",1223,0.0,2.7114577084582976,2.9641953765774653,0.0,0.0,-1.3731736671440806,0.0,0.0,0.0,0.0,0.0,0.0
image_01224.png,1,"[0, 0, 0, 0, 0, 0]",1224,0.0,2.6154769046190722,4.2848972504406575,0.0,0.0,-7.2788982975306595,0.0,0.0,0.0,0.0,0.0,0.0
image_01225.png,1,"[0, 0, 0, 0, 0, 0]",1225,0.0,2.5194961007798327,-1.4876361537345824,0.0,0.0,7.32248641498508,0.0,0.0,0.0,0.0,0.0,0.0
image_01226.png,1,"[0, 0, 0, 0, 0, 0]",1226,0.0,2.4235152969406073,0.8076011558923013,0.0,0.0,-2.777834450593269,0.0,0.0,0.0,0.0,0.0,0.0
image_01227.png,1,"[0, 0, 0, 0, 0, 0]",1227,0.0,2.3275344931013677,1.1751709931604828,0.0,0.0,7.522061780206157,0.0,0.0,0.0,0.0,0.0,0.0
image_01228.png,1,"[0, 0, 0, 0, 0, 0]",1228,0.0,2.2315536892621424,4.745948468953207,0.0,0.0,-3.3130009388466632,0.0,0.0,0.0,0.0,0.0,0.0
image_01229.png,1,"[0, 0, 0, 0, 0, 0]",1229,0.0,2.135572885422903,1.7604357995605469,0.0,0.0,-12.199026799636258,0.0,0.0,0.0,0.0,0.0,0.0
image_01230.png,1,"[0, 0, 0, 0, 0, 0]",1230,0.0,1.9851082090708445,3.729037428928792,90.0,0.0,-6.853379596736146,0.0,0.0,0.0,0.0,0.0,0.0
image_01231.png,1,"[0, 0, 0, 0, 0, 0]",1231,0.0,1.9436112777444379,-1.4580931903895806,0.0,0.0,10.927881973631584,0.0,0.0,0.0,0.0,0.0,0.0
image_01232.png,1,"[0, 0, 0, 0, 0, 0]",1232,0.0,1.8476304739052125,-0.12745653717727312,0.0,0.0,1.8329167616527002,0.0,0.0,0.0,0.0,0.0,0.0
image_01233.png,1,"[0, 0, 0, 0, 0, 0]",1233,0.0,1.751649670065973,-1.3269459915130115,0.0,0.0,-4.170472798754102,0.0,0.0,0.0,0.0,0.0,0.0
image_01234.png,1,"[0, 0, 0, 0, 0, 0]",1234,0.0,1.6556688662267476,-1.8765110525394797,0.0,0.0,-11.82030183726383,0.0,0.0,0.0,0.0,0.0,0.0
image_01235.png,1,"[0, 0, 0, 0, 0, 0]",1235,0.0,1.5596880623875222,1.91489426131138,0.0,0.0,-6.794606867029967,0.0,0.0,0.0,0.0,0.0,0.0
image_01236.png,1,"[0, 0, 0, 0, 0, 0]",1236,0.0,1.4637072585482827,1.8923094124456323,0.0,0.0,-3.2185655653116982,0.0,0.0,0.0,0.0,0.0,0.0
image_01237.png,1,"[0, 0, 0, 0, 0, 0]",1237,0.0,1.3677264547090573,-1.3306595422897598,0.0,0.0,2.442458319649365,0.0,0.0,0.0,0.0,0.0,0.0
image_01238.png,1,"[0, 0, 0, 0, 0, 0]",1238,0.0,1.2717456508698177,-1.4544511804159856,0.0,0.0,4.783003249287366,0.0,0.0,0.0,0.0,0.0,0.0
image_01239.png,1,"[0, 0, 0, 0, 0, 0]",1239,0.0,1.1757648470305924,1.0491572253825856,0.0,0.0,5.313502633794202,0.0,0.0,0.0,0.0,0.0,0.0
image_01240.png,1,"[0, 0, 0, 0, 0, 0]",1240,0.0,1.0797840431913528,-1.4274597740997015,0.0,0.0,6.56758922989444,0.0,0.0,0.0,0.0,0.0,0.0
image_01241.png,1,"[0, 0, 0, 0, 0, 0]",1241,0.0,0.9838032393521274,2.636432311729923,0.0,0.0,-13.05813051698058,0.0,0.0,0.0,0.0,0.0,0.0
image_01242.png,1,"[0, 0, 0, 0, 0, 0]",1242,0.0,0.8878224355128879,1.7594372109491379,0.0,0.0,1.4783142799222035,0.0,0.0,0.0,0.0,0.0,0.0
image_01243.png,1,"[0, 0, 0, 0, 0, 0]",1243,0.0,0.7918416316736625,0.20242609763583497,0.0,0.0,2.8852908445583165,0.0,0.0,0.0,0.0,0.0,0.0
image_01244.png,1,"[0, 0, 0, 0, 0, 0]",1244,0.0,0.6958608278344229,2.36905169601045,0.0,0.0,4.287672958134466,0.0,0.0,0.0,0.0,0.0,0.0
image_01245.png,1,"[0, 0, 0, 0, 0, 0]",1245,0.0,0.5998800239951976,0.4163160695107342,0.0,0.0,-9.393527737759033,0.0,0.0,0.0,0.0,0.0,0.0
image_01246.png,1,"[0, 0, 0, 0, 0, 0]",1246,0.0,0.503899220155958,1.005204466030266,0.0,0.0,0.10145975237980694,0.0,0.0,0.0,0.0,0.0,0.0
image_01247.png,1,"[0, 0, 0, 0, 0, 0]",1247,0.0,0.40791841631673265,4.94051886513972,0.0,0.0,1.3123912178046808,0.0,0.0,0.0,0.0,0.0,0.0
image_01248.png,1,"[0, 0, 0, 0, 0, 0]",1248,0.0,0.3119376124774931,5.496164309280815,0.0,0.0,-7.228682740152926,0.0,0.0,0.0,0.0,0.0,0.0
image_01249.png,1,"[0, 0, 0, 0, 0, 0]",1249,0.0,0.21595680863826772,-0.9544980146140605,0.0,0.0,3.9836203283304887,0.0,0.0,0.0,0.0,0.0,0.0
image_01250.png,1,"[0, 0, 0, 0, 0, 0]",1250,0.0,0.11997600479902815,-1.0575255241189647,0.0,0.0,10.952165921160235,0.0,0.0,0.0,0.0,0.0,0.0
image_01251.png,1,"[0, 0, 0, 0, 0, 0]",1251,0.0,0.023995200959802787,2.5790675451267404,0.0,0.0,0.25922961800286115,0.0,0.0,0.0,0.0,0.0,0.0
image_01252.png,1,"[0, 0, 0, 0, 0, 0]",1252,0.0,0.07198560287943678,-1.9506096587052593,90.0,0.0,-3.814848453475666,0.0,0.0,0.0,0.0,0.0,0.0
image_01253.png,1,"[0, 0, 0, 0, 0, 0]",1253,0.0,0.16796640671866214,0.9102083975874993,90.0,0.0,3.293487845268673,0.0,0.0,0.0,0.0,0.0,0.0
image_01254.png,1,"[0, 0, 0, 0, 0, 0]",1254,0.0,0.2639472105579017,-0.18950239251738377,90.0,0.0,-7.41579086065686,0.0,0.0,0.0,0.0,0.0,0.0
image_01255.png,1,"[0, 0, 0, 0, 0, 0]",1255,0.0,0.35992801439712707,-0.48660371252076406,90.0,0.0,-4.212248630531869,0.0,0.0,0.0,0.0,0.0,0.0
image_01256.png,1,"[0, 0, 0, 0, 0, 0]",1256,0.0,0.45590881823636664,4.351793247504929,90.0,0.0,2.562207573501688,0.0,0.0,0.0,0.0,0.0,0.0
image_01257.png,1,"[0, 0, 0, 0, 0, 0]",1257,0.0,0.551889622075592,4.649799362260842,90.0,0.0,-2.267008294206036,0.0,0.0,0.0,0.0,0.0,0.0
image_01258.png,1,"[0, 0, 0, 0, 0, 0]",1258,0.0,0.6478704259148174,5.114255141424065,90.0,0.0,3.9874319443378865,0.0,0.0,0.0,0.0,0.0,0.0
image_01259.png,1,"[0, 0, 0, 0, 0, 0]",1259,0.0,0.7438512297540569,-1.6947235475922253,90.0,0.0,8.29238457430655,0.0,0.0,0.0,0.0,0.0,0.0
image_01260.png,1,"[0, 0, 0, 0, 0, 0]",1260,0.0,0.8398320335932823,1.6220832309087032,90.0,0.0,8.624264900995017,0.0,0.0,0.0,0.0,0.0,0.0
image_01261.png,1,"[0, 0, 0, 0, 0, 0]",1261,0.0,0.9358128374325219,0.32263312985252,90.0,0.0,-9.692831619688183,0.0,0.0,0.0,0.0,0.0,0.0
image_01262.png,1,"[0, 0, 0, 0, 0, 0]",1262,0.0,1.0317936412717472,3.9852575862889763,90.0,0.0,19.818049628692123,0.0,0.0,0.0,0.0,0.0,0.0
image_01263.png,1,"[0, 0, 0, 0, 0, 0]",1263,0.0,1.1277744451109868,0.7856404125287053,90.0,0.0,-4.045373850823301,0.0,0.0,0.0,0.0,0.0,0.0
image_01264.png,1,"[0, 0, 0, 0, 0, 0]",1264,0.0,1.2237552489502121,0.4956837749127718,90.0,0.0,6.676839363269226,0.0,0.0,0.0,0.0,0.0,0.0
image_01265.png,1,"[0, 0, 0, 0, 0, 0]",1265,0.0,1.3197360527894517,2.8498443618743723,90.0,0.0,-1.6234852533169308,0.0,0.0,0.0,0.0,0.0,0.0
image_01266.png,1,"[0, 0, 0, 0, 0, 0]",1266,0.0,1.415716856628677,0.34737797996050457,90.0,0.0,5.374429077053556,0.0,0.0,0.0,0.0,0.0,0.0
image_01267.png,1,"[0, 0, 0, 0, 0, 0]",1267,0.0,1.5116976604679166,3.6463563060709667,90.0,0.0,-9.246327997638062,0.0,0.0,0.0,0.0,0.0,0.0
image_01268.png,1,"[0, 0, 0, 0, 0, 0]",1268,0.0,0.7983187424190135,5.302897889583859,0.0,0.0,10.998101133280699,0.0,0.0,0.0,0.0,0.0,0.0
image_01269.png,1,"[0, 0, 0, 0, 0, 0]",1269,0.0,1.7036592681463816,4.969640582412541,90.0,0.0,-9.395238759190589,0.0,0.0,0.0,0.0,0.0,0.0
image_01270.png,1,"[0, 0, 0, 0, 0, 0]",1270,0.0,1.799640071985607,2.4890171575943016,90.0,0.0,-1.4207111886313255,0.0,0.0,0.0,0.0,0.0,0.0
image_01271.png,1,"[0, 0, 0, 0, 0, 0]",1271,0.0,1.8956208758248465,3.342654986280575,90.0,0.0,-11.316586341617311,0.0,0.0,0.0,0.0,0.0,0.0
image_01272.png,1,"[0, 0, 0, 0, 0, 0]",1272,0.0,1.9916016796640719,5.453813954625897,90.0,0.0,13.096762001413897,0.0,0.0,0.0,0.0,0.0,0.0
image_01273.png,1,"[0, 0, 0, 0, 0, 0]",1273,0.0,2.0875824835033114,1.51333074014281,90.0,0.0,-19.909524955480887,0.0,0.0,0.0,0.0,0.0,0.0
image_01274.png,1,"[0, 0, 0, 0, 0, 0]",1274,0.0,-1.1155672413591873,4.942446474294918,0.0,0.0,-4.542869557731988,0.0,0.0,0.0,0.0,0.0,0.0
image_01275.png,1,"[0, 0, 0, 0, 0, 0]",1275,0.0,2.2795440911817764,0.15560247022458462,90.0,0.0,4.6669282687462355,0.0,0.0,0.0,0.0,0.0,0.0
image_01276.png,1,"[0, 0, 0, 0, 0, 0]",1276,0.0,2.3755248950210017,3.5650393086398564,90.0,0.0,-9.293884388527474,0.0,0.0,0.0,0.0,0.0,0.0
image_01277.png,1,"[0, 0, 0, 0, 0, 0]",1277,0.0,2.4715056988602413,1.5327362792286197,90.0,0.0,7.849005131797459,0.0,0.0,0.0,0.0,0.0,0.0
image_01278.png,1,"[0, 0, 0, 0, 0, 0]",1278,0.0,2.5674865026994667,4.759106378033564,90.0,0.0,3.422381769348626,0.0,0.0,0.0,0.0,0.0,0.0
image_01279.png,1,"[0, 0, 0, 0, 0, 0]",1279,0.0,2.6634673065387062,-1.3652025899860594,90.0,0.0,-10.346945546942587,0.0,0.0,0.0,0.0,0.0,0.0
image_01280.png,1,"[0, 0, 0, 0, 0, 0]",1280,0.0,-2.4888929337985104,0.5512020301943843,0.0,0.0,-8.410039928743137,0.0,0.0,0.0,0.0,0.0,0.0
image_01281.png,1,"[0, 0, 0, 0, 0, 0]",1281,0.0,2.855428914217157,2.9430745053103387,90.0,0.0,-7.940239878964938,0.0,0.0,0.0,0.0,0.0,0.0
image_01282.png,1,"[0, 0, 0, 0, 0, 0]",1282,0.0,2.9514097180563965,5.437302276591698,90.0,0.0,-2.3530184723283356,0.0,0.0,0.0,0.0,0.0,0.0
image_01283.png,1,"[0, 0, 0, 0, 0, 0]",1283,0.0,3.047390521895622,-0.29207100631299854,90.0,0.0,-6.244325866545343,0.0,0.0,0.0,0.0,0.0,0.0
image_01284.png,1,"[0, 0, 0, 0, 0, 0]",1284,0.0,-0.7855073132973871,0.7499387116688161,0.0,0.0,-9.495517862137069,0.0,0.0,0.0,0.0,0.0,0.0
image_01285.png,1,"[0, 0, 0, 0, 0, 0]",1285,0.0,-2.9047686284440317,-0.5305699408833593,0.0,0.0,-2.8122940464254595,0.0,0.0,0.0,0.0,0.0,0.0
image_01286.png,1,"[0, 0, 0, 0, 0, 0]",1286,0.0,3.3353329334133264,-0.6730535531600945,90.0,0.0,15.842496545063042,0.0,0.0,0.0,0.0,0.0,0.0
image_01287.png,1,"[0, 0, 0, 0, 0, 0]",1287,0.0,3.4313137372525517,0.8471589977782523,90.0,0.0,-3.305589381974778,0.0,0.0,0.0,0.0,0.0,0.0
image_01288.png,1,"[0, 0, 0, 0, 0, 0]",1288,0.0,3.5272945410917913,-1.8828775731719225,90.0,0.0,3.377343197318193,0.0,0.0,0.0,0.0,0.0,0.0
image_01289.png,1,"[0, 0, 0, 0, 0, 0]",1289,0.0,3.6232753449310167,-0.18097655389045664,90.0,0.0,3.8237368415103714,0.0,0.0,0.0,0.0,0.0,0.0
image_01290.png,1,"[0, 0, 0, 0, 0, 0]",1290,0.0,3.7192561487702562,1.4222171859548416,90.0,0.0,2.6932238509005852,0.0,0.0,0.0,0.0,0.0,0.0
image_01291.png,1,"[0, 0, 0, 0, 0, 0]",1291,0.0,3.8152369526094816,2.8609638062057865,90.0,0.0,4.528343646791762,0.0,0.0,0.0,0.0,0.0,0.0
image_01292.png,1,"[0, 0, 0, 0, 0, 0]",1292,0.0,3.911217756448721,-1.0105093781017342,90.0,0.0,5.729688018117556,0.0,0.0,0.0,0.0,0.0,0.0
image_01293.png,1,"[0, 0, 0, 0, 0, 0]",1293,0.0,4.0071985602879465,-0.11674305056349477,90.0,0.0,11.02290885821086,0.0,0.0,0.0,0.0,0.0,0.0
image_01294.png,1,"[0, 0, 0, 0, 0, 0]",1294,0.0,0.8838952771917761,1.875566031260846,0.0,0.0,0.8151959611217917,0.0,0.0,0.0,0.0,0.0,0.0
image_01295.png,1,"[0, 0, 0, 0, 0, 0]",1295,0.0,4.1991601679664114,2.799166535138421,90.0,0.0,-6.630476389168046,0.0,0.0,0.0,0.0,0.0,0.0
image_01296.png,1,"[0, 0, 0, 0, 0, 0]",1296,0.0,4.295140971805651,0.18429303403398745,90.0,0.0,7.694203365540497,0.0,0.0,0.0,0.0,0.0,0.0
image_01297.png,1,"[0, 0, 0, 0, 0, 0]",1297,0.0,1.5226742691989514,-0.815928821811259,0.0,0.0,-2.931407218549398,0.0,0.0,0.0,0.0,0.0,0.0
image_01298.png,1,"[0, 0, 0, 0, 0, 0]",1298,0.0,4.487102579484116,0.7185972813291301,90.0,0.0,-3.853580060782985,0.0,0.0,0.0,0.0,0.0,0.0
image_01299.png,1,"[0, 0, 0, 0, 0, 0]",1299,0.0,4.583083383323341,5.157740733358657,90.0,0.0,8.820578295315848,0.0,0.0,0.0,0.0,0.0,0.0
image_01300.png,1,"[0, 0, 0, 0, 0, 0]",1300,0.0,4.679064187162581,1.271475639999053,90.0,0.0,8.94928277511086,0.0,0.0,0.0,0.0,0.0,0.0
image_01301.png,1,"[0, 0, 0, 0, 0, 0]",1301,0.0,4.216880759868388,0.9406154470779899,0.0,0.0,15.181698872710838,0.0,0.0,0.0,0.0,0.0,0.0
image_01302.png,1,"[0, 0, 0, 0, 0, 0]",1302,0.0,-2.778262143770121,1.2882570090209313,0.0,0.0,8.136131115358987,0.0,0.0,0.0,0.0,0.0,0.0
image_01303.png,1,"[0, 0, 0, 0, 0, 0]",1303,0.0,3.2820821920150323,0.9887293824158983,0.0,0.0,3.045975357556501,0.0,0.0,0.0,0.0,0.0,0.0
image_01304.png,1,"[0, 0, 0, 0, 0, 0]",1304,0.0,5.062987402519511,0.4066218793880316,90.0,0.0,2.7756073670827486,0.0,0.0,0.0,0.0,0.0,0.0
image_01305.png,1,"[0, 0, 0, 0, 0, 0]",1305,0.0,5.158968206358736,3.508373585859589,90.0,0.0,-1.7666235250527456,0.0,0.0,0.0,0.0,0.0,0.0
image_01306.png,1,"[0, 0, 0, 0, 0, 0]",1306,0.0,5.2549490101979615,5.222517767557018,90.0,0.0,-0.0883810738377891,0.0,0.0,0.0,0.0,0.0,0.0
image_01307.png,1,"[0, 0, 0, 0, 0, 0]",1307,0.0,0.636699221506106,-0.25480486088616705,0.0,0.0,-7.163487017216961,0.0,0.0,0.0,0.0,0.0,0.0
image_01308.png,1,"[0, 0, 0, 0, 0, 0]",1308,0.0,5.446910617876426,3.3091918226298276,90.0,0.0,-4.831621342092626,0.0,0.0,0.0,0.0,0.0,0.0
image_01309.png,1,"[0, 0, 0, 0, 0, 0]",1309,0.0,-3.7760844563633285,-1.494674691588076,0.0,0.0,-15.363711060335188,0.0,0.0,0.0,0.0,0.0,0.0
image_01310.png,1,"[0, 0, 0, 0, 0, 0]",1310,0.0,5.638872225554891,1.854754058703794,90.0,0.0,-1.4311556672377783,0.0,0.0,0.0,0.0,0.0,0.0
image_01311.png,1,"[0, 0, 0, 0, 0, 0]",1311,0.0,-4.743378202863283,1.3066839597306559,0.0,0.0,3.333152209354539,0.0,0.0,0.0,0.0,0.0,0.0
image_01312.png,1,"[0, 0, 0, 0, 0, 0]",1312,0.0,1.769161927871444,2.0975508348295744,0.0,0.0,-1.2593317009209586,0.0,0.0,0.0,0.0,0.0,0.0
image_01313.png,1,"[0, 0, 0, 0, 0, 0]",1313,0.0,-1.655959791821445,2.823423635149287,0.0,0.0,-2.2756765937330083,0.0,0.0,0.0,0.0,0.0,0.0
image_01314.png,1,"[0, 0, 0, 0, 0, 0]",1314,0.0,6.022795440911821,5.387489099745438,90.0,0.0,-13.19720363879484,0.0,0.0,0.0,0.0,0.0,0.0
image_01315.png,1,"[0, 0, 0, 0, 0, 0]",1315,0.0,-2.716254584261705,1.0925076036852746,0.0,0.0,6.067247331010678,0.0,0.0,0.0,0.0,0.0,0.0
image_01316.png,1,"[0, 0, 0, 0, 0, 0]",1316,0.0,6.214757048590286,0.6245520356309164,90.0,0.0,-0.6367698493210192,0.0,0.0,0.0,0.0,0.0,0.0
image_01317.png,1,"[0, 0, 0, 0, 0, 0]",1317,0.0,-1.1598309972175045,0.4444407821845502,0.0,0.0,7.94531877592121,0.0,0.0,0.0,0.0,0.0,0.0
image_01318.png,1,"[0, 0, 0, 0, 0, 0]",1318,0.0,6.406718656268751,2.0212276775528775,90.0,0.0,9.457960025061617,0.0,0.0,0.0,0.0,0.0,0.0
image_01319.png,1,"[0, 0, 0, 0, 0, 0]",1319,0.0,0.7944431641973608,1.958784904278791,0.0,0.0,0.044691182435287725,0.0,0.0,0.0,0.0,0.0,0.0
image_01320.png,1,"[0, 0, 0, 0, 0, 0]",1320,0.0,6.598680263947216,-1.6742114684463665,90.0,0.0,2.7071727471185687,0.0,0.0,0.0,0.0,0.0,0.0
image_01321.png,1,"[0, 0, 0, 0, 0, 0]",1321,0.0,6.6946610677864555,3.4163913722618204,90.0,0.0,10.201782345600456,0.0,0.0,0.0,0.0,0.0,0.0
image_01322.png,1,"[0, 0, 0, 0, 0, 0]",1322,0.0,6.790641871625681,3.3037556893224664,90.0,0.0,17.99467205013628,0.0,0.0,0.0,0.0,0.0,0.0
image_01323.png,1,"[0, 0, 0, 0, 0, 0]",1323,0.0,6.8866226754649205,5.374531006377262,90.0,0.0,-12.87976548014093,0.0,0.0,0.0,0.0,0.0,0.0
image_01324.png,1,"[0, 0, 0, 0, 0, 0]",1324,0.0,6.982603479304146,0.8458799870856097,90.0,0.0,15.924149171726052,0.0,0.0,0.0,0.0,0.0,0.0
image_01325.png,1,"[0, 0, 0, 0, 0, 0]",1325,0.0,-4.059489029542021,0.1483639833395176,0.0,0.0,4.251139533810786,0.0,0.0,0.0,0.0,0.0,0.0
image_01326.png,1,"[0, 0, 0, 0, 0, 0]",1326,0.0,7.174565086982611,2.3142699833377227,90.0,0.0,-11.768499853435582,0.0,0.0,0.0,0.0,0.0,0.0
image_01327.png,1,"[0, 0, 0, 0, 0, 0]",1327,0.0,7.27054589082185,-1.4618371252766926,90.0,0.0,8.266711523147245,0.0,0.0,0.0,0.0,0.0,0.0
image_01328.png,1,"[0, 0, 0, 0, 0, 0]",1328,0.0,-6.939143954158737,-0.7219279603214575,0.0,0.0,-6.237382237056177,0.0,0.0,0.0,0.0,0.0,0.0
image_01329.png,1,"[0, 0, 0, 0, 0, 0]",1329,0.0,7.462507498500301,-1.8927265026871747,90.0,0.0,3.4267554220619787,0.0,0.0,0.0,0.0,0.0,0.0
image_01330.png,1,"[0, 0, 0, 0, 0, 0]",1330,0.0,7.558488302339541,2.9516740739701595,90.0,0.0,-2.139690129081913,0.0,0.0,0.0,0.0,0.0,0.0
image_01331.png,1,"[0, 0, 0, 0, 0, 0]",1331,0.0,-4.264084719085233,-0.4525547817359996,0.0,0.0,-0.24731034954244988,0.0,0.0,0.0,0.0,0.0,0.0
image_01332.png,1,"[0, 0, 0, 0, 0, 0]",1332,0.0,7.7504499100180055,-0.4290292592634528,90.0,0.0,11.725752050703404,0.0,0.0,0.0,0.0,0.0,0.0
image_01333.png,1,"[0, 0, 0, 0, 0, 0]",1333,0.0,7.846430713857231,0.8260532122712902,90.0,0.0,-12.536542604495267,0.0,0.0,0.0,0.0,0.0,0.0
image_01334.png,1,"[0, 0, 0, 0, 0, 0]",1334,0.0,7.9424115176964705,4.206212793948004,90.0,0.0,-0.8363550206365962,0.0,0.0,0.0,0.0,0.0,0.0
image_01335.png,1,"[0, 0, 0, 0, 0, 0]",1335,0.0,8.038392321535696,1.828204673505208,90.0,0.0,-8.034475951682827,0.0,0.0,0.0,0.0,0.0,0.0
image_01336.png,1,"[0, 0, 0, 0, 0, 0]",1336,0.0,0.6390880085002948,1.022974146163909,0.0,0.0,10.583706866215666,0.0,0.0,0.0,0.0,0.0,0.0
image_01337.png,1,"[0, 0, 0, 0, 0, 0]",1337,0.0,-0.054555910514530126,5.461435223400579,0.0,0.0,3.0698321454234665,0.0,0.0,0.0,0.0,0.0,0.0
image_01338.png,1,"[0, 0, 0, 0, 0, 0]",1338,0.0,8.326334733053386,1.6114482444259037,90.0,0.0,-0.12674954399634975,0.0,0.0,0.0,0.0,0.0,0.0
image_01339.png,1,"[0, 0, 0, 0, 0, 0]",1339,0.0,8.422315536892626,0.42615899221906206,90.0,0.0,9.008429398369387,0.0,0.0,0.0,0.0,0.0,0.0
image_01340.png,1,"[0, 0, 0, 0, 0, 0]",1340,0.0,-2.344111587212481,5.226871869916394,0.0,0.0,6.520823273844164,0.0,0.0,0.0,0.0,0.0,0.0
image_01341.png,1,"[0, 0, 0, 0, 0, 0]",1341,0.0,8.614277144571105,1.2182963125121864,90.0,0.0,15.686302104187416,0.0,0.0,0.0,0.0,0.0,0.0
image_01342.png,1,"[0, 0, 0, 0, 0, 0]",1342,0.0,8.710257948410316,-0.7078051284308762,90.0,0.0,-0.504825090924306,0.0,0.0,0.0,0.0,0.0,0.0
image_01343.png,1,"[0, 0, 0, 0, 0, 0]",1343,0.0,8.806238752249556,4.865747125224202,90.0,0.0,5.142533370057895,0.0,0.0,0.0,0.0,0.0,0.0
image_01344.png,1,"[0, 0, 0, 0, 0, 0]",1344,0.0,8.902219556088795,1.4266823157889705,90.0,0.0,-3.7883055777940218,0.0,0.0,0.0,0.0,0.0,0.0
image_01345.png,1,"[0, 0, 0, 0, 0, 0]",1345,0.0,7.962121334368298,-1.670052768820896,0.0,0.0,1.6512489509905257,0.0,0.0,0.0,0.0,0.0,0.0
image_01346.png,1,"[0, 0, 0, 0, 0, 0]",1346,0.0,-2.416100013472274,4.41123872265385,0.0,0.0,14.764847132622704,0.0,0.0,0.0,0.0,0.0,0.0
image_01347.png,1,"[0, 0, 0, 0, 0, 0]",1347,0.0,-5.825803614344039,-1.2882669521916081,0.0,0.0,10.419091594905044,0.0,0.0,0.0,0.0,0.0,0.0
image_01348.png,1,"[0, 0, 0, 0, 0, 0]",1348,0.0,-5.396851920246675,5.129895927549445,0.0,0.0,-1.9055692135306337,0.0,0.0,0.0,0.0,0.0,0.0
image_01349.png,1,"[0, 0, 0, 0, 0, 0]",1349,0.0,6.391818841601797,0.3674928086223206,0.0,0.0,7.91816423144064,0.0,0.0,0.0,0.0,0.0,0.0
image_01350.png,1,"[0, 0, 0, 0, 0, 0]",1350,0.0,9.478104379124176,4.061179119481074,90.0,0.0,0.7272423506151703,0.0,0.0,0.0,0.0,0.0,0.0
image_01351.png,1,"[0, 0, 0, 0, 0, 0]",1351,0.0,2.350187712582546,1.9311314384841243,0.0,0.0,12.427854126989388,0.0,0.0,0.0,0.0,0.0,0.0
image_01352.png,1,"[0, 0, 0, 0, 0, 0]",1352,0.0,7.600486647462432,0.7676944182643801,0.0,0.0,17.946754206755124,0.0,0.0,0.0,0.0,0.0,0.0
image_01353.png,1,"[0, 0, 0, 0, 0, 0]",1353,0.0,5.652210924304349,-1.8670964236331618,0.0,0.0,-2.4575252513286543,0.0,0.0,0.0,0.0,0.0,0.0
image_01354.png,1,"[0, 0, 0, 0, 0, 0]",1354,0.0,-8.073538815101486,1.641862085197427,0.0,0.0,7.469371931436612,0.0,0.0,0.0,0.0,0.0,0.0
image_01355.png,1,"[0, 0, 0, 0, 0, 0]",1355,0.0,-9.562189506208568,3.2427890504364703,0.0,0.0,2.565121944731583,0.0,0.0,0.0,0.0,0.0,0.0
image_01356.png,1,"[0, 0, 0, 0, 0, 0]",1356,0.0,-4.449971756642242,3.963919580296289,0.0,0.0,-8.469282097244001,0.0,0.0,0.0,0.0,0.0,0.0
image_01357.png,1,"[0, 0, 0, 0, 0, 0]",1357,0.0,-8.644589073644468,-0.06154379587794878,0.0,0.0,-3.0331917271814963,0.0,0.0,0.0,0.0,0.0,0.0
image_01358.png,1,"[0, 0, 0, 0, 0, 0]",1358,0.0,7.806777141874363,4.184502200086156,0.0,0.0,-10.221838655844719,0.0,0.0,0.0,0.0,0.0,0.0
image_01359.png,1,"[0, 0, 0, 0, 0, 0]",1359,0.0,4.001480280992922,2.558898797738882,0.0,0.0,5.72998139322572,0.0,0.0,0.0,0.0,0.0,0.0
image_01360.png,1,"[0, 0, 0, 0, 0, 0]",1360,0.0,-8.106363998030957,-1.0602771297430282,0.0,0.0,6.729596643576598,0.0,0.0,0.0,0.0,0.0,0.0
image_01361.png,1,"[0, 0, 0, 0, 0, 0]",1361,0.0,3.641043525472412,5.278409335321166,0.0,0.0,-6.0937618192500285,0.0,0.0,0.0,0.0,0.0,0.0
image_01362.png,1,"[0, 0, 0, 0, 0, 0]",1362,0.0,-8.019147127032426,-0.7803254399117128,0.0,0.0,10.856804451460288,0.0,0.0,0.0,0.0,0.0,0.0
image_01363.png,1,"[0, 0, 0, 0, 0, 0]",1363,0.0,-0.546124520462655,5.416642101019856,0.0,0.0,-4.232068360682717,0.0,0.0,0.0,0.0,0.0,0.0
image_01364.png,1,"[0, 0, 0, 0, 0, 0]",1364,0.0,4.003168919259387,4.101640960728849,0.0,0.0,4.563639748203195,0.0,0.0,0.0,0.0,0.0,0.0
image_01365.png,1,"[0, 0, 0, 0, 0, 0]",1365,0.0,10.917816436712656,4.608688775904376,90.0,0.0,-5.733823275658852,0.0,0.0,0.0,0.0,0.0,0.0
image_01366.png,1,"[0, 0, 0, 0, 0, 0]",1366,0.0,4.1398148239713635,3.9010330657910144,0.0,0.0,-9.825342310065432,0.0,0.0,0.0,0.0,0.0,0.0
image_01367.png,1,"[0, 0, 0, 0, 0, 0]",1367,0.0,-2.3835143398743384,1.6978897937060857,0.0,0.0,3.8940835053089433,0.0,0.0,0.0,0.0,0.0,0.0
image_01368.png,1,"[0, 0, 0, 0, 0, 0]",1368,0.0,9.879891510185033,-1.3083645633418943,0.0,0.0,-1.6050387247949667,0.0,0.0,0.0,0.0,0.0,0.0
image_01369.png,1,"[0, 0, 0, 0, 0, 0]",1369,0.0,11.301739652069585,0.477699302240588,90.0,0.0,7.1848840954175355,0.0,0.0,0.0,0.0,0.0,0.0
image_01370.png,1,"[0, 0, 0, 0, 0, 0]",1370,0.0,6.268629871097545,5.02261729710215,0.0,0.0,5.028570785455776,0.0,0.0,0.0,0.0,0.0,0.0
image_01371.png,1,"[0, 0, 0, 0, 0, 0]",1371,0.0,-11.080857926959894,-0.07604467931770342,0.0,0.0,14.074915748777377,0.0,0.0,0.0,0.0,0.0,0.0
image_01372.png,1,"[0, 0, 0, 0, 0, 0]",1372,0.0,4.588100722158444,2.944019093979122,0.0,0.0,-3.274859852823921,0.0,0.0,0.0,0.0,0.0,0.0
image_01373.png,1,"[0, 0, 0, 0, 0, 0]",1373,0.0,-0.28183067333594636,-1.1231314286991414,0.0,0.0,-1.810607509698356,0.0,0.0,0.0,0.0,0.0,0.0
image_01374.png,1,"[0, 0, 0, 0, 0, 0]",1374,0.0,11.187492352117033,3.819875708999721,0.0,0.0,-9.680219280878838,0.0,0.0,0.0,0.0,0.0,0.0
image_01375.png,1,"[0, 0, 0, 0, 0, 0]",1375,0.0,-7.045184156900405,1.1466946241234997,0.0,0.0,12.524738156537381,0.0,0.0,0.0,0.0,0.0,0.0
image_01376.png,1,"[0, 0, 0, 0, 0, 0]",1376,0.0,-3.1012112192718035,1.4375034729165224,0.0,0.0,-6.914666641148646,0.0,0.0,0.0,0.0,0.0,0.0
image_01377.png,1,"[0, 0, 0, 0, 0, 0]",1377,0.0,1.9481144667467305,1.8869556774193201,0.0,0.0,8.99675274872101,0.0,0.0,0.0,0.0,0.0,0.0
image_01378.png,1,"[0, 0, 0, 0, 0, 0]",1378,0.0,2.817020462283729,3.6529723310909166,0.0,0.0,6.2575693447152165,0.0,0.0,0.0,0.0,0.0,0.0
image_01379.png,1,"[0, 0, 0, 0, 0, 0]",1379,0.0,12.261547690461924,1.3566824296690796,90.0,0.0,4.009596037051826,0.0,0.0,0.0,0.0,0.0,0.0
image_01380.png,1,"[0, 0, 0, 0, 0, 0]",1380,0.0,-8.56758102756524,0.6582613091537537,0.0,0.0,2.48671808674465,0.0,0.0,0.0,0.0,0.0,0.0
image_01381.png,1,"[0, 0, 0, 0, 0, 0]",1381,0.0,-6.071661528634976,-1.828580010064297,0.0,0.0,-10.40406277506263,0.0,0.0,0.0,0.0,0.0,0.0
image_01382.png,1,"[0, 0, 0, 0, 0, 0]",1382,0.0,7.730764077406903,2.225312512526048,0.0,0.0,-3.6371549672663783,0.0,0.0,0.0,0.0,0.0,0.0
image_01383.png,1,"[0, 0, 0, 0, 0, 0]",1383,0.0,4.668581867533028,5.454506350787368,0.0,0.0,-1.3832693326526595,0.0,0.0,0.0,0.0,0.0,0.0
image_01384.png,1,"[0, 0, 0, 0, 0, 0]",1384,0.0,6.480944085775079,0.03392138486296048,0.0,0.0,-3.2650669046628753,0.0,0.0,0.0,0.0,0.0,0.0
image_01385.png,1,"[0, 0, 0, 0, 0, 0]",1385,0.0,5.7154751529841405,2.8855071351895223,0.0,0.0,0.9734371811995491,0.0,0.0,0.0,0.0,0.0,0.0
image_01386.png,1,"[0, 0, 0, 0, 0, 0]",1386,0.0,8.170491048291765,0.5633847521244606,0.0,0.0,2.1067711449837603,0.0,0.0,0.0,0.0,0.0,0.0
image_01387.png,1,"[0, 0, 0, 0, 0, 0]",1387,0.0,4.149234215023192,3.6598422533384003,0.0,0.0,6.818779144650986,0.0,0.0,0.0,0.0,0.0,0.0
image_01388.png,1,"[0, 0, 0, 0, 0, 0]",1388,0.0,2.461281238435987,3.5890440066128004,0.0,0.0,-3.4190100739340514,0.0,0.0,0.0,0.0,0.0,0.0
image_01389.png,1,"[0, 0, 0, 0, 0, 0]",1389,0.0,-5.285909612730691,1.9376128169723943,0.0,0.0,1.582720682378066,0.0,0.0,0.0,0.0,0.0,0.0
image_01390.png,1,"[0, 0, 0, 0, 0, 0]",1390,0.0,10.823708207054622,2.7730490459928108,0.0,0.0,-13.907527188558678,0.0,0.0,0.0,0.0,0.0,0.0
image_01391.png,1,"[0, 0, 0, 0, 0, 0]",1391,0.0,12.170675277873627,2.6683134434221234,0.0,0.0,-3.8097402269250766,0.0,0.0,0.0,0.0,0.0,0.0
image_01392.png,1,"[0, 0, 0, 0, 0, 0]",1392,0.0,-6.127782501377993,1.0506824166531592,0.0,0.0,5.3008422616077056,0.0,0.0,0.0,0.0,0.0,0.0
image_01393.png,1,"[0, 0, 0, 0, 0, 0]",1393,0.0,-10.514061899406414,3.2532567155508154,0.0,0.0,3.151749221053174,0.0,0.0,0.0,0.0,0.0,0.0
image_01394.png,1,"[0, 0, 0, 0, 0, 0]",1394,0.0,-6.774783828480565,-0.460472634896155,0.0,0.0,4.968675319817681,0.0,0.0,0.0,0.0,0.0,0.0
image_01395.png,1,"[0, 0, 0, 0, 0, 0]",1395,0.0,-0.20129063395309288,2.824764335656729,0.0,0.0,-9.356583136059937,0.0,0.0,0.0,0.0,0.0,0.0
image_01396.png,1,"[0, 0, 0, 0, 0, 0]",1396,0.0,5.53698664524731,-1.2251287598918,0.0,0.0,-10.584728952484726,0.0,0.0,0.0,0.0,0.0,0.0
image_01397.png,1,"[0, 0, 0, 0, 0, 0]",1397,0.0,6.021093020131062,-1.961062911042951,0.0,0.0,0.40402974705140027,0.0,0.0,0.0,0.0,0.0,0.0
image_01398.png,1,"[0, 0, 0, 0, 0, 0]",1398,0.0,-3.1177085305052543,1.445746860182516,0.0,0.0,5.071735769288294,0.0,0.0,0.0,0.0,0.0,0.0
image_01399.png,1,"[0, 0, 0, 0, 0, 0]",1399,0.0,4.964235227072336,5.380163070471742,0.0,0.0,16.32295561791147,0.0,0.0,0.0,0.0,0.0,0.0
image_01400.png,1,"[0, 0, 0, 0, 0, 0]",1400,0.0,-0.8669029479592254,3.401171343604357,0.0,0.0,0.7756144461418956,0.0,0.0,0.0,0.0,0.0,0.0
image_01401.png,1,"[0, 0, 0, 0, 0, 0]",1401,0.0,-6.4856141255833535,5.403150144041391,0.0,0.0,9.032451505687103,0.0,0.0,0.0,0.0,0.0,0.0
image_01402.png,1,"[0, 0, 0, 0, 0, 0]",1402,0.0,10.54108125852158,4.351645477267983,0.0,0.0,1.0333816286625617,0.0,0.0,0.0,0.0,0.0,0.0
image_01403.png,1,"[0, 0, 0, 0, 0, 0]",1403,0.0,-13.826933632503824,1.8246572805736574,0.0,0.0,14.733473575369064,0.0,0.0,0.0,0.0,0.0,0.0
image_01404.png,1,"[0, 0, 0, 0, 0, 0]",1404,0.0,-3.5335417509931872,0.9967479390833907,0.0,0.0,-4.296385852072439,0.0,0.0,0.0,0.0,0.0,0.0
image_01405.png,1,"[0, 0, 0, 0, 0, 0]",1405,0.0,4.4099658806253075,-0.017815536853706515,0.0,0.0,19.619998865996745,0.0,0.0,0.0,0.0,0.0,0.0
image_01406.png,1,"[0, 0, 0, 0, 0, 0]",1406,0.0,-5.294082638602177,3.426790804133338,0.0,0.0,6.68527555728751,0.0,0.0,0.0,0.0,0.0,0.0
image_01407.png,1,"[0, 0, 0, 0, 0, 0]",1407,0.0,13.794057878667857,0.12394310773126982,0.0,0.0,-2.7324408393175457,0.0,0.0,0.0,0.0,0.0,0.0
image_01408.png,1,"[0, 0, 0, 0, 0, 0]",1408,0.0,10.835901391029111,-1.6866817810852623,0.0,0.0,-7.032416880945634,0.0,0.0,0.0,0.0,0.0,0.0
image_01409.png,1,"[0, 0, 0, 0, 0, 0]",1409,0.0,-10.554919994404088,-1.819052758421101,0.0,0.0,13.044187562404504,0.0,0.0,0.0,0.0,0.0,0.0
image_01410.png,1,"[0, 0, 0, 0, 0, 0]",1410,0.0,9.47985320338531,1.416305102817374,0.0,0.0,1.9816572249163846,0.0,0.0,0.0,0.0,0.0,0.0
image_01411.png,1,"[0, 0, 0, 0, 0, 0]",1411,0.0,-4.179418970300588,0.18687831072324101,0.0,0.0,-8.771065244795928,0.0,0.0,0.0,0.0,0.0,0.0
image_01412.png,1,"[0, 0, 0, 0, 0, 0]",1412,0.0,13.934828686038045,2.2333526633110115,0.0,0.0,10.328814452445812,0.0,0.0,0.0,0.0,0.0,0.0
image_01413.png,1,"[0, 0, 0, 0, 0, 0]",1413,0.0,0.48099532735649575,4.255008134348558,0.0,0.0,-11.329567089318205,0.0,0.0,0.0,0.0,0.0,0.0
image_01414.png,1,"[0, 0, 0, 0, 0, 0]",1414,0.0,4.7187859228237485,2.4759476364864756,0.0,0.0,-8.709353735906474,0.0,0.0,0.0,0.0,0.0,0.0
image_01415.png,1,"[0, 0, 0, 0, 0, 0]",1415,0.0,-7.4928373008075795,0.45426971181820797,0.0,0.0,-3.7316721916430846,0.0,0.0,0.0,0.0,0.0,0.0
image_01416.png,1,"[0, 0, 0, 0, 0, 0]",1416,0.0,-12.874233426963428,0.3167031425975999,0.0,0.0,-4.560099780648053,0.0,0.0,0.0,0.0,0.0,0.0
image_01417.png,1,"[0, 0, 0, 0, 0, 0]",1417,0.0,4.481776437811092,1.1487572744487706,0.0,0.0,13.44231790599931,0.0,0.0,0.0,0.0,0.0,0.0
image_01418.png,1,"[0, 0, 0, 0, 0, 0]",1418,0.0,-1.7891843146909423,3.951767022128351,0.0,0.0,1.4476739554234195,0.0,0.0,0.0,0.0,0.0,0.0
image_01419.png,1,"[0, 0, 0, 0, 0, 0]",1419,0.0,3.5152041914582455,4.190624956760568,0.0,0.0,-0.16900859236724255,0.0,0.0,0.0,0.0,0.0,0.0
image_01420.png,1,"[0, 0, 0, 0, 0, 0]",1420,0.0,8.969582182147086,1.0368783665617531,0.0,0.0,16.5620268090321,0.0,0.0,0.0,0.0,0.0,0.0
image_01421.png,1,"[0, 0, 0, 0, 0, 0]",1421,0.0,7.691189135323626,4.551843889641897,0.0,0.0,-1.24165298604142,0.0,0.0,0.0,0.0,0.0,0.0
image_01422.png,1,"[0, 0, 0, 0, 0, 0]",1422,0.0,8.89993031342702,1.2939793592578073,0.0,0.0,-8.750654944613625,0.0,0.0,0.0,0.0,0.0,0.0
image_01423.png,1,"[0, 0, 0, 0, 0, 0]",1423,0.0,-5.64978898114596,0.6866591364468246,0.0,0.0,-9.53891548393289,0.0,0.0,0.0,0.0,0.0,0.0
image_01424.png,1,"[0, 0, 0, 0, 0, 0]",1424,0.0,12.822245889937818,5.163067142466059,0.0,0.0,4.823389673447439,0.0,0.0,0.0,0.0,0.0,0.0
image_01425.png,1,"[0, 0, 0, 0, 0, 0]",1425,0.0,6.222935499504345,-1.2532247127808436,0.0,0.0,-8.414819066132534,0.0,0.0,0.0,0.0,0.0,0.0
image_01426.png,1,"[0, 0, 0, 0, 0, 0]",1426,0.0,-11.460085935156684,-1.9356936540170508,0.0,0.0,10.643297147927058,0.0,0.0,0.0,0.0,0.0,0.0
image_01427.png,1,"[0, 0, 0, 0, 0, 0]",1427,0.0,2.309439269700711,3.5543702785846785,0.0,0.0,3.0213892864727394,0.0,0.0,0.0,0.0,0.0,0.0
image_01428.png,1,"[0, 0, 0, 0, 0, 0]",1428,0.0,3.921815968846367,0.17865135674603483,0.0,0.0,-1.063991652865685,0.0,0.0,0.0,0.0,0.0,0.0
image_01429.png,1,"[0, 0, 0, 0, 0, 0]",1429,0.0,-4.426008277426519,1.7415734826724218,0.0,0.0,-5.648288379251206,0.0,0.0,0.0,0.0,0.0,0.0
image_01430.png,1,"[0, 0, 0, 0, 0, 0]",1430,0.0,8.949771438220722,0.6994840612170838,0.0,0.0,2.848819018036252,0.0,0.0,0.0,0.0,0.0,0.0
image_01431.png,1,"[0, 0, 0, 0, 0, 0]",1431,0.0,7.035411584633053,-0.1593523031694295,0.0,0.0,7.366371413318072,0.0,0.0,0.0,0.0,0.0,0.0
image_01432.png,1,"[0, 0, 0, 0, 0, 0]",1432,0.0,-8.63925227184393,-1.9174616209104527,0.0,0.0,-2.922792450225984,0.0,0.0,0.0,0.0,0.0,0.0
image_01433.png,1,"[0, 0, 0, 0, 0, 0]",1433,0.0,13.781525215866424,-1.8625137584987073,0.0,0.0,-9.074685665431321,0.0,0.0,0.0,0.0,0.0,0.0
image_01434.png,1,"[0, 0, 0, 0, 0, 0]",1434,0.0,-7.167714847455898,3.9956958517235623,0.0,0.0,3.358365764975462,0.0,0.0,0.0,0.0,0.0,0.0
image_01435.png,1,"[0, 0, 0, 0, 0, 0]",1435,0.0,-2.7991091302520488,2.9293190242300007,0.0,0.0,4.006587271283409,0.0,0.0,0.0,0.0,0.0,0.0
image_01436.png,1,"[0, 0, 0, 0, 0, 0]",1436,0.0,5.92024184661156,0.7708037178429308,0.0,0.0,-9.604395490252287,0.0,0.0,0.0,0.0,0.0,0.0
image_01437.png,1,"[0, 0, 0, 0, 0, 0]",1437,0.0,-2.6040009955414263,3.957338506405911,0.0,0.0,-10.296545301431479,0.0,0.0,0.0,0.0,0.0,0.0
image_01438.png,1,"[0, 0, 0, 0, 0, 0]",1438,0.0,8.83961778139313,-1.5614489980584783,0.0,0.0,3.379986104436477,0.0,0.0,0.0,0.0,0.0,0.0
image_01439.png,1,"[0, 0, 0, 0, 0, 0]",1439,0.0,-6.940919518804549,-1.4227624775767096,0.0,0.0,-17.184050802276154,0.0,0.0,0.0,0.0,0.0,0.0
image_01440.png,1,"[0, 0, 0, 0, 0, 0]",1440,0.0,-11.139459310167908,1.3084508015887004,0.0,0.0,0.8877649830975263,0.0,0.0,0.0,0.0,0.0,0.0
image_01441.png,1,"[0, 0, 0, 0, 0, 0]",1441,0.0,4.005976968899965,5.188358805495487,0.0,0.0,-17.833081910422653,0.0,0.0,0.0,0.0,0.0,0.0
image_01442.png,1,"[0, 0, 0, 0, 0, 0]",1442,0.0,2.488800106897699,-0.18302294776183436,0.0,0.0,3.9858475132976405,0.0,0.0,0.0,0.0,0.0,0.0
image_01443.png,1,"[0, 0, 0, 0, 0, 0]",1443,0.0,-9.118763338853128,2.0628406971659006,0.0,0.0,-6.7111747190664275,0.0,0.0,0.0,0.0,0.0,0.0
image_01444.png,1,"[0, 0, 0, 0, 0, 0]",1444,0.0,-6.849910677645596,4.867051738620828,0.0,0.0,-3.4617388730450074,0.0,0.0,0.0,0.0,0.0,0.0
image_01445.png,1,"[0, 0, 0, 0, 0, 0]",1445,0.0,9.484920932642588,-1.2307778385511683,0.0,0.0,-1.6191038708551433,0.0,0.0,0.0,0.0,0.0,0.0
image_01446.png,1,"[0, 0, 0, 0, 0, 0]",1446,0.0,-2.8429279725811014,3.4437050436838694,0.0,0.0,2.580761351697804,0.0,0.0,0.0,0.0,0.0,0.0
image_01447.png,1,"[0, 0, 0, 0, 0, 0]",1447,0.0,-3.8471471226687726,-0.816034507015762,0.0,0.0,-4.234847679351657,0.0,0.0,0.0,0.0,0.0,0.0
image_01448.png,1,"[0, 0, 0, 0, 0, 0]",1448,0.0,-7.896144367291754,2.616990735112778,0.0,0.0,7.115402365601953,0.0,0.0,0.0,0.0,0.0,0.0
image_01449.png,1,"[0, 0, 0, 0, 0, 0]",1449,0.0,9.526436190440748,-0.8559354782816604,0.0,0.0,-20.0,0.0,0.0,0.0,0.0,0.0,0.0
image_01450.png,1,"[0, 0, 0, 0, 0, 0]",1450,0.0,-5.1822449667564285,-1.7862458358955273,0.0,0.0,3.6505328293757398,0.0,0.0,0.0,0.0,0.0,0.0
image_01451.png,1,"[0, 0, 0, 0, 0, 0]",1451,0.0,-10.398846420109365,-0.4742402313743106,0.0,0.0,-7.347765309349277,0.0,0.0,0.0,0.0,0.0,0.0
image_01452.png,1,"[0, 0, 0, 0, 0, 0]",1452,0.0,-1.4647553702600007,1.4348148792474693,0.0,0.0,-4.878415034055257,0.0,0.0,0.0,0.0,0.0,0.0
image_01453.png,1,"[0, 0, 0, 0, 0, 0]",1453,0.0,5.7379304803587985,0.10074057284061277,0.0,0.0,5.718874656402997,0.0,0.0,0.0,0.0,0.0,0.0
image_01454.png,1,"[0, 0, 0, 0, 0, 0]",1454,0.0,7.978611987122228,-1.26980408595002,0.0,0.0,-3.577676665121547,0.0,0.0,0.0,0.0,0.0,0.0
image_01455.png,1,"[0, 0, 0, 0, 0, 0]",1455,0.0,4.686549908471676,0.9767006226194144,0.0,0.0,-0.5697865839425736,0.0,0.0,0.0,0.0,0.0,0.0
image_01456.png,1,"[0, 0, 0, 0, 0, 0]",1456,0.0,9.408002655876267,-1.5174438679892028,0.0,0.0,-9.94127923696568,0.0,0.0,0.0,0.0,0.0,0.0
image_01457.png,1,"[0, 0, 0, 0, 0, 0]",1457,0.0,2.3626742999612134,0.20003698430498096,0.0,0.0,-0.2637323040339979,0.0,0.0,0.0,0.0,0.0,0.0
image_01458.png,1,"[0, 0, 0, 0, 0, 0]",1458,0.0,8.843099510130443,1.5776765305270435,0.0,0.0,6.858678278201714,0.0,0.0,0.0,0.0,0.0,0.0
image_01459.png,1,"[0, 0, 0, 0, 0, 0]",1459,0.0,-2.5190142447280763,0.2548603573142807,0.0,0.0,-0.7106779334824904,0.0,0.0,0.0,0.0,0.0,0.0
image_01460.png,1,"[0, 0, 0, 0, 0, 0]",1460,0.0,1.3290246739349527,3.835991007245143,0.0,0.0,1.9905452420823353,0.0,0.0,0.0,0.0,0.0,0.0
image_01461.png,1,"[0, 0, 0, 0, 0, 0]",1461,0.0,0.09401054130649555,3.3769937688232874,0.0,0.0,12.026355043373341,0.0,0.0,0.0,0.0,0.0,0.0
image_01462.png,1,"[0, 0, 0, 0, 0, 0]",1462,0.0,-1.8551502269980773,0.8916461400189339,0.0,0.0,7.186280057578226,0.0,0.0,0.0,0.0,0.0,0.0
image_01463.png,1,"[0, 0, 0, 0, 0, 0]",1463,0.0,6.928839489123263,4.747700701726948,0.0,0.0,12.941663524783348,0.0,0.0,0.0,0.0,0.0,0.0
image_01464.png,1,"[0, 0, 0, 0, 0, 0]",1464,0.0,-2.710424399655693,-1.8811784531799347,0.0,0.0,9.131829137159611,0.0,0.0,0.0,0.0,0.0,0.0
image_01465.png,1,"[0, 0, 0, 0, 0, 0]",1465,0.0,-9.339256918812367,-1.1978188914148962,0.0,0.0,-9.932822605091845,0.0,0.0,0.0,0.0,0.0,0.0
image_01466.png,1,"[0, 0, 0, 0, 0, 0]",1466,0.0,9.253538952392894,0.2802074707007889,0.0,0.0,7.521194637630714,0.0,0.0,0.0,0.0,0.0,0.0
image_01467.png,1,"[0, 0, 0, 0, 0, 0]",1467,0.0,0.0978276961598823,-1.6245813536001195,0.0,0.0,-12.938762599220288,0.0,0.0,0.0,0.0,0.0,0.0
image_01468.png,1,"[0, 0, 0, 0, 0, 0]",1468,0.0,-11.120897313050847,2.5245788727055585,0.0,0.0,12.123806606157894,0.0,0.0,0.0,0.0,0.0,0.0
image_01469.png,1,"[0, 0, 0, 0, 0, 0]",1469,0.0,-9.29924789998823,4.393382281195481,0.0,0.0,3.4156504709306375,0.0,0.0,0.0,0.0,0.0,0.0
image_01470.png,1,"[0, 0, 0, 0, 0, 0]",1470,0.0,1.792295421539336,-1.4087635240447125,0.0,0.0,-5.896352314761116,0.0,0.0,0.0,0.0,0.0,0.0
image_01471.png,1,"[0, 0, 0, 0, 0, 0]",1471,0.0,11.533766246603271,3.545895361963324,0.0,0.0,4.390284167139753,0.0,0.0,0.0,0.0,0.0,0.0
image_01472.png,1,"[0, 0, 0, 0, 0, 0]",1472,0.0,-5.516266869224239,-1.537566827385474,0.0,0.0,20.0,0.0,0.0,0.0,0.0,0.0,0.0
image_01473.png,1,"[0, 0, 0, 0, 0, 0]",1473,0.0,-1.5734640774385653,-0.1647169332170022,0.0,0.0,7.634049459483287,0.0,0.0,0.0,0.0,0.0,0.0
image_01474.png,1,"[0, 0, 0, 0, 0, 0]",1474,0.0,-7.217755842029135,1.9220185879435112,0.0,0.0,20.0,0.0,0.0,0.0,0.0,0.0,0.0
image_01475.png,1,"[0, 0, 0, 0, 0, 0]",1475,0.0,10.571169958698128,4.065197127062927,0.0,0.0,-2.9681489771664817,0.0,0.0,0.0,0.0,0.0,0.0
image_01476.png,1,"[0, 0, 0, 0, 0, 0]",1476,0.0,11.312308853401134,2.2905112871545814,0.0,0.0,12.761360751792022,0.0,0.0,0.0,0.0,0.0,0.0
image_01477.png,1,"[0, 0, 0, 0, 0, 0]",1477,0.0,3.6859476139275955,0.8430391290560846,0.0,0.0,-5.940657964585197,0.0,0.0,0.0,0.0,0.0,0.0
image_01478.png,1,"[0, 0, 0, 0, 0, 0]",1478,0.0,-6.586007752960654,2.9834108156541506,0.0,0.0,1.3428238212291665,0.0,0.0,0.0,0.0,0.0,0.0
image_01479.png,1,"[0, 0, 0, 0, 0, 0]",1479,0.0,-0.40157914175618004,-0.7894760178199907,0.0,0.0,11.1231035502945,0.0,0.0,0.0,0.0,0.0,0.0
image_01480.png,1,"[0, 0, 0, 0, 0, 0]",1480,0.0,-13.160252389919307,1.0959314663420274,0.0,0.0,-7.97967262894994,0.0,0.0,0.0,0.0,0.0,0.0
image_01481.png,1,"[0, 0, 0, 0, 0, 0]",1481,0.0,1.4150361541286358,-1.4723092773839164,0.0,0.0,-3.8096964993555136,0.0,0.0,0.0,0.0,0.0,0.0
image_01482.png,1,"[0, 0, 0, 0, 0, 0]",1482,0.0,4.3786527423804955,-0.6353031645858158,0.0,0.0,-11.129019576231713,0.0,0.0,0.0,0.0,0.0,0.0
image_01483.png,1,"[0, 0, 0, 0, 0, 0]",1483,0.0,-12.134657089262447,0.15113791469256643,0.0,0.0,15.777268613426097,0.0,0.0,0.0,0.0,0.0,0.0
image_01484.png,1,"[0, 0, 0, 0, 0, 0]",1484,0.0,6.769312810900438,0.5676993106196857,0.0,0.0,-15.164671159768433,0.0,0.0,0.0,0.0,0.0,0.0
image_01485.png,1,"[0, 0, 0, 0, 0, 0]",1485,0.0,-6.605540500432582,1.3805939180400117,0.0,0.0,-6.8522939540903405,0.0,0.0,0.0,0.0,0.0,0.0
image_01486.png,1,"[0, 0, 0, 0, 0, 0]",1486,0.0,-6.120548437772982,3.223437755047428,0.0,0.0,0.5380943973491595,0.0,0.0,0.0,0.0,0.0,0.0
image_01487.png,1,"[0, 0, 0, 0, 0, 0]",1487,0.0,0.021359686556792212,1.077235771722179,0.0,0.0,-6.5955838801950994,0.0,0.0,0.0,0.0,0.0,0.0
image_01488.png,1,"[0, 0, 0, 0, 0, 0]",1488,0.0,-4.699483179177065,4.566313765869697,0.0,0.0,11.138467124786521,0.0,0.0,0.0,0.0,0.0,0.0
image_01489.png,1,"[0, 0, 0, 0, 0, 0]",1489,0.0,-1.8368988065559932,5.127850568142632,0.0,0.0,11.454272544534936,0.0,0.0,0.0,0.0,0.0,0.0
image_01490.png,1,"[0, 0, 0, 0, 0, 0]",1490,0.0,1.0143228045366612,-0.9807831826203521,0.0,0.0,2.808847345584901,0.0,0.0,0.0,0.0,0.0,0.0
image_01491.png,1,"[0, 0, 0, 0, 0, 0]",1491,0.0,-6.294000579999675,3.523377462969729,0.0,0.0,10.254656022081877,0.0,0.0,0.0,0.0,0.0,0.0
image_01492.png,1,"[0, 0, 0, 0, 0, 0]",1492,0.0,-7.883180128345401,4.937075235644195,0.0,0.0,-0.3925073470006392,0.0,0.0,0.0,0.0,0.0,0.0
image_01493.png,1,"[0, 0, 0, 0, 0, 0]",1493,0.0,8.374157352298703,-1.1427221172231863,0.0,0.0,-10.944032971349392,0.0,0.0,0.0,0.0,0.0,0.0
image_01494.png,1,"[0, 0, 0, 0, 0, 0]",1494,0.0,2.7297976693862296,-0.8198578139066817,0.0,0.0,-5.626459167957797,0.0,0.0,0.0,0.0,0.0,0.0
image_01495.png,1,"[0, 0, 0, 0, 0, 0]",1495,0.0,5.5872273148225275,0.7506697829180848,0.0,0.0,0.31950287690938706,0.0,0.0,0.0,0.0,0.0,0.0
image_01496.png,1,"[0, 0, 0, 0, 0, 0]",1496,0.0,0.1511708028372425,2.4805727258620767,0.0,0.0,-5.759319579288817,0.0,0.0,0.0,0.0,0.0,0.0
image_01497.png,1,"[0, 0, 0, 0, 0, 0]",1497,0.0,-4.912361230308534,1.568824312820687,0.0,0.0,6.142990114555879,0.0,0.0,0.0,0.0,0.0,0.0
image_01498.png,1,"[0, 0, 0, 0, 0, 0]",1498,0.0,0.43769574742183437,4.308129128488101,0.0,0.0,-6.520173310949933,0.0,0.0,0.0,0.0,0.0,0.0
image_01499.png,1,"[0, 0, 0, 0, 0, 0]",1499,0.0,-4.938336374891307,3.624752568988095,0.0,0.0,-10.778479513604697,0.0,0.0,0.0,0.0,0.0,0.0
image_01500.png,1,"[0, 0, 0, 0, 0, 0]",1500,0.0,-10.029384159556713,-0.8346463741069712,0.0,0.0,6.675483615432151,0.0,0.0,0.0,0.0,0.0,0.0
image_01501.png,1,"[0, 0, 0, 0, 0, 0]",1501,0.0,12.394591313530213,4.372004251658625,0.0,0.0,1.7542849235862588,0.0,0.0,0.0,0.0,0.0,0.0
image_01502.png,1,"[0, 0, 0, 0, 0, 0]",1502,0.0,11.59914997316153,0.6094343060989034,0.0,0.0,5.818654955965684,0.0,0.0,0.0,0.0,0.0,0.0
image_01503.png,1,"[0, 0, 0, 0, 0, 0]",1503,0.0,-4.663905766716596,5.140030409117937,0.0,0.0,-0.5752900671714027,0.0,0.0,0.0,0.0,0.0,0.0
image_01504.png,1,"[0, 0, 0, 0, 0, 0]",1504,0.0,9.792073839937657,4.253829650358729,0.0,0.0,6.525599029056624,0.0,0.0,0.0,0.0,0.0,0.0
image_01505.png,1,"[0, 0, 0, 0, 0, 0]",1505,0.0,-8.009478532662897,1.8393420902564839,0.0,0.0,-7.656307021760876,0.0,0.0,0.0,0.0,0.0,0.0
image_01506.png,1,"[0, 0, 0, 0, 0, 0]",1506,0.0,-11.56711798079354,-0.14691176919758497,0.0,0.0,-6.497315145715521,0.0,0.0,0.0,0.0,0.0,0.0
image_01507.png,1,"[0, 0, 0, 0, 0, 0]",1507,0.0,-6.232655065522351,-0.5612711658564844,0.0,0.0,-6.621322524794055,0.0,0.0,0.0,0.0,0.0,0.0
image_01508.png,1,"[0, 0, 0, 0, 0, 0]",1508,0.0,10.595200865084948,-0.2617184145774316,0.0,0.0,2.5282689791810418,0.0,0.0,0.0,0.0,0.0,0.0
image_01509.png,1,"[0, 0, 0, 0, 0, 0]",1509,0.0,-5.022875756085995,3.452862060458666,0.0,0.0,10.944199621473285,0.0,0.0,0.0,0.0,0.0,0.0
image_01510.png,1,"[0, 0, 0, 0, 0, 0]",1510,0.0,6.776280916709759,3.822886816826162,0.0,0.0,13.832623310676786,0.0,0.0,0.0,0.0,0.0,0.0
image_01511.png,1,"[0, 0, 0, 0, 0, 0]",1511,0.0,-0.5890475352611304,5.237207214805712,0.0,0.0,-0.19755433720761556,0.0,0.0,0.0,0.0,0.0,0.0
image_01512.png,1,"[0, 0, 0, 0, 0, 0]",1512,0.0,-2.01969668783331,1.657132545400298,0.0,0.0,2.4584159748201975,0.0,0.0,0.0,0.0,0.0,0.0
image_01513.png,1,"[0, 0, 0, 0, 0, 0]",1513,0.0,10.912012203142382,4.620382901512322,0.0,0.0,-11.720275184485493,0.0,0.0,0.0,0.0,0.0,0.0
image_01514.png,1,"[0, 0, 0, 0, 0, 0]",1514,0.0,-2.4575135311181455,2.7909181589731773,0.0,0.0,8.38818270774631,0.0,0.0,0.0,0.0,0.0,0.0
image_01515.png,1,"[0, 0, 0, 0, 0, 0]",1515,0.0,5.085088592610262,1.6576054423279194,0.0,0.0,-10.022871474607182,0.0,0.0,0.0,0.0,0.0,0.0
image_01516.png,1,"[0, 0, 0, 0, 0, 0]",1516,0.0,6.367588823504256,1.4882120019854108,0.0,0.0,9.658542826875143,0.0,0.0,0.0,0.0,0.0,0.0
image_01517.png,1,"[0, 0, 0, 0, 0, 0]",1517,0.0,0.7220044966817127,0.44341164461758265,0.0,0.0,10.101023253253214,0.0,0.0,0.0,0.0,0.0,0.0
image_01518.png,1,"[0, 0, 0, 0, 0, 0]",1518,0.0,9.157034602590088,4.687233289317991,0.0,0.0,-5.447091077350188,0.0,0.0,0.0,0.0,0.0,0.0
image_01519.png,1,"[0, 0, 0, 0, 0, 0]",1519,0.0,1.3762166535282887,3.56129735204933,0.0,0.0,5.238598710695563,0.0,0.0,0.0,0.0,0.0,0.0
image_01520.png,1,"[0, 0, 0, 0, 0, 0]",1520,0.0,11.462423693931413,0.7003276789904658,0.0,0.0,10.42835570891917,0.0,0.0,0.0,0.0,0.0,0.0
image_01521.png,1,"[0, 0, 0, 0, 0, 0]",1521,0.0,-2.0129023463020204,5.22538956560336,0.0,0.0,5.866821131496889,0.0,0.0,0.0,0.0,0.0,0.0
image_01522.png,1,"[0, 0, 0, 0, 0, 0]",1522,0.0,6.3759213182557914,2.0835768684955953,0.0,0.0,-13.597212368096583,0.0,0.0,0.0,0.0,0.0,0.0
image_01523.png,1,"[0, 0, 0, 0, 0, 0]",1523,0.0,-9.509910789539845,4.261714659088928,0.0,0.0,10.868953739554486,0.0,0.0,0.0,0.0,0.0,0.0
image_01524.png,1,"[0, 0, 0, 0, 0, 0]",1524,0.0,4.609364746513023,4.992483083834765,0.0,0.0,3.128442707963671,0.0,0.0,0.0,0.0,0.0,0.0
image_01525.png,1,"[0, 0, 0, 0, 0, 0]",1525,0.0,-10.148335181118938,2.8237636802588577,0.0,0.0,5.463426121937085,0.0,0.0,0.0,0.0,0.0,0.0
image_01526.png,1,"[0, 0, 0, 0, 0, 0]",1526,0.0,8.343327832708802,0.8205756061405691,0.0,0.0,-0.5967299123637192,0.0,0.0,0.0,0.0,0.0,0.0
image_01527.png,1,"[0, 0, 0, 0, 0, 0]",1527,0.0,-11.027384557602574,-0.916815247143127,0.0,0.0,1.2816312731125563,0.0,0.0,0.0,0.0,0.0,0.0
image_01528.png,1,"[0, 0, 0, 0, 0, 0]",1528,0.0,9.030710875539754,-0.25639271962212584,0.0,0.0,16.31772181769237,0.0,0.0,0.0,0.0,0.0,0.0
image_01529.png,1,"[0, 0, 0, 0, 0, 0]",1529,0.0,-8.51807234561582,1.7411456264835237,0.0,0.0,-10.215203754326605,0.0,0.0,0.0,0.0,0.0,0.0
image_01530.png,1,"[0, 0, 0, 0, 0, 0]",1530,0.0,4.818091353374399,-1.6726173024976605,0.0,0.0,-4.578580777207043,0.0,0.0,0.0,0.0,0.0,0.0
image_01531.png,1,"[0, 0, 0, 0, 0, 0]",1531,0.0,-2.9941387900961445,-0.048919635646367476,0.0,0.0,4.852034035636084,0.0,0.0,0.0,0.0,0.0,0.0
image_01532.png,1,"[0, 0, 0, 0, 0, 0]",1532,0.0,-9.37247705215735,2.9084111325361732,0.0,0.0,-3.4071158859345005,0.0,0.0,0.0,0.0,0.0,0.0
image_01533.png,1,"[0, 0, 0, 0, 0, 0]",1533,0.0,-5.300826671432304,2.563400966354169,0.0,0.0,0.8171998868294008,0.0,0.0,0.0,0.0,0.0,0.0
image_01534.png,1,"[0, 0, 0, 0, 0, 0]",1534,0.0,-13.66447296772759,4.466937289474816,0.0,0.0,-5.23239893667637,0.0,0.0,0.0,0.0,0.0,0.0
image_01535.png,1,"[0, 0, 0, 0, 0, 0]",1535,0.0,6.660820569853925,4.397757777288108,0.0,0.0,-6.359965893190717,0.0,0.0,0.0,0.0,0.0,0.0
image_01536.png,1,"[0, 0, 0, 0, 0, 0]",1536,0.0,-0.14699929323695926,4.5433258855940135,0.0,0.0,-1.6034055535876808,0.0,0.0,0.0,0.0,0.0,0.0
image_01537.png,1,"[0, 0, 0, 0, 0, 0]",1537,0.0,8.721592942793535,-0.07913007186103704,0.0,0.0,8.786393428771557,0.0,0.0,0.0,0.0,0.0,0.0
image_01538.png,1,"[0, 0, 0, 0, 0, 0]",1538,0.0,-7.481071923686386,1.8714493659287958,0.0,0.0,-2.2619735758103463,0.0,0.0,0.0,0.0,0.0,0.0
image_01539.png,1,"[0, 0, 0, 0, 0, 0]",1539,0.0,11.01344958059697,1.4769364863296652,0.0,0.0,8.41411285071676,0.0,0.0,0.0,0.0,0.0,0.0
image_01540.png,1,"[0, 0, 0, 0, 0, 0]",1540,0.0,-10.812548850296793,-0.4716780929029425,0.0,0.0,5.133470154503193,0.0,0.0,0.0,0.0,0.0,0.0
image_01541.png,1,"[0, 0, 0, 0, 0, 0]",1541,0.0,3.3464883548140634,-0.45936802981819636,0.0,0.0,-8.470835367856463,0.0,0.0,0.0,0.0,0.0,0.0
image_01542.png,1,"[0, 0, 0, 0, 0, 0]",1542,0.0,5.8069608555270875,2.4622684118843523,0.0,0.0,-9.572679041168712,0.0,0.0,0.0,0.0,0.0,0.0
image_01543.png,1,"[0, 0, 0, 0, 0, 0]",1543,0.0,6.472151691521134,-1.6811811702739372,0.0,0.0,-1.3917389668258544,0.0,0.0,0.0,0.0,0.0,0.0
image_01544.png,1,"[0, 0, 0, 0, 0, 0]",1544,0.0,2.1444160884164845,0.5041164453830791,0.0,0.0,8.231881055437386,0.0,0.0,0.0,0.0,0.0,0.0
image_01545.png,1,"[0, 0, 0, 0, 0, 0]",1545,0.0,9.068892819431007,4.146051042251328,0.0,0.0,1.1066387179780766,0.0,0.0,0.0,0.0,0.0,0.0
image_01546.png,1,"[0, 0, 0, 0, 0, 0]",1546,0.0,-3.9185682338318344,0.3970123736404778,0.0,0.0,-11.342330998501797,0.0,0.0,0.0,0.0,0.0,0.0
image_01547.png,1,"[0, 0, 0, 0, 0, 0]",1547,0.0,-1.0957825132797723,4.124119134455335,0.0,0.0,-8.17670699766017,0.0,0.0,0.0,0.0,0.0,0.0
image_01548.png,1,"[0, 0, 0, 0, 0, 0]",1548,0.0,13.660915257936189,0.9292395423859658,0.0,0.0,-8.532856152716843,0.0,0.0,0.0,0.0,0.0,0.0
image_01549.png,1,"[0, 0, 0, 0, 0, 0]",1549,0.0,-7.6334011340356795,5.070578238867816,0.0,0.0,-8.083817966201778,0.0,0.0,0.0,0.0,0.0,0.0
image_01550.png,1,"[0, 0, 0, 0, 0, 0]",1550,0.0,-10.233806092849449,-1.6863521274682176,0.0,0.0,-1.9703060513496289,0.0,0.0,0.0,0.0,0.0,0.0
image_01551.png,1,"[0, 0, 0, 0, 0, 0]",1551,0.0,1.078108010844467,3.2933435214291764,0.0,0.0,-2.1368345302203777,0.0,0.0,0.0,0.0,0.0,0.0
image_01552.png,1,"[0, 0, 0, 0, 0, 0]",1552,0.0,4.482451170654571,-0.03868875940045724,0.0,0.0,-1.5172120489399645,0.0,0.0,0.0,0.0,0.0,0.0
image_01553.png,1,"[0, 0, 0, 0, 0, 0]",1553,0.0,-11.929058867557771,4.917182084611732,0.0,0.0,-0.6468143680944028,0.0,0.0,0.0,0.0,0.0,0.0
image_01554.png,1,"[0, 0, 0, 0, 0, 0]",1554,0.0,-8.083294140846107,-1.432866668491492,0.0,0.0,4.72957175259941,0.0,0.0,0.0,0.0,0.0,0.0
image_01555.png,1,"[0, 0, 0, 0, 0, 0]",1555,0.0,1.1083614717256296,2.957989737269564,0.0,0.0,-1.7785449150105768,0.0,0.0,0.0,0.0,0.0,0.0
image_01556.png,1,"[0, 0, 0, 0, 0, 0]",1556,0.0,7.9655324433724815,5.232235329651739,0.0,0.0,1.756460575676559,0.0,0.0,0.0,0.0,0.0,0.0
image_01557.png,1,"[0, 0, 0, 0, 0, 0]",1557,0.0,-9.45653114457231,1.468842462014286,0.0,0.0,11.050442423978653,0.0,0.0,0.0,0.0,0.0,0.0
image_01558.png,1,"[0, 0, 0, 0, 0, 0]",1558,0.0,-8.048722436886763,-1.3831606382621027,0.0,0.0,-5.509716781078238,0.0,0.0,0.0,0.0,0.0,0.0
image_01559.png,1,"[0, 0, 0, 0, 0, 0]",1559,0.0,-10.307101857622328,4.898554091333799,0.0,0.0,-12.516928046241745,0.0,0.0,0.0,0.0,0.0,0.0
image_01560.png,1,"[0, 0, 0, 0, 0, 0]",1560,0.0,8.667378213800802,0.5828408748140608,0.0,0.0,-4.308010657969912,0.0,0.0,0.0,0.0,0.0,0.0
image_01561.png,1,"[0, 0, 0, 0, 0, 0]",1561,0.0,-0.7211062066853557,0.26073815159330005,0.0,0.0,-1.729715391367677,0.0,0.0,0.0,0.0,0.0,0.0
image_01562.png,1,"[0, 0, 0, 0, 0, 0]",1562,0.0,10.075261137544985,0.6786040840646659,0.0,0.0,0.9183836216042439,0.0,0.0,0.0,0.0,0.0,0.0
image_01563.png,1,"[0, 0, 0, 0, 0, 0]",1563,0.0,11.444942607274818,-0.8542588955785184,0.0,0.0,12.305614630575603,0.0,0.0,0.0,0.0,0.0,0.0
image_01564.png,1,"[0, 0, 0, 0, 0, 0]",1564,0.0,4.37670510226846,0.9677795685016752,0.0,0.0,12.806195860970266,0.0,0.0,0.0,0.0,0.0,0.0
image_01565.png,1,"[0, 0, 0, 0, 0, 0]",1565,0.0,-12.176791098873025,4.332331606857972,0.0,0.0,-18.30742288456731,0.0,0.0,0.0,0.0,0.0,0.0
image_01566.png,1,"[0, 0, 0, 0, 0, 0]",1566,0.0,5.7043828708811475,-0.7001097679503725,0.0,0.0,12.563484073442119,0.0,0.0,0.0,0.0,0.0,0.0
image_01567.png,1,"[0, 0, 0, 0, 0, 0]",1567,0.0,10.51752882445335,1.0572808198335926,0.0,0.0,-10.360555859493125,0.0,0.0,0.0,0.0,0.0,0.0
image_01568.png,1,"[0, 0, 0, 0, 0, 0]",1568,0.0,3.961590282642881,5.4782265736639335,0.0,0.0,4.437136140001439,0.0,0.0,0.0,0.0,0.0,0.0
image_01569.png,1,"[0, 0, 0, 0, 0, 0]",1569,0.0,6.71373800272859,1.1816137925803702,0.0,0.0,1.9270644551175304,0.0,0.0,0.0,0.0,0.0,0.0
image_01570.png,1,"[0, 0, 0, 0, 0, 0]",1570,0.0,-7.494200355243521,-0.45007287492876236,0.0,0.0,-6.537504295754547,0.0,0.0,0.0,0.0,0.0,0.0
image_01571.png,1,"[0, 0, 0, 0, 0, 0]",1571,0.0,4.86669427866908,3.7765242764930047,0.0,0.0,-9.663287076241778,0.0,0.0,0.0,0.0,0.0,0.0
image_01572.png,1,"[0, 0, 0, 0, 0, 0]",1572,0.0,0.45359306264411714,2.9527996586983054,0.0,0.0,-2.102307955320089,0.0,0.0,0.0,0.0,0.0,0.0
image_01573.png,1,"[0, 0, 0, 0, 0, 0]",1573,0.0,-13.111695724370108,5.498710160877091,0.0,0.0,-0.2731813680720216,0.0,0.0,0.0,0.0,0.0,0.0
image_01574.png,1,"[0, 0, 0, 0, 0, 0]",1574,0.0,-9.865957913106229,-1.5455237964619735,0.0,0.0,-8.621911767868365,0.0,0.0,0.0,0.0,0.0,0.0
image_01575.png,1,"[0, 0, 0, 0, 0, 0]",1575,0.0,-1.9097666625781784,3.8353603231804447,0.0,0.0,6.0923327695762435,0.0,0.0,0.0,0.0,0.0,0.0
image_01576.png,1,"[0, 0, 0, 0, 0, 0]",1576,0.0,2.688729764713969,2.5963770721330635,0.0,0.0,4.20370430307731,0.0,0.0,0.0,0.0,0.0,0.0
image_01577.png,1,"[0, 0, 0, 0, 0, 0]",1577,0.0,13.16595784417315,2.5822749518872588,0.0,0.0,0.2545735701457142,0.0,0.0,0.0,0.0,0.0,0.0
image_01578.png,1,"[0, 0, 0, 0, 0, 0]",1578,0.0,0.5155275467503913,2.5006710289215253,0.0,0.0,1.685298870645719,0.0,0.0,0.0,0.0,0.0,0.0
image_01579.png,1,"[0, 0, 0, 0, 0, 0]",1579,0.0,3.632112455652795,4.974390349058903,0.0,0.0,-6.267394659899207,0.0,0.0,0.0,0.0,0.0,0.0
image_01580.png,1,"[0, 0, 0, 0, 0, 0]",1580,0.0,-6.897742875037608,1.951731875204775,0.0,0.0,12.322136965177476,0.0,0.0,0.0,0.0,0.0,0.0
image_01581.png,1,"[0, 0, 0, 0, 0, 0]",1581,0.0,-13.968528256007431,3.0142140519647063,0.0,0.0,-13.458730103644044,0.0,0.0,0.0,0.0,0.0,0.0
image_01582.png,1,"[0, 0, 0, 0, 0, 0]",1582,0.0,8.41581520560176,-0.5958440310213857,0.0,0.0,-4.911851087086855,0.0,0.0,0.0,0.0,0.0,0.0
image_01583.png,1,"[0, 0, 0, 0, 0, 0]",1583,0.0,-0.39048499871732645,-0.7482347296667817,0.0,0.0,-7.663289107981605,0.0,0.0,0.0,0.0,0.0,0.0
image_01584.png,1,"[0, 0, 0, 0, 0, 0]",1584,0.0,7.0390100169336876,0.9955356781230225,0.0,0.0,13.723127884252108,0.0,0.0,0.0,0.0,0.0,0.0
image_01585.png,1,"[0, 0, 0, 0, 0, 0]",1585,0.0,-10.024761058581959,1.581749626176657,0.0,0.0,-6.431434806538705,0.0,0.0,0.0,0.0,0.0,0.0
image_01586.png,1,"[0, 0, 0, 0, 0, 0]",1586,0.0,-6.317121972123942,1.053050977216821,0.0,0.0,-0.03282394076561183,0.0,0.0,0.0,0.0,0.0,0.0
image_01587.png,1,"[0, 0, 0, 0, 0, 0]",1587,0.0,-3.8190333253207385,-1.4783028213918321,0.0,0.0,0.16003718528428731,0.0,0.0,0.0,0.0,0.0,0.0
image_01588.png,1,"[0, 0, 0, 0, 0, 0]",1588,0.0,-13.854278258140823,-1.3255230545329746,0.0,0.0,-3.8609346744785418,0.0,0.0,0.0,0.0,0.0,0.0
image_01589.png,1,"[0, 0, 0, 0, 0, 0]",1589,0.0,-8.419258662763966,3.3315864436169083,0.0,0.0,-10.744134807510491,0.0,0.0,0.0,0.0,0.0,0.0
image_01590.png,1,"[0, 0, 0, 0, 0, 0]",1590,0.0,-10.825191677433992,2.175075110018448,0.0,0.0,-2.8465713964323878,0.0,0.0,0.0,0.0,0.0,0.0
image_01591.png,1,"[0, 0, 0, 0, 0, 0]",1591,0.0,10.141669854748926,-0.9438559767355976,0.0,0.0,4.270903124127121,0.0,0.0,0.0,0.0,0.0,0.0
image_01592.png,1,"[0, 0, 0, 0, 0, 0]",1592,0.0,12.995140137585778,0.36498885992785457,0.0,0.0,-10.234466830919196,0.0,0.0,0.0,0.0,0.0,0.0
image_01593.png,1,"[0, 0, 0, 0, 0, 0]",1593,0.0,13.033433504413964,4.142211628431816,0.0,0.0,9.451833297340688,0.0,0.0,0.0,0.0,0.0,0.0
image_01594.png,1,"[0, 0, 0, 0, 0, 0]",1594,0.0,-2.92127670617775,5.004900984210249,0.0,0.0,8.586913619001827,0.0,0.0,0.0,0.0,0.0,0.0
image_01595.png,1,"[0, 0, 0, 0, 0, 0]",1595,0.0,-8.833364674573488,4.259633371283214,0.0,0.0,-0.5014643669865226,0.0,0.0,0.0,0.0,0.0,0.0
image_01596.png,1,"[0, 0, 0, 0, 0, 0]",1596,0.0,10.682445322833203,3.247430671136862,0.0,0.0,11.120678245977361,0.0,0.0,0.0,0.0,0.0,0.0
image_01597.png,1,"[0, 0, 0, 0, 0, 0]",1597,0.0,11.55351287919715,4.71395761533158,0.0,0.0,16.869830154975507,0.0,0.0,0.0,0.0,0.0,0.0
image_01598.png,1,"[0, 0, 0, 0, 0, 0]",1598,0.0,6.027648229696126,1.4256093376998695,0.0,0.0,5.733659905903852,0.0,0.0,0.0,0.0,0.0,0.0
image_01599.png,1,"[0, 0, 0, 0, 0, 0]",1599,0.0,1.9437106380903515,-0.1960590744241688,0.0,0.0,-0.6953325130864836,0.0,0.0,0.0,0.0,0.0,0.0
image_01600.png,1,"[0, 0, 0, 0, 0, 0]",1600,0.0,5.302702378101223,2.9008228714711084,0.0,0.0,2.876799603035275,0.0,0.0,0.0,0.0,0.0,0.0
image_01601.png,1,"[0, 0, 0, 0, 0, 0]",1601,0.0,-9.236614869349097,2.7930180217021254,0.0,0.0,-4.617556620239744,0.0,0.0,0.0,0.0,0.0,0.0
image_01602.png,1,"[0, 0, 0, 0, 0, 0]",1602,0.0,-12.86758761711532,5.478351354761356,0.0,0.0,11.714308926402536,0.0,0.0,0.0,0.0,0.0,0.0
image_01603.png,1,"[0, 0, 0, 0, 0, 0]",1603,0.0,-12.46305273304516,0.7290842570479628,0.0,0.0,-20.0,0.0,0.0,0.0,0.0,0.0,0.0
image_01604.png,1,"[0, 0, 0, 0, 0, 0]",1604,0.0,-3.436003155092294,0.28066032525826223,0.0,0.0,-7.094804994711562,0.0,0.0,0.0,0.0,0.0,0.0
image_01605.png,1,"[0, 0, 0, 0, 0, 0]",1605,0.0,1.4019497320006096,1.3458301291459582,0.0,0.0,-7.5209094025563905,0.0,0.0,0.0,0.0,0.0,0.0
image_01606.png,1,"[0, 0, 0, 0, 0, 0]",1606,0.0,12.408700972035248,1.682099367542968,0.0,0.0,13.340247199159515,0.0,0.0,0.0,0.0,0.0,0.0
image_01607.png,1,"[0, 0, 0, 0, 0, 0]",1607,0.0,-7.296249480921773,5.472276844328516,0.0,0.0,4.181689756922474,0.0,0.0,0.0,0.0,0.0,0.0
image_01608.png,1,"[0, 0, 0, 0, 0, 0]",1608,0.0,10.20665950019908,2.5172998313778994,0.0,0.0,-2.7024897739168074,0.0,0.0,0.0,0.0,0.0,0.0
image_01609.png,1,"[0, 0, 0, 0, 0, 0]",1609,0.0,-8.519040097019243,1.3857574410845537,0.0,0.0,1.621145951643159,0.0,0.0,0.0,0.0,0.0,0.0
image_01610.png,1,"[0, 0, 0, 0, 0, 0]",1610,0.0,-9.042245988163302,5.124626717183926,0.0,0.0,4.066018211343466,0.0,0.0,0.0,0.0,0.0,0.0
image_01611.png,1,"[0, 0, 0, 0, 0, 0]",1611,0.0,-3.0781268673327276,-1.6408007488703031,0.0,0.0,5.344814531310066,0.0,0.0,0.0,0.0,0.0,0.0
image_01612.png,1,"[0, 0, 0, 0, 0, 0]",1612,0.0,6.705175783608617,5.261642908102333,0.0,0.0,6.1057875657180025,0.0,0.0,0.0,0.0,0.0,0.0
image_01613.png,1,"[0, 0, 0, 0, 0, 0]",1613,0.0,5.370311736177442,2.109306575013804,0.0,0.0,-2.6037914236159487,0.0,0.0,0.0,0.0,0.0,0.0
image_01614.png,1,"[0, 0, 0, 0, 0, 0]",1614,0.0,4.116726808560728,4.536970905211764,0.0,0.0,4.042244283680331,0.0,0.0,0.0,0.0,0.0,0.0
image_01615.png,1,"[0, 0, 0, 0, 0, 0]",1615,0.0,1.0432620006863829,3.4830195439146117,0.0,0.0,-5.935117249316845,0.0,0.0,0.0,0.0,0.0,0.0
image_01616.png,1,"[0, 0, 0, 0, 0, 0]",1616,0.0,-13.41153299259068,2.9225957738442263,0.0,0.0,-1.1411870804752513,0.0,0.0,0.0,0.0,0.0,0.0
image_01617.png,1,"[0, 0, 0, 0, 0, 0]",1617,0.0,7.580743749283876,-0.14415825710433428,0.0,0.0,-3.7628579252823595,0.0,0.0,0.0,0.0,0.0,0.0
image_01618.png,1,"[0, 0, 0, 0, 0, 0]",1618,0.0,-11.850917913617252,3.623138359995803,0.0,0.0,0.4933130516351839,0.0,0.0,0.0,0.0,0.0,0.0
image_01619.png,1,"[0, 0, 0, 0, 0, 0]",1619,0.0,5.48542201515297,-1.2130766141718219,0.0,0.0,-6.431261273497043,0.0,0.0,0.0,0.0,0.0,0.0
image_01620.png,1,"[0, 0, 0, 0, 0, 0]",1620,0.0,-11.353187445427423,-0.2563473149828326,0.0,0.0,16.371433340535614,0.0,0.0,0.0,0.0,0.0,0.0
image_01621.png,1,"[0, 0, 0, 0, 0, 0]",1621,0.0,3.538780394575703,2.5812636322239824,0.0,0.0,-1.405176317369781,0.0,0.0,0.0,0.0,0.0,0.0
image_01622.png,1,"[0, 0, 0, 0, 0, 0]",1622,0.0,-0.4835828987451549,1.526849095771503,0.0,0.0,-0.011733515975939326,0.0,0.0,0.0,0.0,0.0,0.0
image_01623.png,1,"[0, 0, 0, 0, 0, 0]",1623,0.0,7.051752713365929,-0.6325876129230057,0.0,0.0,1.7875581539709253,0.0,0.0,0.0,0.0,0.0,0.0
image_01624.png,1,"[0, 0, 0, 0, 0, 0]",1624,0.0,-11.217465342583807,-0.18578574358373356,0.0,0.0,7.89634837020378,0.0,0.0,0.0,0.0,0.0,0.0
image_01625.png,1,"[0, 0, 0, 0, 0, 0]",1625,0.0,9.698999186055204,1.3870724255299574,0.0,0.0,5.11049830965367,0.0,0.0,0.0,0.0,0.0,0.0
image_01626.png,1,"[0, 0, 0, 0, 0, 0]",1626,0.0,-8.130696462566846,2.3680192704805103,0.0,0.0,5.436185781196511,0.0,0.0,0.0,0.0,0.0,0.0
image_01627.png,1,"[0, 0, 0, 0, 0, 0]",1627,0.0,6.496513515173383,0.7687592896184885,0.0,0.0,13.282695613124195,0.0,0.0,0.0,0.0,0.0,0.0
image_01628.png,1,"[0, 0, 0, 0, 0, 0]",1628,0.0,5.491334977101829,1.0252626466754884,0.0,0.0,-6.318192397978371,0.0,0.0,0.0,0.0,0.0,0.0
image_01629.png,1,"[0, 0, 0, 0, 0, 0]",1629,0.0,-2.7766415202201813,1.4755130182952056,0.0,0.0,6.971172697565794,0.0,0.0,0.0,0.0,0.0,0.0
image_01630.png,1,"[0, 0, 0, 0, 0, 0]",1630,0.0,4.4057693506025615,1.978021446540839,0.0,0.0,2.5662186292299016,0.0,0.0,0.0,0.0,0.0,0.0
image_01631.png,1,"[0, 0, 0, 0, 0, 0]",1631,0.0,7.64363882205263,-0.353902944495345,0.0,0.0,6.21251718435954,0.0,0.0,0.0,0.0,0.0,0.0
image_01632.png,1,"[0, 0, 0, 0, 0, 0]",1632,0.0,4.338348433769156,1.349779351378177,0.0,0.0,3.509442376189,0.0,0.0,0.0,0.0,0.0,0.0
image_01633.png,1,"[0, 0, 0, 0, 0, 0]",1633,0.0,3.4909452485744055,0.9394976898879261,0.0,0.0,-2.5685834103915903,0.0,0.0,0.0,0.0,0.0,0.0
image_01634.png,1,"[0, 0, 0, 0, 0, 0]",1634,0.0,-5.6086088784309425,1.3355626366420421,0.0,0.0,2.188855302218917,0.0,0.0,0.0,0.0,0.0,0.0
image_01635.png,1,"[0, 0, 0, 0, 0, 0]",1635,0.0,1.0037402322540743,4.575722033866747,0.0,0.0,-10.926426152508538,0.0,0.0,0.0,0.0,0.0,0.0
image_01636.png,1,"[0, 0, 0, 0, 0, 0]",1636,0.0,6.017981184291052,1.326311070582706,0.0,0.0,-1.0155712803507173,0.0,0.0,0.0,0.0,0.0,0.0
image_01637.png,1,"[0, 0, 0, 0, 0, 0]",1637,0.0,-13.603630805563938,4.523982485574349,0.0,0.0,-5.179576923606632,0.0,0.0,0.0,0.0,0.0,0.0
image_01638.png,1,"[0, 0, 0, 0, 0, 0]",1638,0.0,-9.488980590354714,0.47813495385238003,0.0,0.0,-12.581765359634572,0.0,0.0,0.0,0.0,0.0,0.0
image_01639.png,1,"[0, 0, 0, 0, 0, 0]",1639,0.0,-10.008851660949858,0.13880156217010686,0.0,0.0,6.184171164839884,0.0,0.0,0.0,0.0,0.0,0.0
image_01640.png,1,"[0, 0, 0, 0, 0, 0]",1640,0.0,4.178159239508588,0.2501253406092978,0.0,0.0,-8.022108192132542,0.0,0.0,0.0,0.0,0.0,0.0
image_01641.png,1,"[0, 0, 0, 0, 0, 0]",1641,0.0,3.7528075554084666,-0.6143017058745381,0.0,0.0,-4.046443431445256,0.0,0.0,0.0,0.0,0.0,0.0
image_01642.png,1,"[0, 0, 0, 0, 0, 0]",1642,0.0,11.245802603192743,2.6533165851300105,0.0,0.0,3.4694663432264927,0.0,0.0,0.0,0.0,0.0,0.0
image_01643.png,1,"[0, 0, 0, 0, 0, 0]",1643,0.0,-9.451163328789164,-1.6776215861353654,0.0,0.0,-3.806344386098769,0.0,0.0,0.0,0.0,0.0,0.0
image_01644.png,1,"[0, 0, 0, 0, 0, 0]",1644,0.0,1.9033871302838463,2.342290383358262,0.0,0.0,-14.434882204802102,0.0,0.0,0.0,0.0,0.0,0.0
image_01645.png,1,"[0, 0, 0, 0, 0, 0]",1645,0.0,10.713494422936115,-0.8301490823413951,0.0,0.0,11.081311831191949,0.0,0.0,0.0,0.0,0.0,0.0
image_01646.png,1,"[0, 0, 0, 0, 0, 0]",1646,0.0,2.896348521466507,-1.9829853126369295,0.0,0.0,1.6763312453140717,0.0,0.0,0.0,0.0,0.0,0.0
image_01647.png,1,"[0, 0, 0, 0, 0, 0]",1647,0.0,-1.6202819422524755,5.404145447482275,0.0,0.0,14.762357591153128,0.0,0.0,0.0,0.0,0.0,0.0
image_01648.png,1,"[0, 0, 0, 0, 0, 0]",1648,0.0,10.165889128253255,3.8678309926536016,0.0,0.0,-1.3902383428854976,0.0,0.0,0.0,0.0,0.0,0.0
image_01649.png,1,"[0, 0, 0, 0, 0, 0]",1649,0.0,6.214689184602207,5.182008020048027,0.0,0.0,2.4931078315448554,0.0,0.0,0.0,0.0,0.0,0.0
image_01650.png,1,"[0, 0, 0, 0, 0, 0]",1650,0.0,8.273133422979825,-0.24983533944781477,0.0,0.0,-7.378886946719688,0.0,0.0,0.0,0.0,0.0,0.0
image_01651.png,1,"[0, 0, 0, 0, 0, 0]",1651,0.0,-13.555599801025409,-1.0545600885218476,0.0,0.0,-5.6924302370123065,0.0,0.0,0.0,0.0,0.0,0.0
image_01652.png,1,"[0, 0, 0, 0, 0, 0]",1652,0.0,5.182051724295398,3.0008389249964633,0.0,0.0,5.414317083259303,0.0,0.0,0.0,0.0,0.0,0.0
image_01653.png,1,"[0, 0, 0, 0, 0, 0]",1653,0.0,-5.678514859400792,2.4763129588857415,0.0,0.0,2.7910241670211824,0.0,0.0,0.0,0.0,0.0,0.0
image_01654.png,1,"[0, 0, 0, 0, 0, 0]",1654,0.0,8.767629448782543,3.3152597789467944,0.0,0.0,-8.576300465858848,0.0,0.0,0.0,0.0,0.0,0.0
image_01655.png,1,"[0, 0, 0, 0, 0, 0]",1655,0.0,10.232409016723459,0.0027816848751478496,0.0,0.0,1.0612505864709048,0.0,0.0,0.0,0.0,0.0,0.0
image_01656.png,1,"[0, 0, 0, 0, 0, 0]",1656,0.0,-3.621879645229427,1.1677886281028504,0.0,0.0,-3.0852631746325296,0.0,0.0,0.0,0.0,0.0,0.0
image_01657.png,1,"[0, 0, 0, 0, 0, 0]",1657,0.0,0.5621674384790012,-1.0295895087007283,0.0,0.0,-7.173309674572566,0.0,0.0,0.0,0.0,0.0,0.0
image_01658.png,1,"[0, 0, 0, 0, 0, 0]",1658,0.0,-1.8783843282107853,-0.723748260976826,0.0,0.0,5.19233044807158,0.0,0.0,0.0,0.0,0.0,0.0
image_01659.png,1,"[0, 0, 0, 0, 0, 0]",1659,0.0,0.45727654513089533,-0.012530836080114183,0.0,0.0,2.5540834348429984,0.0,0.0,0.0,0.0,0.0,0.0
image_01660.png,1,"[0, 0, 0, 0, 0, 0]",1660,0.0,2.585495048703848,5.465403286264656,0.0,0.0,3.223062432504185,0.0,0.0,0.0,0.0,0.0,0.0
image_01661.png,1,"[0, 0, 0, 0, 0, 0]",1661,0.0,2.1262033029086496,-0.020072236939041144,0.0,0.0,-4.832678563992623,0.0,0.0,0.0,0.0,0.0,0.0
image_01662.png,1,"[0, 0, 0, 0, 0, 0]",1662,0.0,-5.966004129667908,-1.883807633088428,0.0,0.0,-7.163296499610588,0.0,0.0,0.0,0.0,0.0,0.0
image_01663.png,1,"[0, 0, 0, 0, 0, 0]",1663,0.0,2.962869104406124,2.623292968867598,0.0,0.0,3.386872036151947,0.0,0.0,0.0,0.0,0.0,0.0
image_01664.png,1,"[0, 0, 0, 0, 0, 0]",1664,0.0,-12.211910750342895,2.6704714622613093,0.0,0.0,-6.633021328049781,0.0,0.0,0.0,0.0,0.0,0.0
image_01665.png,1,"[0, 0, 0, 0, 0, 0]",1665,0.0,-4.3912562359948595,3.3060367063998566,0.0,0.0,6.98040988830528,0.0,0.0,0.0,0.0,0.0,0.0
image_01666.png,1,"[0, 0, 0, 0, 0, 0]",1666,0.0,-9.760099805603105,1.0856001966057955,0.0,0.0,0.01816834167448854,0.0,0.0,0.0,0.0,0.0,0.0
image_01667.png,1,"[0, 0, 0, 0, 0, 0]",1667,0.0,-7.098026005823414,2.3243745210731257,0.0,0.0,-17.893540265814153,0.0,0.0,0.0,0.0,0.0,0.0
image_01668.png,1,"[0, 0, 0, 0, 0, 0]",1668,0.0,-8.752331665932587,4.027495785639696,0.0,0.0,8.101417997910461,0.0,0.0,0.0,0.0,0.0,0.0
image_01669.png,1,"[0, 0, 0, 0, 0, 0]",1669,0.0,-12.652246385190452,-1.0726214878330416,0.0,0.0,-11.826716531349716,0.0,0.0,0.0,0.0,0.0,0.0
image_01670.png,1,"[0, 0, 0, 0, 0, 0]",1670,0.0,-13.31121567324513,3.0250268498404775,0.0,0.0,-7.296562796409283,0.0,0.0,0.0,0.0,0.0,0.0
image_01671.png,1,"[0, 0, 0, 0, 0, 0]",1671,0.0,10.505661056075446,-0.09981389847853195,0.0,0.0,-5.122890752900523,0.0,0.0,0.0,0.0,0.0,0.0
image_01672.png,1,"[0, 0, 0, 0, 0, 0]",1672,0.0,-5.2269105200246315,4.734276139750975,0.0,0.0,-1.033833427318384,0.0,0.0,0.0,0.0,0.0,0.0
image_01673.png,1,"[0, 0, 0, 0, 0, 0]",1673,0.0,-12.030165346637375,3.465705872007403,0.0,0.0,1.9213477083427917,0.0,0.0,0.0,0.0,0.0,0.0
image_01674.png,1,"[0, 0, 0, 0, 0, 0]",1674,0.0,2.6263354548268936,2.8047321413153146,0.0,0.0,1.7318215940804529,0.0,0.0,0.0,0.0,0.0,0.0
image_01675.png,1,"[0, 0, 0, 0, 0, 0]",1675,0.0,6.59935964088001,-1.847652817197464,0.0,0.0,8.860307719655212,0.0,0.0,0.0,0.0,0.0,0.0
image_01676.png,1,"[0, 0, 0, 0, 0, 0]",1676,0.0,0.6465002115072309,3.294330914963675,0.0,0.0,-1.4840613388690296,0.0,0.0,0.0,0.0,0.0,0.0
image_01677.png,1,"[0, 0, 0, 0, 0, 0]",1677,0.0,-12.693107501074394,3.187174704724356,0.0,0.0,-1.177185253058416,0.0,0.0,0.0,0.0,0.0,0.0
image_01678.png,1,"[0, 0, 0, 0, 0, 0]",1678,0.0,-6.907531281613103,5.198213735912205,0.0,0.0,-3.530772562781838,0.0,0.0,0.0,0.0,0.0,0.0
image_01679.png,1,"[0, 0, 0, 0, 0, 0]",1679,0.0,-5.2980605987982585,3.5304885553604946,0.0,0.0,1.204412663706415,0.0,0.0,0.0,0.0,0.0,0.0
image_01680.png,1,"[0, 0, 0, 0, 0, 0]",1680,0.0,2.6070831320368484,-0.41144138204868796,0.0,0.0,10.206395277774627,0.0,0.0,0.0,0.0,0.0,0.0
image_01681.png,1,"[0, 0, 0, 0, 0, 0]",1681,0.0,-7.631308828752992,2.9669916358635264,0.0,0.0,5.904558485955527,0.0,0.0,0.0,0.0,0.0,0.0
image_01682.png,1,"[0, 0, 0, 0, 0, 0]",1682,0.0,-10.380862912119099,-0.9661900863080379,0.0,0.0,4.796362692938929,0.0,0.0,0.0,0.0,0.0,0.0
image_01683.png,1,"[0, 0, 0, 0, 0, 0]",1683,0.0,3.4662241494802046,0.3738860962580408,0.0,0.0,13.35063530552609,0.0,0.0,0.0,0.0,0.0,0.0
image_01684.png,1,"[0, 0, 0, 0, 0, 0]",1684,0.0,2.3198387734540233,1.4547805262768256,0.0,0.0,-0.803177764451169,0.0,0.0,0.0,0.0,0.0,0.0
image_01685.png,1,"[0, 0, 0, 0, 0, 0]",1685,0.0,1.0869567451351614,-1.728099774367005,0.0,0.0,0.2871162575874784,0.0,0.0,0.0,0.0,0.0,0.0
image_01686.png,1,"[0, 0, 0, 0, 0, 0]",1686,0.0,2.6693229048131,2.888405356434127,0.0,0.0,-4.568326160619835,0.0,0.0,0.0,0.0,0.0,0.0
image_01687.png,1,"[0, 0, 0, 0, 0, 0]",1687,0.0,9.91634711253743,2.3005976491607916,0.0,0.0,8.703863948502889,0.0,0.0,0.0,0.0,0.0,0.0
image_01688.png,1,"[0, 0, 0, 0, 0, 0]",1688,0.0,8.677663531276316,-0.5893518456594173,0.0,0.0,-8.929922849155579,0.0,0.0,0.0,0.0,0.0,0.0
image_01689.png,1,"[0, 0, 0, 0, 0, 0]",1689,0.0,10.471138695390792,4.980813328163993,0.0,0.0,4.306905582686919,0.0,0.0,0.0,0.0,0.0,0.0
image_01690.png,1,"[0, 0, 0, 0, 0, 0]",1690,0.0,13.076050036712516,-0.04568065851824965,0.0,0.0,7.969428748970444,0.0,0.0,0.0,0.0,0.0,0.0
image_01691.png,1,"[0, 0, 0, 0, 0, 0]",1691,0.0,-4.032538700178492,0.39910064255054234,0.0,0.0,-4.057796199018882,0.0,0.0,0.0,0.0,0.0,0.0
image_01692.png,1,"[0, 0, 0, 0, 0, 0]",1692,0.0,-9.044614408732173,0.6673015458665312,0.0,0.0,0.17791065468109263,0.0,0.0,0.0,0.0,0.0,0.0
image_01693.png,1,"[0, 0, 0, 0, 0, 0]",1693,0.0,-13.296650971976305,3.5468613882082503,0.0,0.0,2.599379913977507,0.0,0.0,0.0,0.0,0.0,0.0
image_01694.png,1,"[0, 0, 0, 0, 0, 0]",1694,0.0,-13.308890694723573,3.185514418852473,0.0,0.0,7.0804526030979735,0.0,0.0,0.0,0.0,0.0,0.0
image_01695.png,1,"[0, 0, 0, 0, 0, 0]",1695,0.0,2.7417133977547152,0.9311359267539627,0.0,0.0,2.5913267076572253,0.0,0.0,0.0,0.0,0.0,0.0
image_01696.png,1,"[0, 0, 0, 0, 0, 0]",1696,0.0,-3.4515978897284896,0.8409154152833587,0.0,0.0,10.097624973096881,0.0,0.0,0.0,0.0,0.0,0.0
image_01697.png,1,"[0, 0, 0, 0, 0, 0]",1697,0.0,13.799390700519986,0.2853905934670391,0.0,0.0,-7.0020786496403025,0.0,0.0,0.0,0.0,0.0,0.0
image_01698.png,1,"[0, 0, 0, 0, 0, 0]",1698,0.0,12.627659465243703,2.1502164358117932,0.0,0.0,-10.765754561616037,0.0,0.0,0.0,0.0,0.0,0.0
image_01699.png,1,"[0, 0, 0, 0, 0, 0]",1699,0.0,13.027072890225512,1.5022964449008582,0.0,0.0,5.901235227314831,0.0,0.0,0.0,0.0,0.0,0.0
image_01700.png,1,"[0, 0, 0, 0, 0, 0]",1700,0.0,-2.022406766794859,2.7341216410780502,0.0,0.0,2.669156973857094,0.0,0.0,0.0,0.0,0.0,0.0
image_01701.png,1,"[0, 0, 0, 0, 0, 0]",1701,0.0,-4.184180854614837,1.457897605761933,0.0,0.0,-13.74892647188228,0.0,0.0,0.0,0.0,0.0,0.0
image_01702.png,1,"[0, 0, 0, 0, 0, 0]",1702,0.0,-9.664513529548557,1.680974914075703,0.0,0.0,2.917304676230521,0.0,0.0,0.0,0.0,0.0,0.0
image_01703.png,1,"[0, 0, 0, 0, 0, 0]",1703,0.0,10.156748097063897,0.2352163840474497,0.0,0.0,2.6418632299240676,0.0,0.0,0.0,0.0,0.0,0.0
image_01704.png,1,"[0, 0, 0, 0, 0, 0]",1704,0.0,-13.433492919065174,0.3347747143423936,0.0,0.0,-5.7498331377426934,0.0,0.0,0.0,0.0,0.0,0.0
image_01705.png,1,"[0, 0, 0, 0, 0, 0]",1705,0.0,-5.581210803241291,-1.0979462237495201,0.0,0.0,-17.154061642913568,0.0,0.0,0.0,0.0,0.0,0.0
image_01706.png,1,"[0, 0, 0, 0, 0, 0]",1706,0.0,-10.93514190046973,4.0056289518186725,0.0,0.0,-16.20877074261357,0.0,0.0,0.0,0.0,0.0,0.0
image_01707.png,1,"[0, 0, 0, 0, 0, 0]",1707,0.0,9.366968576079586,-0.052049038758595234,0.0,0.0,1.4152104345643175,0.0,0.0,0.0,0.0,0.0,0.0
image_01708.png,1,"[0, 0, 0, 0, 0, 0]",1708,0.0,-2.786240571536858,-1.1555901655062752,0.0,0.0,9.722198251538119,0.0,0.0,0.0,0.0,0.0,0.0
image_01709.png,1,"[0, 0, 0, 0, 0, 0]",1709,0.0,-4.2523751980978375,0.543108111784671,0.0,0.0,-12.53349119065432,0.0,0.0,0.0,0.0,0.0,0.0
image_01710.png,1,"[0, 0, 0, 0, 0, 0]",1710,0.0,-7.297262636797086,0.22990169013856665,0.0,0.0,4.689392715592678,0.0,0.0,0.0,0.0,0.0,0.0
image_01711.png,1,"[0, 0, 0, 0, 0, 0]",1711,0.0,2.9915887046475973,3.795453712972704,0.0,0.0,-4.861150130500049,0.0,0.0,0.0,0.0,0.0,0.0
image_01712.png,1,"[0, 0, 0, 0, 0, 0]",1712,0.0,9.900809291908097,-1.8882183086738082,0.0,0.0,12.476471244030282,0.0,0.0,0.0,0.0,0.0,0.0
image_01713.png,1,"[0, 0, 0, 0, 0, 0]",1713,0.0,-3.9761949214712757,4.276723796878576,0.0,0.0,2.9139130591191527,0.0,0.0,0.0,0.0,0.0,0.0
image_01714.png,1,"[0, 0, 0, 0, 0, 0]",1714,0.0,10.748033408336156,2.1396424022493363,0.0,0.0,0.6030091260496298,0.0,0.0,0.0,0.0,0.0,0.0
image_01715.png,1,"[0, 0, 0, 0, 0, 0]",1715,0.0,7.7605064481250565,1.7885123014173532,0.0,0.0,-10.281988674289181,0.0,0.0,0.0,0.0,0.0,0.0
image_01716.png,1,"[0, 0, 0, 0, 0, 0]",1716,0.0,11.692188247336496,-1.5257642165715457,0.0,0.0,10.091187812642696,0.0,0.0,0.0,0.0,0.0,0.0
image_01717.png,1,"[0, 0, 0, 0, 0, 0]",1717,0.0,-8.305222922141738,4.600205957901879,0.0,0.0,13.064645683709179,0.0,0.0,0.0,0.0,0.0,0.0
image_01718.png,1,"[0, 0, 0, 0, 0, 0]",1718,0.0,-4.836131924615998,0.01364613016414884,0.0,0.0,-4.23911413353268,0.0,0.0,0.0,0.0,0.0,0.0
image_01719.png,1,"[0, 0, 0, 0, 0, 0]",1719,0.0,-3.099739841094504,-0.7127011300794384,0.0,0.0,-3.5780028183851456,0.0,0.0,0.0,0.0,0.0,0.0
image_01720.png,1,"[0, 0, 0, 0, 0, 0]",1720,0.0,-11.8145084384156,-1.099187784617854,0.0,0.0,-8.338752558577712,0.0,0.0,0.0,0.0,0.0,0.0
image_01721.png,1,"[0, 0, 0, 0, 0, 0]",1721,0.0,10.066750995179447,-0.9189705489112747,0.0,0.0,-3.179209350779294,0.0,0.0,0.0,0.0,0.0,0.0
image_01722.png,1,"[0, 0, 0, 0, 0, 0]",1722,0.0,-3.960576349623608,0.10821246906269621,0.0,0.0,1.676261856942482,0.0,0.0,0.0,0.0,0.0,0.0
image_01723.png,1,"[0, 0, 0, 0, 0, 0]",1723,0.0,-2.1324450397705874,1.8430673769299082,0.0,0.0,-11.07822680214201,0.0,0.0,0.0,0.0,0.0,0.0
image_01724.png,1,"[0, 0, 0, 0, 0, 0]",1724,0.0,10.34215133093236,-0.00670765666165396,0.0,0.0,-7.078804885335597,0.0,0.0,0.0,0.0,0.0,0.0
image_01725.png,1,"[0, 0, 0, 0, 0, 0]",1725,0.0,12.391174260902474,-0.6786944798124424,0.0,0.0,7.673374235311328,0.0,0.0,0.0,0.0,0.0,0.0
image_01726.png,1,"[0, 0, 0, 0, 0, 0]",1726,0.0,4.318639413490999,-1.2913961363851203,0.0,0.0,3.2117611073082086,0.0,0.0,0.0,0.0,0.0,0.0
image_01727.png,1,"[0, 0, 0, 0, 0, 0]",1727,0.0,7.705583834715739,-0.7683802376174713,0.0,0.0,11.154077079889461,0.0,0.0,0.0,0.0,0.0,0.0
image_01728.png,1,"[0, 0, 0, 0, 0, 0]",1728,0.0,13.061966339199465,1.5486559880409456,0.0,0.0,-7.3357965565769785,0.0,0.0,0.0,0.0,0.0,0.0
image_01729.png,1,"[0, 0, 0, 0, 0, 0]",1729,0.0,-0.9941015695021918,-0.42147624815144025,0.0,0.0,-12.573075406973311,0.0,0.0,0.0,0.0,0.0,0.0
image_01730.png,1,"[0, 0, 0, 0, 0, 0]",1730,0.0,6.4788404232712935,-0.030873918158841107,0.0,0.0,2.1150617922883983,0.0,0.0,0.0,0.0,0.0,0.0
image_01731.png,1,"[0, 0, 0, 0, 0, 0]",1731,0.0,-11.64408265273201,-0.2917728261921879,0.0,0.0,-0.8307073951914745,0.0,0.0,0.0,0.0,0.0,0.0
image_01732.png,1,"[0, 0, 0, 0, 0, 0]",1732,0.0,-0.00011542971482469966,1.7691653035030805,0.0,0.0,-0.03314947282156727,0.0,0.0,0.0,0.0,0.0,0.0
image_01733.png,1,"[0, 0, 0, 0, 0, 0]",1733,0.0,6.467859253457959,4.480030552134995,0.0,0.0,-0.2762821414564019,0.0,0.0,0.0,0.0,0.0,0.0
image_01734.png,1,"[0, 0, 0, 0, 0, 0]",1734,0.0,8.434057584357824,-1.295323197294928,0.0,0.0,-8.890814864545808,0.0,0.0,0.0,0.0,0.0,0.0
image_01735.png,1,"[0, 0, 0, 0, 0, 0]",1735,0.0,-1.6773467336783128,4.8978151212136956,0.0,0.0,9.09895069636038,0.0,0.0,0.0,0.0,0.0,0.0
image_01736.png,1,"[0, 0, 0, 0, 0, 0]",1736,0.0,12.168935422879926,-0.787382307647351,0.0,0.0,-3.9141684442682014,0.0,0.0,0.0,0.0,0.0,0.0
image_01737.png,1,"[0, 0, 0, 0, 0, 0]",1737,0.0,0.39394415067384614,3.9414441368986415,0.0,0.0,10.422344684640088,0.0,0.0,0.0,0.0,0.0,0.0
image_01738.png,1,"[0, 0, 0, 0, 0, 0]",1738,0.0,-9.097987281713998,4.8935586966694,0.0,0.0,-7.928824449838102,0.0,0.0,0.0,0.0,0.0,0.0
image_01739.png,1,"[0, 0, 0, 0, 0, 0]",1739,0.0,10.33633386862165,1.4713288938583537,0.0,0.0,-3.3294544920376157,0.0,0.0,0.0,0.0,0.0,0.0
image_01740.png,1,"[0, 0, 0, 0, 0, 0]",1740,0.0,10.657241371859058,-0.8540250412562673,0.0,0.0,-2.3576221465732403,0.0,0.0,0.0,0.0,0.0,0.0
image_01741.png,1,"[0, 0, 0, 0, 0, 0]",1741,0.0,-2.9223639115809164,3.7880143411149323,0.0,0.0,-20.0,0.0,0.0,0.0,0.0,0.0,0.0
image_01742.png,1,"[0, 0, 0, 0, 0, 0]",1742,0.0,0.7612821775498446,-1.9676528251272516,0.0,0.0,-2.8048097789534827,0.0,0.0,0.0,0.0,0.0,0.0
image_01743.png,1,"[0, 0, 0, 0, 0, 0]",1743,0.0,-0.41047467101213897,4.950822612420733,0.0,0.0,-2.2739781814030384,0.0,0.0,0.0,0.0,0.0,0.0
image_01744.png,1,"[0, 0, 0, 0, 0, 0]",1744,0.0,-10.141354949328615,-0.2409279370964319,0.0,0.0,7.3160972715081405,0.0,0.0,0.0,0.0,0.0,0.0
image_01745.png,1,"[0, 0, 0, 0, 0, 0]",1745,0.0,7.242050408667303,5.403368274028628,0.0,0.0,-0.44087971629243417,0.0,0.0,0.0,0.0,0.0,0.0
image_01746.png,1,"[0, 0, 0, 0, 0, 0]",1746,0.0,-9.341472689483055,0.041489222129855285,0.0,0.0,-9.546090341429812,0.0,0.0,0.0,0.0,0.0,0.0
image_01747.png,1,"[0, 0, 0, 0, 0, 0]",1747,0.0,-2.348599488576056,2.6902489583676807,0.0,0.0,1.1054493420300202,0.0,0.0,0.0,0.0,0.0,0.0
image_01748.png,1,"[0, 0, 0, 0, 0, 0]",1748,0.0,-3.8544129466014496,3.3131333499993865,0.0,0.0,-11.701555610955246,0.0,0.0,0.0,0.0,0.0,0.0
image_01749.png,1,"[0, 0, 0, 0, 0, 0]",1749,0.0,-9.106856652364172,4.79042408218609,0.0,0.0,-9.55252101975739,0.0,0.0,0.0,0.0,0.0,0.0
image_01750.png,1,"[0, 0, 0, 0, 0, 0]",1750,0.0,-3.353154138605575,-0.5979167068223061,0.0,0.0,-6.761019362704405,0.0,0.0,0.0,0.0,0.0,0.0
image_01751.png,1,"[0, 0, 0, 0, 0, 0]",1751,0.0,-9.173982338872293,1.8864270787580528,0.0,0.0,14.29290488394891,0.0,0.0,0.0,0.0,0.0,0.0
image_01752.png,1,"[0, 0, 0, 0, 0, 0]",1752,0.0,-9.086225783377358,-0.41820641186352003,0.0,0.0,-3.554646446732326,0.0,0.0,0.0,0.0,0.0,0.0
image_01753.png,1,"[0, 0, 0, 0, 0, 0]",1753,0.0,4.233642025644201,-0.9001418309183311,0.0,0.0,1.9581042512517006,0.0,0.0,0.0,0.0,0.0,0.0
image_01754.png,1,"[0, 0, 0, 0, 0, 0]",1754,0.0,-6.84678130813181,-0.021551341664569623,0.0,0.0,9.331933885405666,0.0,0.0,0.0,0.0,0.0,0.0
image_01755.png,1,"[0, 0, 0, 0, 0, 0]",1755,0.0,3.5842523563018602,1.6980151573840887,0.0,0.0,-13.593726136301795,0.0,0.0,0.0,0.0,0.0,0.0
image_01756.png,1,"[0, 0, 0, 0, 0, 0]",1756,0.0,-4.359086777713671,3.2984141689283204,0.0,0.0,10.06012996086301,0.0,0.0,0.0,0.0,0.0,0.0
image_01757.png,1,"[0, 0, 0, 0, 0, 0]",1757,0.0,13.273863056737255,5.075682242122411,0.0,0.0,0.019431949206607586,0.0,0.0,0.0,0.0,0.0,0.0
image_01758.png,1,"[0, 0, 0, 0, 0, 0]",1758,0.0,-10.781967950679856,0.35403818928527286,0.0,0.0,-2.0504064217786824,0.0,0.0,0.0,0.0,0.0,0.0
image_01759.png,1,"[0, 0, 0, 0, 0, 0]",1759,0.0,1.2383150725971461,4.188292397910659,0.0,0.0,-10.612548976631873,0.0,0.0,0.0,0.0,0.0,0.0
image_01760.png,1,"[0, 0, 0, 0, 0, 0]",1760,0.0,11.907162964742383,0.8955518685698425,0.0,0.0,-8.907548595546126,0.0,0.0,0.0,0.0,0.0,0.0
image_01761.png,1,"[0, 0, 0, 0, 0, 0]",1761,0.0,-7.893793758867133,-1.5361766194793904,0.0,0.0,-2.5152609368905345,0.0,0.0,0.0,0.0,0.0,0.0
image_01762.png,1,"[0, 0, 0, 0, 0, 0]",1762,0.0,2.2145178575278806,-0.40635267599671643,0.0,0.0,11.05523544797182,0.0,0.0,0.0,0.0,0.0,0.0
image_01763.png,1,"[0, 0, 0, 0, 0, 0]",1763,0.0,6.769216910230483,3.096088995239878,0.0,0.0,-3.171904535100168,0.0,0.0,0.0,0.0,0.0,0.0
image_01764.png,1,"[0, 0, 0, 0, 0, 0]",1764,0.0,-10.383736118679252,3.676418094220799,0.0,0.0,-5.0635411592059265,0.0,0.0,0.0,0.0,0.0,0.0
image_01765.png,1,"[0, 0, 0, 0, 0, 0]",1765,0.0,9.863080392395062,-0.24058606138064675,0.0,0.0,9.32320593784152,0.0,0.0,0.0,0.0,0.0,0.0
image_01766.png,1,"[0, 0, 0, 0, 0, 0]",1766,0.0,-9.77269015841118,0.037425064285101506,0.0,0.0,-5.938716756041854,0.0,0.0,0.0,0.0,0.0,0.0
image_01767.png,1,"[0, 0, 0, 0, 0, 0]",1767,0.0,11.567201962340931,1.3252391298874842,0.0,0.0,-7.8511310642867445,0.0,0.0,0.0,0.0,0.0,0.0
image_01768.png,1,"[0, 0, 0, 0, 0, 0]",1768,0.0,9.623742763601953,2.8279505558519933,0.0,0.0,-3.6567413703563245,0.0,0.0,0.0,0.0,0.0,0.0
image_01769.png,1,"[0, 0, 0, 0, 0, 0]",1769,0.0,-9.821361607206626,5.067369585321835,0.0,0.0,12.463038929567738,0.0,0.0,0.0,0.0,0.0,0.0
image_01770.png,1,"[0, 0, 0, 0, 0, 0]",1770,0.0,12.054186994593195,4.655384047312334,0.0,0.0,-7.888454114147385,0.0,0.0,0.0,0.0,0.0,0.0
image_01771.png,1,"[0, 0, 0, 0, 0, 0]",1771,0.0,-7.419268796829698,-1.960930045659779,0.0,0.0,4.587974661653969,0.0,0.0,0.0,0.0,0.0,0.0
image_01772.png,1,"[0, 0, 0, 0, 0, 0]",1772,0.0,-8.101701794896684,4.257251599959586,0.0,0.0,-9.091269903168415,0.0,0.0,0.0,0.0,0.0,0.0
image_01773.png,1,"[0, 0, 0, 0, 0, 0]",1773,0.0,-1.2980053557720836,-1.3412420632405104,0.0,0.0,10.712168541715414,0.0,0.0,0.0,0.0,0.0,0.0
image_01774.png,1,"[0, 0, 0, 0, 0, 0]",1774,0.0,3.2324524610254883,3.1679718084738475,0.0,0.0,0.714319968409897,0.0,0.0,0.0,0.0,0.0,0.0
image_01775.png,1,"[0, 0, 0, 0, 0, 0]",1775,0.0,-3.132614025601846,4.805332740161586,0.0,0.0,-4.4579994566964904,0.0,0.0,0.0,0.0,0.0,0.0
image_01776.png,1,"[0, 0, 0, 0, 0, 0]",1776,0.0,0.9533221862623407,0.8817248118814249,0.0,0.0,5.341098270028195,0.0,0.0,0.0,0.0,0.0,0.0
image_01777.png,1,"[0, 0, 0, 0, 0, 0]",1777,0.0,6.579244298641697,-0.749223509610982,0.0,0.0,2.7050460806288146,0.0,0.0,0.0,0.0,0.0,0.0
image_01778.png,1,"[0, 0, 0, 0, 0, 0]",1778,0.0,-11.128720834524543,1.0725523351536728,0.0,0.0,-6.011814715499074,0.0,0.0,0.0,0.0,0.0,0.0
image_01779.png,1,"[0, 0, 0, 0, 0, 0]",1779,0.0,-3.745978588035072,3.730337148262544,0.0,0.0,-11.115953622827352,0.0,0.0,0.0,0.0,0.0,0.0
image_01780.png,1,"[0, 0, 0, 0, 0, 0]",1780,0.0,8.487363912308822,4.776675441224876,0.0,0.0,6.272208025776623,0.0,0.0,0.0,0.0,0.0,0.0
image_01781.png,1,"[0, 0, 0, 0, 0, 0]",1781,0.0,13.926569741613257,0.5758729932644826,0.0,0.0,0.18984895884796824,0.0,0.0,0.0,0.0,0.0,0.0
image_01782.png,1,"[0, 0, 0, 0, 0, 0]",1782,0.0,-7.8163741423418,1.0246777438539243,0.0,0.0,-13.912802181104917,0.0,0.0,0.0,0.0,0.0,0.0
image_01783.png,1,"[0, 0, 0, 0, 0, 0]",1783,0.0,8.594215139891887,1.3818950732966346,0.0,0.0,-14.69258421953475,0.0,0.0,0.0,0.0,0.0,0.0
image_01784.png,1,"[0, 0, 0, 0, 0, 0]",1784,0.0,7.262068717442361,3.656282540531816,0.0,0.0,-0.6982376382880725,0.0,0.0,0.0,0.0,0.0,0.0
image_01785.png,1,"[0, 0, 0, 0, 0, 0]",1785,0.0,7.070096083280205,0.1745655614822743,0.0,0.0,6.161539867435952,0.0,0.0,0.0,0.0,0.0,0.0
image_01786.png,1,"[0, 0, 0, 0, 0, 0]",1786,0.0,-6.7547644304954275,-0.049012423608377986,0.0,0.0,17.109063559568657,0.0,0.0,0.0,0.0,0.0,0.0
image_01787.png,1,"[0, 0, 0, 0, 0, 0]",1787,0.0,-0.8801407600254691,-0.1960380298403981,0.0,0.0,3.3739434892132145,0.0,0.0,0.0,0.0,0.0,0.0
image_01788.png,1,"[0, 0, 0, 0, 0, 0]",1788,0.0,-2.9506523156553044,4.5106402256396105,0.0,0.0,1.1804041346555505,0.0,0.0,0.0,0.0,0.0,0.0
image_01789.png,1,"[0, 0, 0, 0, 0, 0]",1789,0.0,-2.628222548657618,-1.4398642823264773,0.0,0.0,-0.08270567958005295,0.0,0.0,0.0,0.0,0.0,0.0
image_01790.png,1,"[0, 0, 0, 0, 0, 0]",1790,0.0,13.333244256853106,1.3659543701549781,0.0,0.0,-12.42275761967608,0.0,0.0,0.0,0.0,0.0,0.0
image_01791.png,1,"[0, 0, 0, 0, 0, 0]",1791,0.0,-7.143504626556691,0.9077923017659772,0.0,0.0,3.891303717579473,0.0,0.0,0.0,0.0,0.0,0.0
image_01792.png,1,"[0, 0, 0, 0, 0, 0]",1792,0.0,11.689161876199847,2.8601564825543058,0.0,0.0,-3.950245945364074,0.0,0.0,0.0,0.0,0.0,0.0
image_01793.png,1,"[0, 0, 0, 0, 0, 0]",1793,0.0,8.850991578728824,-0.4830506563806449,0.0,0.0,7.293177888669369,0.0,0.0,0.0,0.0,0.0,0.0
image_01794.png,1,"[0, 0, 0, 0, 0, 0]",1794,0.0,-2.3049927055608137,-1.052930174761703,0.0,0.0,-5.687523805329586,0.0,0.0,0.0,0.0,0.0,0.0
image_01795.png,1,"[0, 0, 0, 0, 0, 0]",1795,0.0,-4.088362387942567,-0.700483236316078,0.0,0.0,8.031130143245097,0.0,0.0,0.0,0.0,0.0,0.0
image_01796.png,1,"[0, 0, 0, 0, 0, 0]",1796,0.0,3.545838023434797,-0.24009597969532726,0.0,0.0,2.7046879662783727,0.0,0.0,0.0,0.0,0.0,0.0
image_01797.png,1,"[0, 0, 0, 0, 0, 0]",1797,0.0,-13.697894093876329,1.8419781260510213,0.0,0.0,12.069045356594605,0.0,0.0,0.0,0.0,0.0,0.0
image_01798.png,1,"[0, 0, 0, 0, 0, 0]",1798,0.0,3.8748890319732325,1.0115733233408286,0.0,0.0,1.3977109481799164,0.0,0.0,0.0,0.0,0.0,0.0
image_01799.png,1,"[0, 0, 0, 0, 0, 0]",1799,0.0,-13.45244211459368,3.726264514245159,0.0,0.0,-4.492919561215014,0.0,0.0,0.0,0.0,0.0,0.0
image_01800.png,1,"[0, 0, 0, 0, 0, 0]",1800,0.0,2.3849665513649825,1.702379926356743,0.0,0.0,4.370648840520886,0.0,0.0,0.0,0.0,0.0,0.0
image_01801.png,1,"[0, 0, 0, 0, 0, 0]",1801,0.0,2.417905945346412,4.223848580695359,0.0,0.0,16.48303835748135,0.0,0.0,0.0,0.0,0.0,0.0
image_01802.png,1,"[0, 0, 0, 0, 0, 0]",1802,0.0,3.815567994690049,-1.5344378397215759,0.0,0.0,-7.205257041820885,0.0,0.0,0.0,0.0,0.0,0.0
image_01803.png,1,"[0, 0, 0, 0, 0, 0]",1803,0.0,13.725863527977346,0.22509042158450487,0.0,0.0,-5.307455617157404,0.0,0.0,0.0,0.0,0.0,0.0
image_01804.png,1,"[0, 0, 0, 0, 0, 0]",1804,0.0,4.3486110315212585,-0.2667911999470083,0.0,0.0,0.4814946398689485,0.0,0.0,0.0,0.0,0.0,0.0
image_01805.png,1,"[0, 0, 0, 0, 0, 0]",1805,0.0,-9.362937878809191,4.431264164688965,0.0,0.0,5.007670849248902,0.0,0.0,0.0,0.0,0.0,0.0
image_01806.png,1,"[0, 0, 0, 0, 0, 0]",1806,0.0,3.6445183103415175,4.570992343046832,0.0,0.0,-13.792973198893902,0.0,0.0,0.0,0.0,0.0,0.0
image_01807.png,1,"[0, 0, 0, 0, 0, 0]",1807,0.0,-2.8297554149506823,-0.2899228863541148,0.0,0.0,3.419070651468867,0.0,0.0,0.0,0.0,0.0,0.0
image_01808.png,1,"[0, 0, 0, 0, 0, 0]",1808,0.0,13.491264207624496,3.5318500125414793,0.0,0.0,5.528464668326766,0.0,0.0,0.0,0.0,0.0,0.0
image_01809.png,1,"[0, 0, 0, 0, 0, 0]",1809,0.0,8.593277876891904,4.348611894136824,0.0,0.0,-5.849598919294236,0.0,0.0,0.0,0.0,0.0,0.0
image_01810.png,1,"[0, 0, 0, 0, 0, 0]",1810,0.0,7.718354934134929,-1.4103004058081041,0.0,0.0,0.8837713393697678,0.0,0.0,0.0,0.0,0.0,0.0
image_01811.png,1,"[0, 0, 0, 0, 0, 0]",1811,0.0,7.246545087201923,3.6854227765015413,0.0,0.0,10.972921051607795,0.0,0.0,0.0,0.0,0.0,0.0
image_01812.png,1,"[0, 0, 0, 0, 0, 0]",1812,0.0,-7.52414388895194,-0.18507707687267194,0.0,0.0,-10.438259027782646,0.0,0.0,0.0,0.0,0.0,0.0
image_01813.png,1,"[0, 0, 0, 0, 0, 0]",1813,0.0,0.4244147579139934,-1.8897069487655864,0.0,0.0,-1.4260315661378828,0.0,0.0,0.0,0.0,0.0,0.0
image_01814.png,1,"[0, 0, 0, 0, 0, 0]",1814,0.0,6.2239182833754825,-0.4689158625069927,0.0,0.0,-13.956432724196462,0.0,0.0,0.0,0.0,0.0,0.0
image_01815.png,1,"[0, 0, 0, 0, 0, 0]",1815,0.0,0.14694777685726024,2.287994623322642,0.0,0.0,-3.2659313548225857,0.0,0.0,0.0,0.0,0.0,0.0
image_01816.png,1,"[0, 0, 0, 0, 0, 0]",1816,0.0,-0.027912359806947507,4.208499970348553,0.0,0.0,8.816218020643316,0.0,0.0,0.0,0.0,0.0,0.0
image_01817.png,1,"[0, 0, 0, 0, 0, 0]",1817,0.0,-6.019685689971311,-0.15206429866314752,0.0,0.0,2.2763333093524527,0.0,0.0,0.0,0.0,0.0,0.0
image_01818.png,1,"[0, 0, 0, 0, 0, 0]",1818,0.0,-6.3304765874349584,3.726411802797732,0.0,0.0,3.231090895966911,0.0,0.0,0.0,0.0,0.0,0.0
image_01819.png,1,"[0, 0, 0, 0, 0, 0]",1819,0.0,-10.834283615268191,4.854252649383276,0.0,0.0,-3.4645128707959993,0.0,0.0,0.0,0.0,0.0,0.0
image_01820.png,1,"[0, 0, 0, 0, 0, 0]",1820,0.0,-13.116680249001405,2.4059523148898743,0.0,0.0,-4.587358811915979,0.0,0.0,0.0,0.0,0.0,0.0
image_01821.png,1,"[0, 0, 0, 0, 0, 0]",1821,0.0,-13.38387400966731,-1.050281883568092,0.0,0.0,-5.551715221833019,0.0,0.0,0.0,0.0,0.0,0.0
image_01822.png,1,"[0, 0, 0, 0, 0, 0]",1822,0.0,10.679240327968408,-1.9473878069324244,0.0,0.0,-0.5505571716961807,0.0,0.0,0.0,0.0,0.0,0.0
image_01823.png,1,"[0, 0, 0, 0, 0, 0]",1823,0.0,10.118371887192346,0.6750438368757621,0.0,0.0,-4.319056157681837,0.0,0.0,0.0,0.0,0.0,0.0
image_01824.png,1,"[0, 0, 0, 0, 0, 0]",1824,0.0,13.606748814790947,0.2898700532237055,0.0,0.0,-5.933353910586067,0.0,0.0,0.0,0.0,0.0,0.0
image_01825.png,1,"[0, 0, 0, 0, 0, 0]",1825,0.0,-11.220833767178405,4.981480738928334,0.0,0.0,1.1882981691455803,0.0,0.0,0.0,0.0,0.0,0.0
image_01826.png,1,"[0, 0, 0, 0, 0, 0]",1826,0.0,-1.5007132810908814,-0.05886075079160147,0.0,0.0,18.37168130062957,0.0,0.0,0.0,0.0,0.0,0.0
image_01827.png,1,"[0, 0, 0, 0, 0, 0]",1827,0.0,2.3260679884386875,4.982128369507035,0.0,0.0,16.552665250659768,0.0,0.0,0.0,0.0,0.0,0.0
image_01828.png,1,"[0, 0, 0, 0, 0, 0]",1828,0.0,-9.86736603787503,2.094551898881,0.0,0.0,19.938691432864193,0.0,0.0,0.0,0.0,0.0,0.0
image_01829.png,1,"[0, 0, 0, 0, 0, 0]",1829,0.0,2.3341890265659657,-0.14925252299348157,0.0,0.0,4.391015181622298,0.0,0.0,0.0,0.0,0.0,0.0
image_01830.png,1,"[0, 0, 0, 0, 0, 0]",1830,0.0,-0.8389978545143322,-0.7257650968007283,0.0,0.0,4.072261905549944,0.0,0.0,0.0,0.0,0.0,0.0
image_01831.png,1,"[0, 0, 0, 0, 0, 0]",1831,0.0,-13.76935164960463,-0.15148671569169192,0.0,0.0,-4.250793160832523,0.0,0.0,0.0,0.0,0.0,0.0
image_01832.png,1,"[0, 0, 0, 0, 0, 0]",1832,0.0,-1.6100103308975875,-1.9035546605086617,0.0,0.0,11.220730231984396,0.0,0.0,0.0,0.0,0.0,0.0
image_01833.png,1,"[0, 0, 0, 0, 0, 0]",1833,0.0,-9.465166364175758,-1.538141563590804,0.0,0.0,2.5209227673166446,0.0,0.0,0.0,0.0,0.0,0.0
image_01834.png,1,"[0, 0, 0, 0, 0, 0]",1834,0.0,4.662438451782805,4.3458609557222,0.0,0.0,-2.0285976349969466,0.0,0.0,0.0,0.0,0.0,0.0
image_01835.png,1,"[0, 0, 0, 0, 0, 0]",1835,0.0,-13.111104084556615,4.4996579387279665,0.0,0.0,-8.001036080459858,0.0,0.0,0.0,0.0,0.0,0.0
image_01836.png,1,"[0, 0, 0, 0, 0, 0]",1836,0.0,-10.06388243919558,3.371359888349767,0.0,0.0,0.8184821529396347,0.0,0.0,0.0,0.0,0.0,0.0
image_01837.png,1,"[0, 0, 0, 0, 0, 0]",1837,0.0,2.317838011779841,0.04318600173633369,0.0,0.0,13.260773433154872,0.0,0.0,0.0,0.0,0.0,0.0
image_01838.png,1,"[0, 0, 0, 0, 0, 0]",1838,0.0,0.3998309261654285,1.9716500761013926,0.0,0.0,13.057522322805754,0.0,0.0,0.0,0.0,0.0,0.0
image_01839.png,1,"[0, 0, 0, 0, 0, 0]",1839,0.0,10.650399561707957,0.34532088652206294,0.0,0.0,-12.122140803346953,0.0,0.0,0.0,0.0,0.0,0.0
image_01840.png,1,"[0, 0, 0, 0, 0, 0]",1840,0.0,-8.944962813071868,2.3926657601628065,0.0,0.0,-2.9416204632338316,0.0,0.0,0.0,0.0,0.0,0.0
image_01841.png,1,"[0, 0, 0, 0, 0, 0]",1841,0.0,13.1983392600864,4.160701288159578,0.0,0.0,-1.8326033765177163,0.0,0.0,0.0,0.0,0.0,0.0
image_01842.png,1,"[0, 0, 0, 0, 0, 0]",1842,0.0,-5.412467738739892,1.4875631446864421,0.0,0.0,-7.634325666587262,0.0,0.0,0.0,0.0,0.0,0.0
image_01843.png,1,"[0, 0, 0, 0, 0, 0]",1843,0.0,-3.7281634747100583,4.367289514197941,0.0,0.0,-6.552115516906394,0.0,0.0,0.0,0.0,0.0,0.0
image_01844.png,1,"[0, 0, 0, 0, 0, 0]",1844,0.0,-2.0521393103405217,1.331813980822666,0.0,0.0,2.1857406202843324,0.0,0.0,0.0,0.0,0.0,0.0
image_01845.png,1,"[0, 0, 0, 0, 0, 0]",1845,0.0,-1.8117974405959671,0.7763095328953948,0.0,0.0,4.462296712528982,0.0,0.0,0.0,0.0,0.0,0.0
image_01846.png,1,"[0, 0, 0, 0, 0, 0]",1846,0.0,-3.341952138302659,5.448957612832291,0.0,0.0,-6.377820350699758,0.0,0.0,0.0,0.0,0.0,0.0
image_01847.png,1,"[0, 0, 0, 0, 0, 0]",1847,0.0,-5.392290963075368,2.4382406084453905,0.0,0.0,8.729007207230472,0.0,0.0,0.0,0.0,0.0,0.0
image_01848.png,1,"[0, 0, 0, 0, 0, 0]",1848,0.0,-9.368270732442141,-0.29487357195668773,0.0,0.0,-3.620816541883937,0.0,0.0,0.0,0.0,0.0,0.0
image_01849.png,1,"[0, 0, 0, 0, 0, 0]",1849,0.0,12.670641270589194,3.842910163437945,0.0,0.0,-10.779957763549401,0.0,0.0,0.0,0.0,0.0,0.0
image_01850.png,1,"[0, 0, 0, 0, 0, 0]",1850,0.0,0.46070458371535494,0.904766591057188,0.0,0.0,10.331865622988348,0.0,0.0,0.0,0.0,0.0,0.0
image_01851.png,1,"[0, 0, 0, 0, 0, 0]",1851,0.0,10.037294611892406,5.039090775684026,0.0,0.0,11.757434290571204,0.0,0.0,0.0,0.0,0.0,0.0
image_01852.png,1,"[0, 0, 0, 0, 0, 0]",1852,0.0,12.600663043091316,-1.792044148274698,0.0,0.0,-3.0388387171399196,0.0,0.0,0.0,0.0,0.0,0.0
image_01853.png,1,"[0, 0, 0, 0, 0, 0]",1853,0.0,-7.441528317738374,-0.2449754310932435,0.0,0.0,-3.519164782870282,0.0,0.0,0.0,0.0,0.0,0.0
image_01854.png,1,"[0, 0, 0, 0, 0, 0]",1854,0.0,-8.33452460516807,1.2048391787368438,0.0,0.0,-11.998272012040921,0.0,0.0,0.0,0.0,0.0,0.0
image_01855.png,1,"[0, 0, 0, 0, 0, 0]",1855,0.0,-0.09610862717330093,-1.4119910077735514,0.0,0.0,-3.8739652293534723,0.0,0.0,0.0,0.0,0.0,0.0
image_01856.png,1,"[0, 0, 0, 0, 0, 0]",1856,0.0,8.767969790760546,3.3265097283572373,0.0,0.0,-1.5917903261905788,0.0,0.0,0.0,0.0,0.0,0.0
image_01857.png,1,"[0, 0, 0, 0, 0, 0]",1857,0.0,2.7524735644127816,1.2442895136779812,0.0,0.0,17.99874410601447,0.0,0.0,0.0,0.0,0.0,0.0
image_01858.png,1,"[0, 0, 0, 0, 0, 0]",1858,0.0,-13.0583570066469,2.029820361164534,0.0,0.0,19.066084373855286,0.0,0.0,0.0,0.0,0.0,0.0
image_01859.png,1,"[0, 0, 0, 0, 0, 0]",1859,0.0,-10.211211658593996,2.630571176746737,0.0,0.0,-8.702733651439111,0.0,0.0,0.0,0.0,0.0,0.0
image_01860.png,1,"[0, 0, 0, 0, 0, 0]",1860,0.0,-8.599756515212647,-1.2921246835337024,0.0,0.0,-1.776077059686362,0.0,0.0,0.0,0.0,0.0,0.0
image_01861.png,1,"[0, 0, 0, 0, 0, 0]",1861,0.0,2.387422122028184,5.052878265302674,0.0,0.0,0.3104012238053994,0.0,0.0,0.0,0.0,0.0,0.0
image_01862.png,1,"[0, 0, 0, 0, 0, 0]",1862,0.0,9.536331376990645,4.625316905608891,0.0,0.0,-0.16123596898543177,0.0,0.0,0.0,0.0,0.0,0.0
image_01863.png,1,"[0, 0, 0, 0, 0, 0]",1863,0.0,-0.8447397142665238,4.9902712471105675,0.0,0.0,10.25255186555156,0.0,0.0,0.0,0.0,0.0,0.0
image_01864.png,1,"[0, 0, 0, 0, 0, 0]",1864,0.0,-12.236543857890979,-1.842542695115806,0.0,0.0,8.186831566782411,0.0,0.0,0.0,0.0,0.0,0.0
image_01865.png,1,"[0, 0, 0, 0, 0, 0]",1865,0.0,-11.636558160987732,3.047470680315664,0.0,0.0,12.329209732472304,0.0,0.0,0.0,0.0,0.0,0.0
image_01866.png,1,"[0, 0, 0, 0, 0, 0]",1866,0.0,-3.468578306430615,4.218151980083621,0.0,0.0,-1.8116022202130486,0.0,0.0,0.0,0.0,0.0,0.0
image_01867.png,1,"[0, 0, 0, 0, 0, 0]",1867,0.0,9.957932435989903,0.44536290622510233,0.0,0.0,-3.603898320439774,0.0,0.0,0.0,0.0,0.0,0.0
image_01868.png,1,"[0, 0, 0, 0, 0, 0]",1868,0.0,-11.389755079610651,-0.1790762779585986,0.0,0.0,1.33536768898487,0.0,0.0,0.0,0.0,0.0,0.0
image_01869.png,1,"[0, 0, 0, 0, 0, 0]",1869,0.0,0.31561261710477595,0.3463655927074383,0.0,0.0,-6.835108751506898,0.0,0.0,0.0,0.0,0.0,0.0
image_01870.png,1,"[0, 0, 0, 0, 0, 0]",1870,0.0,3.452943175634644,-1.8569332945900343,0.0,0.0,0.7487586852960287,0.0,0.0,0.0,0.0,0.0,0.0
image_01871.png,1,"[0, 0, 0, 0, 0, 0]",1871,0.0,-11.439588312080787,-0.6321220209877414,0.0,0.0,-9.45500986173502,0.0,0.0,0.0,0.0,0.0,0.0
image_01872.png,1,"[0, 0, 0, 0, 0, 0]",1872,0.0,11.432132434602664,3.5302524820356327,0.0,0.0,4.423194887758997,0.0,0.0,0.0,0.0,0.0,0.0
image_01873.png,1,"[0, 0, 0, 0, 0, 0]",1873,0.0,11.507054811836085,4.112474995878616,0.0,0.0,-3.025700409236305,0.0,0.0,0.0,0.0,0.0,0.0
image_01874.png,1,"[0, 0, 0, 0, 0, 0]",1874,0.0,10.117546180430281,5.352326191636762,0.0,0.0,2.1621177504945717,0.0,0.0,0.0,0.0,0.0,0.0
image_01875.png,1,"[0, 0, 0, 0, 0, 0]",1875,0.0,-10.134820762020539,-0.6912933363918718,0.0,0.0,-10.492898474957103,0.0,0.0,0.0,0.0,0.0,0.0
image_01876.png,1,"[0, 0, 0, 0, 0, 0]",1876,0.0,-13.754716748592358,-0.22658133935411762,0.0,0.0,7.811657637882064,0.0,0.0,0.0,0.0,0.0,0.0
image_01877.png,1,"[0, 0, 0, 0, 0, 0]",1877,0.0,-1.7194656354815976,-0.6443679226185726,0.0,0.0,11.896284188095835,0.0,0.0,0.0,0.0,0.0,0.0
image_01878.png,1,"[0, 0, 0, 0, 0, 0]",1878,0.0,6.776571939349985,1.4126169458551279,0.0,0.0,5.323282574017359,0.0,0.0,0.0,0.0,0.0,0.0
image_01879.png,1,"[0, 0, 0, 0, 0, 0]",1879,0.0,5.170963106759871,-0.23130028201695518,0.0,0.0,-5.779422610290615,0.0,0.0,0.0,0.0,0.0,0.0
image_01880.png,1,"[0, 0, 0, 0, 0, 0]",1880,0.0,-8.07519987550846,2.1454430610353636,0.0,0.0,1.0527119860899132,0.0,0.0,0.0,0.0,0.0,0.0
image_01881.png,1,"[0, 0, 0, 0, 0, 0]",1881,0.0,-8.527457266514375,-0.4227062657504861,0.0,0.0,14.544721495392668,0.0,0.0,0.0,0.0,0.0,0.0
image_01882.png,1,"[0, 0, 0, 0, 0, 0]",1882,0.0,-0.48990337552642416,-0.4400691023099761,0.0,0.0,-4.445656246122936,0.0,0.0,0.0,0.0,0.0,0.0
image_01883.png,1,"[0, 0, 0, 0, 0, 0]",1883,0.0,-2.248389481509733,5.466437570522358,0.0,0.0,-0.3742141138261038,0.0,0.0,0.0,0.0,0.0,0.0
image_01884.png,1,"[0, 0, 0, 0, 0, 0]",1884,0.0,4.9916319455086935,-1.2806727242845128,0.0,0.0,17.52480268836863,0.0,0.0,0.0,0.0,0.0,0.0
image_01885.png,1,"[0, 0, 0, 0, 0, 0]",1885,0.0,-12.503798042626983,5.278735945467352,0.0,0.0,0.22958531912214838,0.0,0.0,0.0,0.0,0.0,0.0
image_01886.png,1,"[0, 0, 0, 0, 0, 0]",1886,0.0,2.613457933479282,-0.5769154891682633,0.0,0.0,-2.7345418485170883,0.0,0.0,0.0,0.0,0.0,0.0
image_01887.png,1,"[0, 0, 0, 0, 0, 0]",1887,0.0,-6.2106251494598155,-1.475672492540185,0.0,0.0,-3.2392231667044644,0.0,0.0,0.0,0.0,0.0,0.0
image_01888.png,1,"[0, 0, 0, 0, 0, 0]",1888,0.0,-4.75512776458055,4.610289606229245,0.0,0.0,-8.714508324561187,0.0,0.0,0.0,0.0,0.0,0.0
image_01889.png,1,"[0, 0, 0, 0, 0, 0]",1889,0.0,-7.864072896936989,4.343292537361058,0.0,0.0,5.438982815960636,0.0,0.0,0.0,0.0,0.0,0.0
image_01890.png,1,"[0, 0, 0, 0, 0, 0]",1890,0.0,-0.4691416826303154,1.6183221617879187,0.0,0.0,1.3544893625377483,0.0,0.0,0.0,0.0,0.0,0.0
image_01891.png,1,"[0, 0, 0, 0, 0, 0]",1891,0.0,-3.09735078529868,-1.2644375921577062,0.0,0.0,6.5317662788751365,0.0,0.0,0.0,0.0,0.0,0.0
image_01892.png,1,"[0, 0, 0, 0, 0, 0]",1892,0.0,13.691174364204606,1.366571317432542,0.0,0.0,-7.411252804416258,0.0,0.0,0.0,0.0,0.0,0.0
image_01893.png,1,"[0, 0, 0, 0, 0, 0]",1893,0.0,-1.802422836007679,0.44037829228998326,0.0,0.0,9.146717511386553,0.0,0.0,0.0,0.0,0.0,0.0
image_01894.png,1,"[0, 0, 0, 0, 0, 0]",1894,0.0,-2.783940008082766,3.9421813227338873,0.0,0.0,-12.42943589393818,0.0,0.0,0.0,0.0,0.0,0.0
image_01895.png,1,"[0, 0, 0, 0, 0, 0]",1895,0.0,-5.861144168949124,4.386750420693913,0.0,0.0,-4.424809666751863,0.0,0.0,0.0,0.0,0.0,0.0
image_01896.png,1,"[0, 0, 0, 0, 0, 0]",1896,0.0,-7.231062858987144,4.244676997825572,0.0,0.0,7.827436697622118,0.0,0.0,0.0,0.0,0.0,0.0
image_01897.png,1,"[0, 0, 0, 0, 0, 0]",1897,0.0,-7.430169196744856,-1.8893764944004157,0.0,0.0,-5.339714420084066,0.0,0.0,0.0,0.0,0.0,0.0
image_01898.png,1,"[0, 0, 0, 0, 0, 0]",1898,0.0,12.371341623522767,-1.203986010866686,0.0,0.0,-15.294450013578203,0.0,0.0,0.0,0.0,0.0,0.0
image_01899.png,1,"[0, 0, 0, 0, 0, 0]",1899,0.0,-4.397191781165063,0.9302783359463307,0.0,0.0,-1.37963512853829,0.0,0.0,0.0,0.0,0.0,0.0
image_01900.png,1,"[0, 0, 0, 0, 0, 0]",1900,0.0,-7.652163987252038,-0.7731909534887698,0.0,0.0,4.025438640235307,0.0,0.0,0.0,0.0,0.0,0.0
image_01901.png,1,"[0, 0, 0, 0, 0, 0]",1901,0.0,-8.822147711298811,3.2245521262287005,0.0,0.0,-8.614456556243585,0.0,0.0,0.0,0.0,0.0,0.0
image_01902.png,1,"[0, 0, 0, 0, 0, 0]",1902,0.0,-9.080539605858235,1.4887659000802187,0.0,0.0,-4.828773603044569,0.0,0.0,0.0,0.0,0.0,0.0
image_01903.png,1,"[0, 0, 0, 0, 0, 0]",1903,0.0,11.957825251769997,4.8638151667760114,0.0,0.0,-4.415283212218121,0.0,0.0,0.0,0.0,0.0,0.0
image_01904.png,1,"[0, 0, 0, 0, 0, 0]",1904,0.0,-1.9206745269800294,-1.5958437233974416,0.0,0.0,-11.057666637685085,0.0,0.0,0.0,0.0,0.0,0.0
image_01905.png,1,"[0, 0, 0, 0, 0, 0]",1905,0.0,-5.262039406450171,-1.1248932834202958,0.0,0.0,1.7073833367092484,0.0,0.0,0.0,0.0,0.0,0.0
image_01906.png,1,"[0, 0, 0, 0, 0, 0]",1906,0.0,13.750753747805057,-0.4799846418012663,0.0,0.0,-0.871497789302794,0.0,0.0,0.0,0.0,0.0,0.0
image_01907.png,1,"[0, 0, 0, 0, 0, 0]",1907,0.0,1.7571295525067399,-1.1750684886690053,0.0,0.0,-3.7993749627181628,0.0,0.0,0.0,0.0,0.0,0.0
image_01908.png,1,"[0, 0, 0, 0, 0, 0]",1908,0.0,-8.974046650879515,2.801760356588461,0.0,0.0,3.403543230143755,0.0,0.0,0.0,0.0,0.0,0.0
image_01909.png,1,"[0, 0, 0, 0, 0, 0]",1909,0.0,9.622000149977687,-0.009582792947397278,0.0,0.0,3.247641510317154,0.0,0.0,0.0,0.0,0.0,0.0
image_01910.png,1,"[0, 0, 0, 0, 0, 0]",1910,0.0,-12.899517247398705,4.084486936888267,0.0,0.0,-3.298244147795602,0.0,0.0,0.0,0.0,0.0,0.0
image_01911.png,1,"[0, 0, 0, 0, 0, 0]",1911,0.0,-11.165688711227176,-0.9665400295450217,0.0,0.0,10.3557773302218,0.0,0.0,0.0,0.0,0.0,0.0
image_01912.png,1,"[0, 0, 0, 0, 0, 0]",1912,0.0,-3.756355257117093,1.6945835623597536,0.0,0.0,-2.1426171217633603,0.0,0.0,0.0,0.0,0.0,0.0
image_01913.png,1,"[0, 0, 0, 0, 0, 0]",1913,0.0,12.968351835161641,4.651473310631253,0.0,0.0,12.066658017691902,0.0,0.0,0.0,0.0,0.0,0.0
image_01914.png,1,"[0, 0, 0, 0, 0, 0]",1914,0.0,12.378329345302333,-1.2230070929510606,0.0,0.0,-4.899359498515844,0.0,0.0,0.0,0.0,0.0,0.0
image_01915.png,1,"[0, 0, 0, 0, 0, 0]",1915,0.0,8.707360606108423,-0.44410176397107803,0.0,0.0,-1.6002237267632513,0.0,0.0,0.0,0.0,0.0,0.0
image_01916.png,1,"[0, 0, 0, 0, 0, 0]",1916,0.0,-7.830917444563482,2.1238531172723842,0.0,0.0,10.90674187601562,0.0,0.0,0.0,0.0,0.0,0.0
image_01917.png,1,"[0, 0, 0, 0, 0, 0]",1917,0.0,8.771036082643242,1.6185396287208196,0.0,0.0,-11.369793331450657,0.0,0.0,0.0,0.0,0.0,0.0
image_01918.png,1,"[0, 0, 0, 0, 0, 0]",1918,0.0,2.2556308657752524,1.7399381791095525,0.0,0.0,-9.496154652379365,0.0,0.0,0.0,0.0,0.0,0.0
image_01919.png,1,"[0, 0, 0, 0, 0, 0]",1919,0.0,-3.5855733598984187,2.1143690736308125,0.0,0.0,18.48166860868887,0.0,0.0,0.0,0.0,0.0,0.0
image_01920.png,1,"[0, 0, 0, 0, 0, 0]",1920,0.0,11.595047002030668,2.2127263335319025,0.0,0.0,2.8404338278681163,0.0,0.0,0.0,0.0,0.0,0.0
image_01921.png,1,"[0, 0, 0, 0, 0, 0]",1921,0.0,13.262774514095753,-1.0233577524906128,0.0,0.0,-2.4151332792823084,0.0,0.0,0.0,0.0,0.0,0.0
image_01922.png,1,"[0, 0, 0, 0, 0, 0]",1922,0.0,0.20382512842891032,3.1066136675205307,0.0,0.0,-18.884899311928514,0.0,0.0,0.0,0.0,0.0,0.0
image_01923.png,1,"[0, 0, 0, 0, 0, 0]",1923,0.0,12.992248951382933,1.0500772934304208,0.0,0.0,7.898852954661794,0.0,0.0,0.0,0.0,0.0,0.0
image_01924.png,1,"[0, 0, 0, 0, 0, 0]",1924,0.0,4.773146573479416,1.0255115644958916,0.0,0.0,-7.963548642734548,0.0,0.0,0.0,0.0,0.0,0.0
image_01925.png,1,"[0, 0, 0, 0, 0, 0]",1925,0.0,6.9349793382196765,3.8914081505473197,0.0,0.0,-2.6979322976881774,0.0,0.0,0.0,0.0,0.0,0.0
image_01926.png,1,"[0, 0, 0, 0, 0, 0]",1926,0.0,-3.3323413931120314,-1.778337202335641,0.0,0.0,-2.2342893247094406,0.0,0.0,0.0,0.0,0.0,0.0
image_01927.png,1,"[0, 0, 0, 0, 0, 0]",1927,0.0,-9.30349830101349,5.274202240062796,0.0,0.0,-8.817081807235942,0.0,0.0,0.0,0.0,0.0,0.0
image_01928.png,1,"[0, 0, 0, 0, 0, 0]",1928,0.0,7.081196535852314,4.801436742662974,0.0,0.0,-2.8357470213838223,0.0,0.0,0.0,0.0,0.0,0.0
image_01929.png,1,"[0, 0, 0, 0, 0, 0]",1929,0.0,-5.666513210108036,5.477818894797109,0.0,0.0,9.77124466641299,0.0,0.0,0.0,0.0,0.0,0.0
image_01930.png,1,"[0, 0, 0, 0, 0, 0]",1930,0.0,9.073821719411129,-0.19890850689852524,0.0,0.0,-14.070426320902804,0.0,0.0,0.0,0.0,0.0,0.0
image_01931.png,1,"[0, 0, 0, 0, 0, 0]",1931,0.0,-7.899189565966708,2.6904904785134693,0.0,0.0,9.394982159181277,0.0,0.0,0.0,0.0,0.0,0.0
image_01932.png,1,"[0, 0, 0, 0, 0, 0]",1932,0.0,6.676253998130086,4.8820279134706865,0.0,0.0,-6.6195311607249465,0.0,0.0,0.0,0.0,0.0,0.0
image_01933.png,1,"[0, 0, 0, 0, 0, 0]",1933,0.0,12.27487344591912,0.04867445847358187,0.0,0.0,-3.263991444680979,0.0,0.0,0.0,0.0,0.0,0.0
image_01934.png,1,"[0, 0, 0, 0, 0, 0]",1934,0.0,8.353552179043774,4.300236843364804,0.0,0.0,-7.421725753127702,0.0,0.0,0.0,0.0,0.0,0.0
image_01935.png,1,"[0, 0, 0, 0, 0, 0]",1935,0.0,13.964302907950241,1.8345245558702739,0.0,0.0,-1.9322261259190316,0.0,0.0,0.0,0.0,0.0,0.0
image_01936.png,1,"[0, 0, 0, 0, 0, 0]",1936,0.0,-8.365621290405343,0.29265043534578616,0.0,0.0,6.120201567342816,0.0,0.0,0.0,0.0,0.0,0.0
image_01937.png,1,"[0, 0, 0, 0, 0, 0]",1937,0.0,7.928038173211547,5.384378632159219,0.0,0.0,-2.5281378910115864,0.0,0.0,0.0,0.0,0.0,0.0
image_01938.png,1,"[0, 0, 0, 0, 0, 0]",1938,0.0,-7.929472410983848,-1.9909142914689328,0.0,0.0,-9.37789003437847,0.0,0.0,0.0,0.0,0.0,0.0
image_01939.png,1,"[0, 0, 0, 0, 0, 0]",1939,0.0,-11.701575495867928,3.9729429104842726,0.0,0.0,13.075990493186929,0.0,0.0,0.0,0.0,0.0,0.0
image_01940.png,1,"[0, 0, 0, 0, 0, 0]",1940,0.0,6.549543178345644,1.8398815713000416,0.0,0.0,-5.031547479358956,0.0,0.0,0.0,0.0,0.0,0.0
image_01941.png,1,"[0, 0, 0, 0, 0, 0]",1941,0.0,1.8387576591638322,4.336016681584293,0.0,0.0,1.1056092632715526,0.0,0.0,0.0,0.0,0.0,0.0
image_01942.png,1,"[0, 0, 0, 0, 0, 0]",1942,0.0,-1.485927893901632,1.7718080177088358,0.0,0.0,-3.512361934812627,0.0,0.0,0.0,0.0,0.0,0.0
image_01943.png,1,"[0, 0, 0, 0, 0, 0]",1943,0.0,13.889461069845368,0.9559807314951319,0.0,0.0,-14.49898928098672,0.0,0.0,0.0,0.0,0.0,0.0
image_01944.png,1,"[0, 0, 0, 0, 0, 0]",1944,0.0,5.938239075033394,3.229316884370353,0.0,0.0,-8.488855920420223,0.0,0.0,0.0,0.0,0.0,0.0
image_01945.png,1,"[0, 0, 0, 0, 0, 0]",1945,0.0,9.787465848092921,-0.9083860420483794,0.0,0.0,-17.7725849950396,0.0,0.0,0.0,0.0,0.0,0.0
image_01946.png,1,"[0, 0, 0, 0, 0, 0]",1946,0.0,-4.107728036015658,0.2782776702610814,0.0,0.0,-4.401530265790834,0.0,0.0,0.0,0.0,0.0,0.0
image_01947.png,1,"[0, 0, 0, 0, 0, 0]",1947,0.0,13.04490272334143,1.3174469478625173,0.0,0.0,7.1259241340452,0.0,0.0,0.0,0.0,0.0,0.0
image_01948.png,1,"[0, 0, 0, 0, 0, 0]",1948,0.0,-1.0381256012960307,-1.0678769031794784,0.0,0.0,-1.7357152355826266,0.0,0.0,0.0,0.0,0.0,0.0
image_01949.png,1,"[0, 0, 0, 0, 0, 0]",1949,0.0,6.971074115552803,4.73734120952021,0.0,0.0,-5.22747908507319,0.0,0.0,0.0,0.0,0.0,0.0
image_01950.png,1,"[0, 0, 0, 0, 0, 0]",1950,0.0,0.12754440593858618,2.3187820571379927,0.0,0.0,8.846763120269058,0.0,0.0,0.0,0.0,0.0,0.0
image_01951.png,1,"[0, 0, 0, 0, 0, 0]",1951,0.0,8.764084005075048,3.980926681582533,0.0,0.0,-1.4297158292984957,0.0,0.0,0.0,0.0,0.0,0.0
image_01952.png,1,"[0, 0, 0, 0, 0, 0]",1952,0.0,-0.40967662516279546,1.9493942667220625,0.0,0.0,-2.708567467017349,0.0,0.0,0.0,0.0,0.0,0.0
image_01953.png,1,"[0, 0, 0, 0, 0, 0]",1953,0.0,6.995084246143392,3.7028609945001962,0.0,0.0,6.674000266229934,0.0,0.0,0.0,0.0,0.0,0.0
image_01954.png,1,"[0, 0, 0, 0, 0, 0]",1954,0.0,6.752163900855322,-0.21012808105221148,0.0,0.0,6.548537696336307,0.0,0.0,0.0,0.0,0.0,0.0
image_01955.png,1,"[0, 0, 0, 0, 0, 0]",1955,0.0,10.211511258154587,1.3556612843302598,0.0,0.0,-6.745522473986488,0.0,0.0,0.0,0.0,0.0,0.0
image_01956.png,1,"[0, 0, 0, 0, 0, 0]",1956,0.0,-0.07457784117431743,-0.04892428561121065,0.0,0.0,0.860398771419031,0.0,0.0,0.0,0.0,0.0,0.0
image_01957.png,1,"[0, 0, 0, 0, 0, 0]",1957,0.0,6.864534587113681,2.8109416344672447,0.0,0.0,-8.31935042665178,0.0,0.0,0.0,0.0,0.0,0.0
image_01958.png,1,"[0, 0, 0, 0, 0, 0]",1958,0.0,-4.718225886535009,0.2244949807794141,0.0,0.0,-12.595350399365152,0.0,0.0,0.0,0.0,0.0,0.0
image_01959.png,1,"[0, 0, 0, 0, 0, 0]",1959,0.0,-13.678647049278283,3.882091155154143,0.0,0.0,-15.529985364690004,0.0,0.0,0.0,0.0,0.0,0.0
image_01960.png,1,"[0, 0, 0, 0, 0, 0]",1960,0.0,-1.2362765717492366,4.105465813791439,0.0,0.0,-1.0790037203951195,0.0,0.0,0.0,0.0,0.0,0.0
image_01961.png,1,"[0, 0, 0, 0, 0, 0]",1961,0.0,-12.292405102505938,-0.5981225017983407,0.0,0.0,9.174204301208981,0.0,0.0,0.0,0.0,0.0,0.0
image_01962.png,1,"[0, 0, 0, 0, 0, 0]",1962,0.0,13.723147810341452,-1.568195028543201,0.0,0.0,-6.461467465312203,0.0,0.0,0.0,0.0,0.0,0.0
image_01963.png,1,"[0, 0, 0, 0, 0, 0]",1963,0.0,6.522830129783877,0.295323392063362,0.0,0.0,1.330991332304636,0.0,0.0,0.0,0.0,0.0,0.0
image_01964.png,1,"[0, 0, 0, 0, 0, 0]",1964,0.0,-13.172287803982101,0.8974968740280636,0.0,0.0,2.1914430409136703,0.0,0.0,0.0,0.0,0.0,0.0
image_01965.png,1,"[0, 0, 0, 0, 0, 0]",1965,0.0,-3.233144324029695,-1.0927530038065818,0.0,0.0,1.2297223002258406,0.0,0.0,0.0,0.0,0.0,0.0
image_01966.png,1,"[0, 0, 0, 0, 0, 0]",1966,0.0,-8.36023564898288,-0.1450537423283862,0.0,0.0,0.7451840741386854,0.0,0.0,0.0,0.0,0.0,0.0
image_01967.png,1,"[0, 0, 0, 0, 0, 0]",1967,0.0,6.943146624124559,3.0639505163871874,0.0,0.0,-20.0,0.0,0.0,0.0,0.0,0.0,0.0
image_01968.png,1,"[0, 0, 0, 0, 0, 0]",1968,0.0,-9.16763574953319,-0.6953330090273073,0.0,0.0,0.5156007385403562,0.0,0.0,0.0,0.0,0.0,0.0
image_01969.png,1,"[0, 0, 0, 0, 0, 0]",1969,0.0,10.048942026575915,5.46098456694295,0.0,0.0,20.0,0.0,0.0,0.0,0.0,0.0,0.0
image_01970.png,1,"[0, 0, 0, 0, 0, 0]",1970,0.0,-0.4486445122572178,1.777773142050671,0.0,0.0,1.6994592559124748,0.0,0.0,0.0,0.0,0.0,0.0
image_01971.png,1,"[0, 0, 0, 0, 0, 0]",1971,0.0,-1.9948733267532646,2.5070048875802975,0.0,0.0,3.0714447055066962,0.0,0.0,0.0,0.0,0.0,0.0
image_01972.png,1,"[0, 0, 0, 0, 0, 0]",1972,0.0,1.6432301645272105,5.212213592578496,0.0,0.0,-5.948583461581224,0.0,0.0,0.0,0.0,0.0,0.0
image_01973.png,1,"[0, 0, 0, 0, 0, 0]",1973,0.0,-6.1098895100361545,2.938750524346041,0.0,0.0,-11.094389023017026,0.0,0.0,0.0,0.0,0.0,0.0
image_01974.png,1,"[0, 0, 0, 0, 0, 0]",1974,0.0,-9.330144662132653,1.3712887394043878,0.0,0.0,13.036042995466186,0.0,0.0,0.0,0.0,0.0,0.0
image_01975.png,1,"[0, 0, 0, 0, 0, 0]",1975,0.0,-11.919388102516066,5.113991063694846,0.0,0.0,-2.6358300470300993,0.0,0.0,0.0,0.0,0.0,0.0
image_01976.png,1,"[0, 0, 0, 0, 0, 0]",1976,0.0,13.613896794701859,5.436999290960951,0.0,0.0,0.2399971029505726,0.0,0.0,0.0,0.0,0.0,0.0
image_01977.png,1,"[0, 0, 0, 0, 0, 0]",1977,0.0,-3.3821519899047274,3.2111711119045383,0.0,0.0,3.315619627262691,0.0,0.0,0.0,0.0,0.0,0.0
image_01978.png,1,"[0, 0, 0, 0, 0, 0]",1978,0.0,12.30778043245558,-0.3782614206008579,0.0,0.0,-11.330425792332614,0.0,0.0,0.0,0.0,0.0,0.0
image_01979.png,1,"[0, 0, 0, 0, 0, 0]",1979,0.0,-12.483019714116764,5.257659114003483,0.0,0.0,0.41414488486810197,0.0,0.0,0.0,0.0,0.0,0.0
image_01980.png,1,"[0, 0, 0, 0, 0, 0]",1980,0.0,-4.209856195689838,2.0046051875463915,0.0,0.0,-3.1457751761208055,0.0,0.0,0.0,0.0,0.0,0.0
image_01981.png,1,"[0, 0, 0, 0, 0, 0]",1981,0.0,-4.979386271929911,-0.39548559612529566,0.0,0.0,3.744763753222571,0.0,0.0,0.0,0.0,0.0,0.0
image_01982.png,1,"[0, 0, 0, 0, 0, 0]",1982,0.0,-1.7810682119061525,5.455543144507827,0.0,0.0,-5.952625530290314,0.0,0.0,0.0,0.0,0.0,0.0
image_01983.png,1,"[0, 0, 0, 0, 0, 0]",1983,0.0,-4.626201785314649,-0.27239751722810746,0.0,0.0,-6.130887981374846,0.0,0.0,0.0,0.0,0.0,0.0
image_01984.png,1,"[0, 0, 0, 0, 0, 0]",1984,0.0,-3.0694936081495996,2.9418606818037674,0.0,0.0,0.04739190248648254,0.0,0.0,0.0,0.0,0.0,0.0
image_01985.png,1,"[0, 0, 0, 0, 0, 0]",1985,0.0,-9.474275046999793,0.06618204028877361,0.0,0.0,5.51618303426727,0.0,0.0,0.0,0.0,0.0,0.0
image_01986.png,1,"[0, 0, 0, 0, 0, 0]",1986,0.0,4.008332021983961,1.3039232261401712,0.0,0.0,4.81882364416576,0.0,0.0,0.0,0.0,0.0,0.0
image_01987.png,1,"[0, 0, 0, 0, 0, 0]",1987,0.0,6.917023171296705,1.0800430407093211,0.0,0.0,1.0488668847672715,0.0,0.0,0.0,0.0,0.0,0.0
image_01988.png,1,"[0, 0, 0, 0, 0, 0]",1988,0.0,7.699047613643302,0.7300844990640449,0.0,0.0,-1.3801454510666453,0.0,0.0,0.0,0.0,0.0,0.0
image_01989.png,1,"[0, 0, 0, 0, 0, 0]",1989,0.0,-11.586370946785422,0.47622495657494746,0.0,0.0,0.17971979362763402,0.0,0.0,0.0,0.0,0.0,0.0
image_01990.png,1,"[0, 0, 0, 0, 0, 0]",1990,0.0,5.71140637911364,0.43101597347308784,0.0,0.0,11.53978343219162,0.0,0.0,0.0,0.0,0.0,0.0
image_01991.png,1,"[0, 0, 0, 0, 0, 0]",1991,0.0,9.992736930925567,2.8170643832506377,0.0,0.0,-5.407701653065564,0.0,0.0,0.0,0.0,0.0,0.0
image_01992.png,1,"[0, 0, 0, 0, 0, 0]",1992,0.0,-8.816436618920477,-1.4301785189049698,0.0,0.0,11.348258412276692,0.0,0.0,0.0,0.0,0.0,0.0
image_01993.png,1,"[0, 0, 0, 0, 0, 0]",1993,0.0,0.676465993635027,0.5214986289706114,0.0,0.0,20.0,0.0,0.0,0.0,0.0,0.0,0.0
image_01994.png,1,"[0, 0, 0, 0, 0, 0]",1994,0.0,0.8531001610569362,-1.690062460662228,0.0,0.0,-12.283627842365062,0.0,0.0,0.0,0.0,0.0,0.0
image_01995.png,1,"[0, 0, 0, 0, 0, 0]",1995,0.0,-2.565975716731863,-0.9867777886150433,0.0,0.0,-0.45363035920826067,0.0,0.0,0.0,0.0,0.0,0.0
image_01996.png,1,"[0, 0, 0, 0, 0, 0]",1996,0.0,3.118217551321557,4.788984383247344,0.0,0.0,12.827439997257184,0.0,0.0,0.0,0.0,0.0,0.0
image_01997.png,1,"[0, 0, 0, 0, 0, 0]",1997,0.0,1.6527153077369974,4.27008399883152,0.0,0.0,6.5461783959578925,0.0,0.0,0.0,0.0,0.0,0.0
image_01998.png,1,"[0, 0, 0, 0, 0, 0]",1998,0.0,-0.9205886499090212,0.5464970926607782,0.0,0.0,-1.9451856152935678,0.0,0.0,0.0,0.0,0.0,0.0
image_01999.png,1,"[0, 0, 0, 0, 0, 0]",1999,0.0,5.9342882293423855,4.757642363608303,0.0,0.0,-14.48001362003098,0.0,0.0,0.0,0.0,0.0,0.0
image_02000.png,1,"[0, 0, 0, 0, 0, 0]",2000,0.0,-13.13102104336771,0.3825364170341956,0.0,0.0,-7.686515253186224,0.0,0.0,0.0,0.0,0.0,0.0
image_02001.png,1,"[0, 0, 0, 0, 0, 0]",2001,0.0,-11.578970734450536,3.939901069005984,0.0,0.0,4.995989244307066,0.0,0.0,0.0,0.0,0.0,0.0
image_02002.png,1,"[0, 0, 0, 0, 0, 0]",2002,0.0,3.3873892162041344,4.426314577936889,0.0,0.0,-9.07213884703708,0.0,0.0,0.0,0.0,0.0,0.0
image_02003.png,1,"[0, 0, 0, 0, 0, 0]",2003,0.0,-0.29153802042097254,1.3934780346564826,0.0,0.0,6.539438522163059,0.0,0.0,0.0,0.0,0.0,0.0
image_02004.png,1,"[0, 0, 0, 0, 0, 0]",2004,0.0,-10.124619334861649,3.2994686103185495,0.0,0.0,3.7421362348212517,0.0,0.0,0.0,0.0,0.0,0.0
image_02005.png,1,"[0, 0, 0, 0, 0, 0]",2005,0.0,-12.349941993795014,-1.3889090325385762,0.0,0.0,-15.116623276279613,0.0,0.0,0.0,0.0,0.0,0.0
image_02006.png,1,"[0, 0, 0, 0, 0, 0]",2006,0.0,-3.3783709403609663,4.8990326967997335,0.0,0.0,-2.3576902259548533,0.0,0.0,0.0,0.0,0.0,0.0
image_02007.png,1,"[0, 0, 0, 0, 0, 0]",2007,0.0,-7.097807765582388,3.1303010957405846,0.0,0.0,0.06676219425056798,0.0,0.0,0.0,0.0,0.0,0.0
image_02008.png,1,"[0, 0, 0, 0, 0, 0]",2008,0.0,-3.6369459128031494,-0.15317194207923057,0.0,0.0,6.355871554624191,0.0,0.0,0.0,0.0,0.0,0.0
image_02009.png,1,"[0, 0, 0, 0, 0, 0]",2009,0.0,1.2944826631204478,-0.6772266251358481,0.0,0.0,7.002420546690477,0.0,0.0,0.0,0.0,0.0,0.0
image_02010.png,1,"[0, 0, 0, 0, 0, 0]",2010,0.0,-12.420603807310215,4.295893840596697,0.0,0.0,-4.657778689331549,0.0,0.0,0.0,0.0,0.0,0.0
image_02011.png,1,"[0, 0, 0, 0, 0, 0]",2011,0.0,5.490613197171648,-0.30512570418056817,0.0,0.0,-10.45699051285975,0.0,0.0,0.0,0.0,0.0,0.0
image_02012.png,1,"[0, 0, 0, 0, 0, 0]",2012,0.0,-12.034142731576566,5.119771269645688,0.0,0.0,-0.9115587006480445,0.0,0.0,0.0,0.0,0.0,0.0
image_02013.png,1,"[0, 0, 0, 0, 0, 0]",2013,0.0,-8.856960825148164,4.836893683532924,0.0,0.0,-17.58795059854703,0.0,0.0,0.0,0.0,0.0,0.0
image_02014.png,1,"[0, 0, 0, 0, 0, 0]",2014,0.0,-5.0781197112876555,-0.7012954237747255,0.0,0.0,-4.846875866553763,0.0,0.0,0.0,0.0,0.0,0.0
image_02015.png,1,"[0, 0, 0, 0, 0, 0]",2015,0.0,-5.764750223366505,-1.5246178473536405,0.0,0.0,-4.690672998804496,0.0,0.0,0.0,0.0,0.0,0.0
image_02016.png,1,"[0, 0, 0, 0, 0, 0]",2016,0.0,-5.937854072004043,4.101999185133909,0.0,0.0,-9.406212968134238,0.0,0.0,0.0,0.0,0.0,0.0
image_02017.png,1,"[0, 0, 0, 0, 0, 0]",2017,0.0,1.8921870764797788,2.3682636162834925,0.0,0.0,-4.316934261736401,0.0,0.0,0.0,0.0,0.0,0.0
image_02018.png,1,"[0, 0, 0, 0, 0, 0]",2018,0.0,-1.3365300696291627,5.351285127583741,0.0,0.0,-7.986911979007132,0.0,0.0,0.0,0.0,0.0,0.0
image_02019.png,1,"[0, 0, 0, 0, 0, 0]",2019,0.0,-0.27611652854722735,-1.332986805303146,0.0,0.0,-5.317409974277561,0.0,0.0,0.0,0.0,0.0,0.0
image_02020.png,1,"[0, 0, 0, 0, 0, 0]",2020,0.0,-10.060115757581926,2.0526354725689915,0.0,0.0,3.4301193947867223,0.0,0.0,0.0,0.0,0.0,0.0
image_02021.png,1,"[0, 0, 0, 0, 0, 0]",2021,0.0,-4.962943445161997,4.14967655268616,0.0,0.0,-0.38077877329498455,0.0,0.0,0.0,0.0,0.0,0.0
image_02022.png,1,"[0, 0, 0, 0, 0, 0]",2022,0.0,-6.914963429228749,-1.8867134178314497,0.0,0.0,-14.159542449186011,0.0,0.0,0.0,0.0,0.0,0.0
image_02023.png,1,"[0, 0, 0, 0, 0, 0]",2023,0.0,-10.997153319675121,3.468866868661439,0.0,0.0,-5.541845285216228,0.0,0.0,0.0,0.0,0.0,0.0
image_02024.png,1,"[0, 0, 0, 0, 0, 0]",2024,0.0,7.436311380507583,-1.1605192998052565,0.0,0.0,-9.534530347567074,0.0,0.0,0.0,0.0,0.0,0.0
image_02025.png,1,"[0, 0, 0, 0, 0, 0]",2025,0.0,-12.976214183658584,3.4183791755341995,0.0,0.0,4.586657559210109,0.0,0.0,0.0,0.0,0.0,0.0
image_02026.png,1,"[0, 0, 0, 0, 0, 0]",2026,0.0,8.71059481204967,3.730554975488295,0.0,0.0,4.710068624218463,0.0,0.0,0.0,0.0,0.0,0.0
image_02027.png,1,"[0, 0, 0, 0, 0, 0]",2027,0.0,10.253930702790207,-1.1137007919070707,0.0,0.0,4.970568487540552,0.0,0.0,0.0,0.0,0.0,0.0
image_02028.png,1,"[0, 0, 0, 0, 0, 0]",2028,0.0,10.232119621307675,-0.6150645878222598,0.0,0.0,-13.021111771071986,0.0,0.0,0.0,0.0,0.0,0.0
image_02029.png,1,"[0, 0, 0, 0, 0, 0]",2029,0.0,-3.7014960406215422,-1.8383267815978768,0.0,0.0,-2.5957867525055054,0.0,0.0,0.0,0.0,0.0,0.0
image_02030.png,1,"[0, 0, 0, 0, 0, 0]",2030,0.0,6.708867747742119,4.288045699190124,0.0,0.0,3.2051452582153566,0.0,0.0,0.0,0.0,0.0,0.0
image_02031.png,1,"[0, 0, 0, 0, 0, 0]",2031,0.0,-10.763725039004385,1.7678061232250921,0.0,0.0,7.287059130489952,0.0,0.0,0.0,0.0,0.0,0.0
image_02032.png,1,"[0, 0, 0, 0, 0, 0]",2032,0.0,11.21121650026533,4.74108159564337,0.0,0.0,-3.084966086246614,0.0,0.0,0.0,0.0,0.0,0.0
image_02033.png,1,"[0, 0, 0, 0, 0, 0]",2033,0.0,-11.934131819506277,4.0356902208873215,0.0,0.0,3.448914994509828,0.0,0.0,0.0,0.0,0.0,0.0
image_02034.png,1,"[0, 0, 0, 0, 0, 0]",2034,0.0,7.84140844890117,3.8885106919820727,0.0,0.0,0.9077217972001672,0.0,0.0,0.0,0.0,0.0,0.0
image_02035.png,1,"[0, 0, 0, 0, 0, 0]",2035,0.0,13.391991843047066,-1.1919543562653296,0.0,0.0,-5.899584010174261,0.0,0.0,0.0,0.0,0.0,0.0
image_02036.png,1,"[0, 0, 0, 0, 0, 0]",2036,0.0,-5.901607826957928,1.0895881551569522,0.0,0.0,4.978380082509503,0.0,0.0,0.0,0.0,0.0,0.0
image_02037.png,1,"[0, 0, 0, 0, 0, 0]",2037,0.0,3.1344303271196665,3.620581743183971,0.0,0.0,4.507105292046824,0.0,0.0,0.0,0.0,0.0,0.0
image_02038.png,1,"[0, 0, 0, 0, 0, 0]",2038,0.0,12.015331503896647,1.0744795371198315,0.0,0.0,-4.016996752636929,0.0,0.0,0.0,0.0,0.0,0.0
image_02039.png,1,"[0, 0, 0, 0, 0, 0]",2039,0.0,-13.89141043872803,4.241192504837582,0.0,0.0,3.7362021938683463,0.0,0.0,0.0,0.0,0.0,0.0
image_02040.png,1,"[0, 0, 0, 0, 0, 0]",2040,0.0,13.817394379820854,2.4484845426883943,0.0,0.0,7.77777359123302,0.0,0.0,0.0,0.0,0.0,0.0
image_02041.png,1,"[0, 0, 0, 0, 0, 0]",2041,0.0,-12.078302366614764,-1.191188350361933,0.0,0.0,-8.688456902182628,0.0,0.0,0.0,0.0,0.0,0.0
image_02042.png,1,"[0, 0, 0, 0, 0, 0]",2042,0.0,-1.0171541840970093,2.3759004650366213,0.0,0.0,-2.92930279760932,0.0,0.0,0.0,0.0,0.0,0.0
image_02043.png,1,"[0, 0, 0, 0, 0, 0]",2043,0.0,-12.696932546021472,4.908147972571959,0.0,0.0,-11.825045356435071,0.0,0.0,0.0,0.0,0.0,0.0
image_02044.png,1,"[0, 0, 0, 0, 0, 0]",2044,0.0,-0.08000588634926942,5.396158912880433,0.0,0.0,4.729189262393288,0.0,0.0,0.0,0.0,0.0,0.0
image_02045.png,1,"[0, 0, 0, 0, 0, 0]",2045,0.0,10.124216574852326,3.696345820405819,0.0,0.0,-5.353547804677109,0.0,0.0,0.0,0.0,0.0,0.0
image_02046.png,1,"[0, 0, 0, 0, 0, 0]",2046,0.0,6.130449435859973,4.17085585735575,0.0,0.0,-13.65849074509163,0.0,0.0,0.0,0.0,0.0,0.0
image_02047.png,1,"[0, 0, 0, 0, 0, 0]",2047,0.0,12.459975112654682,-0.9861911177592169,0.0,0.0,-1.3154933338293955,0.0,0.0,0.0,0.0,0.0,0.0
image_02048.png,1,"[0, 0, 0, 0, 0, 0]",2048,0.0,7.097248958352978,-0.40986841857073286,0.0,0.0,4.235157289358959,0.0,0.0,0.0,0.0,0.0,0.0
image_02049.png,1,"[0, 0, 0, 0, 0, 0]",2049,0.0,6.2807347898163925,4.027105846313569,0.0,0.0,9.784253504935112,0.0,0.0,0.0,0.0,0.0,0.0
image_02050.png,1,"[0, 0, 0, 0, 0, 0]",2050,0.0,9.88109274032955,-1.9448836958572313,0.0,0.0,11.566847681845585,0.0,0.0,0.0,0.0,0.0,0.0
image_02051.png,1,"[0, 0, 0, 0, 0, 0]",2051,0.0,-11.473969521126264,2.956045153425756,0.0,0.0,1.211936572366955,0.0,0.0,0.0,0.0,0.0,0.0
image_02052.png,1,"[0, 0, 0, 0, 0, 0]",2052,0.0,1.0748326686239267,5.373664809035873,0.0,0.0,-9.125134819227608,0.0,0.0,0.0,0.0,0.0,0.0
image_02053.png,1,"[0, 0, 0, 0, 0, 0]",2053,0.0,-7.3773909253781795,3.846530706746708,0.0,0.0,0.8598841027077331,0.0,0.0,0.0,0.0,0.0,0.0
image_02054.png,1,"[0, 0, 0, 0, 0, 0]",2054,0.0,1.2083923482339998,0.6163532989716374,0.0,0.0,-2.0115290758269038,0.0,0.0,0.0,0.0,0.0,0.0
image_02055.png,1,"[0, 0, 0, 0, 0, 0]",2055,0.0,-8.307221681351677,1.1648713846628747,0.0,0.0,8.036874614356725,0.0,0.0,0.0,0.0,0.0,0.0
image_02056.png,1,"[0, 0, 0, 0, 0, 0]",2056,0.0,7.0126472928282695,4.416211036759872,0.0,0.0,5.308676440963174,0.0,0.0,0.0,0.0,0.0,0.0
image_02057.png,1,"[0, 0, 0, 0, 0, 0]",2057,0.0,-12.988517247969398,1.1231117854642383,0.0,0.0,-5.063799592445021,0.0,0.0,0.0,0.0,0.0,0.0
image_02058.png,1,"[0, 0, 0, 0, 0, 0]",2058,0.0,11.046496036946202,0.057683249168251294,0.0,0.0,11.619950273858386,0.0,0.0,0.0,0.0,0.0,0.0
image_02059.png,1,"[0, 0, 0, 0, 0, 0]",2059,0.0,3.2375797787337675,3.8382638188540064,0.0,0.0,-5.988813014483745,0.0,0.0,0.0,0.0,0.0,0.0
image_02060.png,1,"[0, 0, 0, 0, 0, 0]",2060,0.0,-2.988079563913317,5.213890489271684,0.0,0.0,-7.261455203173787,0.0,0.0,0.0,0.0,0.0,0.0
image_02061.png,1,"[0, 0, 0, 0, 0, 0]",2061,0.0,7.656899332016053,-0.9441851752817023,0.0,0.0,-3.58700109344398,0.0,0.0,0.0,0.0,0.0,0.0
image_02062.png,1,"[0, 0, 0, 0, 0, 0]",2062,0.0,-13.760881970203982,1.2005971653577463,0.0,0.0,-13.098507758437686,0.0,0.0,0.0,0.0,0.0,0.0
image_02063.png,1,"[0, 0, 0, 0, 0, 0]",2063,0.0,11.738379968515034,0.5504470964618271,0.0,0.0,0.1843594899780666,0.0,0.0,0.0,0.0,0.0,0.0
image_02064.png,1,"[0, 0, 0, 0, 0, 0]",2064,0.0,8.381578832870474,4.833123652091679,0.0,0.0,13.294060306112108,0.0,0.0,0.0,0.0,0.0,0.0
image_02065.png,1,"[0, 0, 0, 0, 0, 0]",2065,0.0,-6.469349541090992,3.877567978942351,0.0,0.0,6.083996188563311,0.0,0.0,0.0,0.0,0.0,0.0
image_02066.png,1,"[0, 0, 0, 0, 0, 0]",2066,0.0,11.710530532121382,-0.49451829840569816,0.0,0.0,-6.421074183608906,0.0,0.0,0.0,0.0,0.0,0.0
image_02067.png,1,"[0, 0, 0, 0, 0, 0]",2067,0.0,1.7401569661367375,2.486970575490038,0.0,0.0,-0.9872505166919711,0.0,0.0,0.0,0.0,0.0,0.0
image_02068.png,1,"[0, 0, 0, 0, 0, 0]",2068,0.0,-9.97516718562862,3.0716387390713544,0.0,0.0,-6.078309700357225,0.0,0.0,0.0,0.0,0.0,0.0
image_02069.png,1,"[0, 0, 0, 0, 0, 0]",2069,0.0,-7.4231224069019675,0.3495184208728208,0.0,0.0,11.520870140375706,0.0,0.0,0.0,0.0,0.0,0.0
image_02070.png,1,"[0, 0, 0, 0, 0, 0]",2070,0.0,-1.171043519165309,2.102371334108022,0.0,0.0,-7.287789964861644,0.0,0.0,0.0,0.0,0.0,0.0
image_02071.png,1,"[0, 0, 0, 0, 0, 0]",2071,0.0,4.509984158110342,-0.6046621590002605,0.0,0.0,-2.0814660641975147,0.0,0.0,0.0,0.0,0.0,0.0
image_02072.png,1,"[0, 0, 0, 0, 0, 0]",2072,0.0,4.974580815597406,2.070585481386864,0.0,0.0,20.0,0.0,0.0,0.0,0.0,0.0,0.0
image_02073.png,1,"[0, 0, 0, 0, 0, 0]",2073,0.0,-6.888817744687188,0.06760159292127677,0.0,0.0,2.9314120946851476,0.0,0.0,0.0,0.0,0.0,0.0
image_02074.png,1,"[0, 0, 0, 0, 0, 0]",2074,0.0,-3.928213330691392,0.6863701623557206,0.0,0.0,3.003222102543546,0.0,0.0,0.0,0.0,0.0,0.0
image_02075.png,1,"[0, 0, 0, 0, 0, 0]",2075,0.0,-13.913932404531153,1.5068888859074625,0.0,0.0,3.242870221429766,0.0,0.0,0.0,0.0,0.0,0.0
image_02076.png,1,"[0, 0, 0, 0, 0, 0]",2076,0.0,-4.109001666327799,1.9539739969578287,0.0,0.0,3.5313292054020327,0.0,0.0,0.0,0.0,0.0,0.0
image_02077.png,1,"[0, 0, 0, 0, 0, 0]",2077,0.0,0.6456929812297361,4.510199882061413,0.0,0.0,-4.111690813689689,0.0,0.0,0.0,0.0,0.0,0.0
image_02078.png,1,"[0, 0, 0, 0, 0, 0]",2078,0.0,-13.06440037738416,-0.800681101149449,0.0,0.0,0.884500939209583,0.0,0.0,0.0,0.0,0.0,0.0
image_02079.png,1,"[0, 0, 0, 0, 0, 0]",2079,0.0,-1.1201069578723022,0.6516914175867417,0.0,0.0,10.318228797872095,0.0,0.0,0.0,0.0,0.0,0.0
image_02080.png,1,"[0, 0, 0, 0, 0, 0]",2080,0.0,-11.90994531032787,2.0357102914086322,0.0,0.0,-4.5707346021368656,0.0,0.0,0.0,0.0,0.0,0.0
image_02081.png,1,"[0, 0, 0, 0, 0, 0]",2081,0.0,0.008122441997798546,4.138690942735774,0.0,0.0,-7.880348997392146,0.0,0.0,0.0,0.0,0.0,0.0
image_02082.png,1,"[0, 0, 0, 0, 0, 0]",2082,0.0,-3.4034597854364392,1.5600665487337046,0.0,0.0,-6.217254980647667,0.0,0.0,0.0,0.0,0.0,0.0
image_02083.png,1,"[0, 0, 0, 0, 0, 0]",2083,0.0,-11.92820949445624,1.8359681292584629,0.0,0.0,2.035381754192875,0.0,0.0,0.0,0.0,0.0,0.0
image_02084.png,1,"[0, 0, 0, 0, 0, 0]",2084,0.0,4.684838801384103,3.1497600480943193,0.0,0.0,5.795399950219247,0.0,0.0,0.0,0.0,0.0,0.0
image_02085.png,1,"[0, 0, 0, 0, 0, 0]",2085,0.0,10.99261987449266,0.13833167032282123,0.0,0.0,-13.154805062594649,0.0,0.0,0.0,0.0,0.0,0.0
image_02086.png,1,"[0, 0, 0, 0, 0, 0]",2086,0.0,9.406659876083665,-1.80099076046795,0.0,0.0,-0.5126315422633981,0.0,0.0,0.0,0.0,0.0,0.0
image_02087.png,1,"[0, 0, 0, 0, 0, 0]",2087,0.0,1.8156703159391014,-1.7695335618529264,0.0,0.0,-1.4461590232849502,0.0,0.0,0.0,0.0,0.0,0.0
image_02088.png,1,"[0, 0, 0, 0, 0, 0]",2088,0.0,8.19114401982172,1.2831867018122334,0.0,0.0,3.6813420007155466,0.0,0.0,0.0,0.0,0.0,0.0
image_02089.png,1,"[0, 0, 0, 0, 0, 0]",2089,0.0,6.151781103988007,3.979029424234934,0.0,0.0,5.538374882445894,0.0,0.0,0.0,0.0,0.0,0.0
image_02090.png,1,"[0, 0, 0, 0, 0, 0]",2090,0.0,-12.190269254008427,-0.7741312804964797,0.0,0.0,14.70690748886453,0.0,0.0,0.0,0.0,0.0,0.0
image_02091.png,1,"[0, 0, 0, 0, 0, 0]",2091,0.0,9.717314696899422,3.7074270467297747,0.0,0.0,9.911450193724644,0.0,0.0,0.0,0.0,0.0,0.0
image_02092.png,1,"[0, 0, 0, 0, 0, 0]",2092,0.0,-0.8472817647285069,4.0463356593879345,0.0,0.0,12.920264147713285,0.0,0.0,0.0,0.0,0.0,0.0
image_02093.png,1,"[0, 0, 0, 0, 0, 0]",2093,0.0,4.0540272124899275,-0.20769654455844933,0.0,0.0,1.2646170309471287,0.0,0.0,0.0,0.0,0.0,0.0
image_02094.png,1,"[0, 0, 0, 0, 0, 0]",2094,0.0,7.80312478337116,5.2291144496430615,0.0,0.0,-10.60625740783321,0.0,0.0,0.0,0.0,0.0,0.0
image_02095.png,1,"[0, 0, 0, 0, 0, 0]",2095,0.0,12.249290527133823,4.3662562638839955,0.0,0.0,19.96545121681685,0.0,0.0,0.0,0.0,0.0,0.0
image_02096.png,1,"[0, 0, 0, 0, 0, 0]",2096,0.0,4.023281457725851,0.47302980044160003,0.0,0.0,-6.636696258592226,0.0,0.0,0.0,0.0,0.0,0.0
image_02097.png,1,"[0, 0, 0, 0, 0, 0]",2097,0.0,-0.6159468109151476,2.653947385433657,0.0,0.0,-0.358398652334332,0.0,0.0,0.0,0.0,0.0,0.0
image_02098.png,1,"[0, 0, 0, 0, 0, 0]",2098,0.0,-0.6474600398203592,4.85864117236445,0.0,0.0,5.072109422314816,0.0,0.0,0.0,0.0,0.0,0.0
image_02099.png,1,"[0, 0, 0, 0, 0, 0]",2099,0.0,-9.196617595397512,-0.7506614634929427,0.0,0.0,3.896282915951382,0.0,0.0,0.0,0.0,0.0,0.0
image_02100.png,1,"[0, 0, 0, 0, 0, 0]",2100,0.0,-7.996953442927662,3.123450275212332,0.0,0.0,11.841650238091557,0.0,0.0,0.0,0.0,0.0,0.0
image_02101.png,1,"[0, 0, 0, 0, 0, 0]",2101,0.0,10.237146631931587,3.482913925034814,0.0,0.0,12.07687458994173,0.0,0.0,0.0,0.0,0.0,0.0
image_02102.png,1,"[0, 0, 0, 0, 0, 0]",2102,0.0,6.648685055652599,0.9972416559642032,0.0,0.0,3.194711670270586,0.0,0.0,0.0,0.0,0.0,0.0
image_02103.png,1,"[0, 0, 0, 0, 0, 0]",2103,0.0,-9.270604328471507,-0.6797945388891882,0.0,0.0,-2.65277017618765,0.0,0.0,0.0,0.0,0.0,0.0
image_02104.png,1,"[0, 0, 0, 0, 0, 0]",2104,0.0,3.9755402216443088,0.5792567602306611,0.0,0.0,18.270077058603782,0.0,0.0,0.0,0.0,0.0,0.0
image_02105.png,1,"[0, 0, 0, 0, 0, 0]",2105,0.0,-10.455395449392427,1.4132146823728196,0.0,0.0,-11.821968031646836,0.0,0.0,0.0,0.0,0.0,0.0
image_02106.png,1,"[0, 0, 0, 0, 0, 0]",2106,0.0,-9.41153566963554,-1.3286255577393338,0.0,0.0,-20.0,0.0,0.0,0.0,0.0,0.0,0.0
image_02107.png,1,"[0, 0, 0, 0, 0, 0]",2107,0.0,12.099476762731811,0.9517389760319488,0.0,0.0,0.036748890383634075,0.0,0.0,0.0,0.0,0.0,0.0
image_02108.png,1,"[0, 0, 0, 0, 0, 0]",2108,0.0,-3.523695441825268,2.8120681040585627,0.0,0.0,-20.0,0.0,0.0,0.0,0.0,0.0,0.0
image_02109.png,1,"[0, 0, 0, 0, 0, 0]",2109,0.0,12.92547933900795,1.0258101540327407,0.0,0.0,7.299579862427109,0.0,0.0,0.0,0.0,0.0,0.0
image_02110.png,1,"[0, 0, 0, 0, 0, 0]",2110,0.0,8.47713650964075,3.5198744511864852,0.0,0.0,11.104370924155667,0.0,0.0,0.0,0.0,0.0,0.0
image_02111.png,1,"[0, 0, 0, 0, 0, 0]",2111,0.0,7.938679403124027,4.265884149682304,0.0,0.0,-1.5384511491837647,0.0,0.0,0.0,0.0,0.0,0.0
image_02112.png,1,"[0, 0, 0, 0, 0, 0]",2112,0.0,-6.167950661407971,-0.8551072023245112,0.0,0.0,13.538173730405877,0.0,0.0,0.0,0.0,0.0,0.0
image_02113.png,1,"[0, 0, 0, 0, 0, 0]",2113,0.0,-9.610824964376746,4.366993440558941,0.0,0.0,-1.5593001974944998,0.0,0.0,0.0,0.0,0.0,0.0
image_02114.png,1,"[0, 0, 0, 0, 0, 0]",2114,0.0,-10.046524413116941,-1.2155125901665766,0.0,0.0,0.5839389252442339,0.0,0.0,0.0,0.0,0.0,0.0
image_02115.png,1,"[0, 0, 0, 0, 0, 0]",2115,0.0,-9.234168319639764,5.336722737105055,0.0,0.0,1.5885171174767303,0.0,0.0,0.0,0.0,0.0,0.0
image_02116.png,1,"[0, 0, 0, 0, 0, 0]",2116,0.0,2.6539771747707093,-0.35120354133647624,0.0,0.0,2.218184208319762,0.0,0.0,0.0,0.0,0.0,0.0
image_02117.png,1,"[0, 0, 0, 0, 0, 0]",2117,0.0,3.758452464109048,1.3510846249077937,0.0,0.0,2.071689832784901,0.0,0.0,0.0,0.0,0.0,0.0
image_02118.png,1,"[0, 0, 0, 0, 0, 0]",2118,0.0,-5.663975795995725,5.219176900546362,0.0,0.0,0.9838412085780429,0.0,0.0,0.0,0.0,0.0,0.0
image_02119.png,1,"[0, 0, 0, 0, 0, 0]",2119,0.0,7.550913701407765,4.430558608781852,0.0,0.0,4.192532328281041,0.0,0.0,0.0,0.0,0.0,0.0
image_02120.png,1,"[0, 0, 0, 0, 0, 0]",2120,0.0,5.5420528246256,2.076170669495154,0.0,0.0,-2.114767178837948,0.0,0.0,0.0,0.0,0.0,0.0
image_02121.png,1,"[0, 0, 0, 0, 0, 0]",2121,0.0,-12.494775422769933,3.1818933465133465,0.0,0.0,11.244398324254655,0.0,0.0,0.0,0.0,0.0,0.0
image_02122.png,1,"[0, 0, 0, 0, 0, 0]",2122,0.0,-12.719869246517462,4.212706661674861,0.0,0.0,-0.4483312047959316,0.0,0.0,0.0,0.0,0.0,0.0
image_02123.png,1,"[0, 0, 0, 0, 0, 0]",2123,0.0,-2.9316917128156064,-0.9140461259513457,0.0,0.0,-0.24448220254063635,0.0,0.0,0.0,0.0,0.0,0.0
image_02124.png,1,"[0, 0, 0, 0, 0, 0]",2124,0.0,8.822901645419037,0.047458813799794,0.0,0.0,7.877584440151971,0.0,0.0,0.0,0.0,0.0,0.0
image_02125.png,1,"[0, 0, 0, 0, 0, 0]",2125,0.0,-6.454439519561703,-0.3437200170498216,0.0,0.0,-9.011444500883222,0.0,0.0,0.0,0.0,0.0,0.0
image_02126.png,1,"[0, 0, 0, 0, 0, 0]",2126,0.0,7.135298390147916,4.097124520363704,0.0,0.0,5.397822249224241,0.0,0.0,0.0,0.0,0.0,0.0
image_02127.png,1,"[0, 0, 0, 0, 0, 0]",2127,0.0,-6.05965727954549,-0.4042483357684934,0.0,0.0,-0.29950009452050114,0.0,0.0,0.0,0.0,0.0,0.0
image_02128.png,1,"[0, 0, 0, 0, 0, 0]",2128,0.0,4.976205354563902,-0.024170187220069472,0.0,0.0,-6.818841430306898,0.0,0.0,0.0,0.0,0.0,0.0
image_02129.png,1,"[0, 0, 0, 0, 0, 0]",2129,0.0,-7.214742068711075,-0.9877181567950712,0.0,0.0,-20.0,0.0,0.0,0.0,0.0,0.0,0.0
image_02130.png,1,"[0, 0, 0, 0, 0, 0]",2130,0.0,-0.665881012368267,3.8689980163231885,0.0,0.0,7.688185181268824,0.0,0.0,0.0,0.0,0.0,0.0
image_02131.png,1,"[0, 0, 0, 0, 0, 0]",2131,0.0,3.8471020290469795,4.698797806887461,0.0,0.0,-9.844235159067031,0.0,0.0,0.0,0.0,0.0,0.0
image_02132.png,1,"[0, 0, 0, 0, 0, 0]",2132,0.0,12.623828773135081,-0.64451489472325,0.0,0.0,5.88459206131381,0.0,0.0,0.0,0.0,0.0,0.0
image_02133.png,1,"[0, 0, 0, 0, 0, 0]",2133,0.0,13.422105975884435,1.5129127813902956,0.0,0.0,-5.6856628087084555,0.0,0.0,0.0,0.0,0.0,0.0
image_02134.png,1,"[0, 0, 0, 0, 0, 0]",2134,0.0,2.0580931553367563,-1.7368719758059172,0.0,0.0,13.940240365145334,0.0,0.0,0.0,0.0,0.0,0.0
image_02135.png,1,"[0, 0, 0, 0, 0, 0]",2135,0.0,3.141430568491927,-0.5024636027709195,0.0,0.0,8.849928959153473,0.0,0.0,0.0,0.0,0.0,0.0
image_02136.png,1,"[0, 0, 0, 0, 0, 0]",2136,0.0,-2.236099903875008,-0.5048066418626924,0.0,0.0,-1.491688559162765,0.0,0.0,0.0,0.0,0.0,0.0
image_02137.png,1,"[0, 0, 0, 0, 0, 0]",2137,0.0,8.991949745244725,-0.952516619120134,0.0,0.0,4.776279636888076,0.0,0.0,0.0,0.0,0.0,0.0
image_02138.png,1,"[0, 0, 0, 0, 0, 0]",2138,0.0,7.568084516633469,1.411650210992447,0.0,0.0,-9.371959857574145,0.0,0.0,0.0,0.0,0.0,0.0
image_02139.png,1,"[0, 0, 0, 0, 0, 0]",2139,0.0,6.975762307099089,4.747573275793808,0.0,0.0,4.324827089858074,0.0,0.0,0.0,0.0,0.0,0.0
image_02140.png,1,"[0, 0, 0, 0, 0, 0]",2140,0.0,5.59223216398982,-0.4028730137883918,0.0,0.0,-8.939982441018802,0.0,0.0,0.0,0.0,0.0,0.0
image_02141.png,1,"[0, 0, 0, 0, 0, 0]",2141,0.0,-6.6610952970303,2.4510227322064893,0.0,0.0,1.4588858283009076,0.0,0.0,0.0,0.0,0.0,0.0
image_02142.png,1,"[0, 0, 0, 0, 0, 0]",2142,0.0,-10.562178711387219,4.303384016527845,0.0,0.0,2.729862131061524,0.0,0.0,0.0,0.0,0.0,0.0
image_02143.png,1,"[0, 0, 0, 0, 0, 0]",2143,0.0,12.297881095686776,5.23116870604077,0.0,0.0,7.161241432827254,0.0,0.0,0.0,0.0,0.0,0.0
image_02144.png,1,"[0, 0, 0, 0, 0, 0]",2144,0.0,7.486053226711931,4.34248398323377,0.0,0.0,-2.301558254073582,0.0,0.0,0.0,0.0,0.0,0.0
image_02145.png,1,"[0, 0, 0, 0, 0, 0]",2145,0.0,3.1317336128148057,-1.2218880473576434,0.0,0.0,-1.6679562793154716,0.0,0.0,0.0,0.0,0.0,0.0
image_02146.png,1,"[0, 0, 0, 0, 0, 0]",2146,0.0,-3.792111645275071,1.5575062489077243,0.0,0.0,-4.92735185240756,0.0,0.0,0.0,0.0,0.0,0.0
image_02147.png,1,"[0, 0, 0, 0, 0, 0]",2147,0.0,-2.595329660519319,-1.99489020085235,0.0,0.0,5.834392033202776,0.0,0.0,0.0,0.0,0.0,0.0
image_02148.png,1,"[0, 0, 0, 0, 0, 0]",2148,0.0,11.314453199773254,-0.605027281816384,0.0,0.0,-10.06955600645486,0.0,0.0,0.0,0.0,0.0,0.0
image_02149.png,1,"[0, 0, 0, 0, 0, 0]",2149,0.0,3.0875687227596487,5.399423652696355,0.0,0.0,12.378822829602306,0.0,0.0,0.0,0.0,0.0,0.0
image_02150.png,1,"[0, 0, 0, 0, 0, 0]",2150,0.0,-0.35102581371870656,-1.970740096258324,0.0,0.0,-5.735414187651942,0.0,0.0,0.0,0.0,0.0,0.0
image_02151.png,1,"[0, 0, 0, 0, 0, 0]",2151,0.0,2.2206256312455537,-0.5545057631646007,0.0,0.0,5.789841824293401,0.0,0.0,0.0,0.0,0.0,0.0
image_02152.png,1,"[0, 0, 0, 0, 0, 0]",2152,0.0,-4.083024489547796,4.774886076223602,0.0,0.0,-17.941944306542943,0.0,0.0,0.0,0.0,0.0,0.0
image_02153.png,1,"[0, 0, 0, 0, 0, 0]",2153,0.0,5.268555180811703,3.289935576141076,0.0,0.0,-1.8469208248531834,0.0,0.0,0.0,0.0,0.0,0.0
image_02154.png,1,"[0, 0, 0, 0, 0, 0]",2154,0.0,12.991591506528138,1.4054128147887814,0.0,0.0,9.176308560845989,0.0,0.0,0.0,0.0,0.0,0.0
image_02155.png,1,"[0, 0, 0, 0, 0, 0]",2155,0.0,-3.9876536866123615,3.2884674128720075,0.0,0.0,11.245155129866216,0.0,0.0,0.0,0.0,0.0,0.0
image_02156.png,1,"[0, 0, 0, 0, 0, 0]",2156,0.0,-9.01799251462812,-1.3369905449477961,0.0,0.0,-0.8537862750984248,0.0,0.0,0.0,0.0,0.0,0.0
image_02157.png,1,"[0, 0, 0, 0, 0, 0]",2157,0.0,4.159498999591271,3.6727183397956917,0.0,0.0,-6.816758427318927,0.0,0.0,0.0,0.0,0.0,0.0
image_02158.png,1,"[0, 0, 0, 0, 0, 0]",2158,0.0,3.4579918377367704,2.988928084683753,0.0,0.0,-2.322554655180959,0.0,0.0,0.0,0.0,0.0,0.0
image_02159.png,1,"[0, 0, 0, 0, 0, 0]",2159,0.0,1.5456609209242202,5.05975080183317,0.0,0.0,-11.036182076977001,0.0,0.0,0.0,0.0,0.0,0.0
image_02160.png,1,"[0, 0, 0, 0, 0, 0]",2160,0.0,-13.450419773536211,-0.20316772711746722,0.0,0.0,-1.936069619730607,0.0,0.0,0.0,0.0,0.0,0.0
image_02161.png,1,"[0, 0, 0, 0, 0, 0]",2161,0.0,4.459269758263808,2.842264826115392,0.0,0.0,6.210043934621308,0.0,0.0,0.0,0.0,0.0,0.0
image_02162.png,1,"[0, 0, 0, 0, 0, 0]",2162,0.0,-6.659005937248864,4.845242918894322,0.0,0.0,-1.303805616130975,0.0,0.0,0.0,0.0,0.0,0.0
image_02163.png,1,"[0, 0, 0, 0, 0, 0]",2163,0.0,-0.1727773541941815,5.298035327155418,0.0,0.0,5.920279944658916,0.0,0.0,0.0,0.0,0.0,0.0
image_02164.png,1,"[0, 0, 0, 0, 0, 0]",2164,0.0,6.262426990359096,-0.2290814997868511,0.0,0.0,-17.77511528066758,0.0,0.0,0.0,0.0,0.0,0.0
image_02165.png,1,"[0, 0, 0, 0, 0, 0]",2165,0.0,0.8664084838639425,-1.5647712782014496,0.0,0.0,8.130402670437997,0.0,0.0,0.0,0.0,0.0,0.0
image_02166.png,1,"[0, 0, 0, 0, 0, 0]",2166,0.0,-7.017009078518441,2.232273149041699,0.0,0.0,7.895392652498113,0.0,0.0,0.0,0.0,0.0,0.0
image_02167.png,1,"[0, 0, 0, 0, 0, 0]",2167,0.0,-13.628980001364766,2.98143633223013,0.0,0.0,-7.392823407659964,0.0,0.0,0.0,0.0,0.0,0.0
image_02168.png,1,"[0, 0, 0, 0, 0, 0]",2168,0.0,2.956256308654787,4.511540050920108,0.0,0.0,4.679915858120453,0.0,0.0,0.0,0.0,0.0,0.0
image_02169.png,1,"[0, 0, 0, 0, 0, 0]",2169,0.0,3.754763803967613,4.188320563957538,0.0,0.0,14.977058840632019,0.0,0.0,0.0,0.0,0.0,0.0
image_02170.png,1,"[0, 0, 0, 0, 0, 0]",2170,0.0,2.7043594660994046,-1.811680997676583,0.0,0.0,0.31972736190822093,0.0,0.0,0.0,0.0,0.0,0.0
image_02171.png,1,"[0, 0, 0, 0, 0, 0]",2171,0.0,13.846367099277984,3.7614605950613393,0.0,0.0,2.9548203914429125,0.0,0.0,0.0,0.0,0.0,0.0
image_02172.png,1,"[0, 0, 0, 0, 0, 0]",2172,0.0,0.01468972733307794,0.8226614856080752,0.0,0.0,-10.092599093107312,0.0,0.0,0.0,0.0,0.0,0.0
image_02173.png,1,"[0, 0, 0, 0, 0, 0]",2173,0.0,0.5240578517662726,1.7260604115113827,0.0,0.0,-1.3144720677284756,0.0,0.0,0.0,0.0,0.0,0.0
image_02174.png,1,"[0, 0, 0, 0, 0, 0]",2174,0.0,13.152413472593523,5.414428980769369,0.0,0.0,3.090690736433288,0.0,0.0,0.0,0.0,0.0,0.0
image_02175.png,1,"[0, 0, 0, 0, 0, 0]",2175,0.0,10.924763556073387,1.262437450355574,0.0,0.0,18.195949946098725,0.0,0.0,0.0,0.0,0.0,0.0
image_02176.png,1,"[0, 0, 0, 0, 0, 0]",2176,0.0,13.290426404792356,4.961018423829594,0.0,0.0,2.801733478083222,0.0,0.0,0.0,0.0,0.0,0.0
image_02177.png,1,"[0, 0, 0, 0, 0, 0]",2177,0.0,8.433820210129504,5.305564643610066,0.0,0.0,7.8001423330693,0.0,0.0,0.0,0.0,0.0,0.0
image_02178.png,1,"[0, 0, 0, 0, 0, 0]",2178,0.0,-13.72754341132972,0.8651988293658599,0.0,0.0,5.902545023598994,0.0,0.0,0.0,0.0,0.0,0.0
image_02179.png,1,"[0, 0, 0, 0, 0, 0]",2179,0.0,-7.966595515586064,2.2584971564127256,0.0,0.0,-4.074972564681316,0.0,0.0,0.0,0.0,0.0,0.0
image_02180.png,1,"[0, 0, 0, 0, 0, 0]",2180,0.0,12.433637935129369,4.732935858822071,0.0,0.0,-3.8626547724287192,0.0,0.0,0.0,0.0,0.0,0.0
image_02181.png,1,"[0, 0, 0, 0, 0, 0]",2181,0.0,4.997648484370728,3.255566252129225,0.0,0.0,6.347724113778058,0.0,0.0,0.0,0.0,0.0,0.0
image_02182.png,1,"[0, 0, 0, 0, 0, 0]",2182,0.0,10.483510868133472,-1.5098269371236168,0.0,0.0,15.011710191565385,0.0,0.0,0.0,0.0,0.0,0.0
image_02183.png,1,"[0, 0, 0, 0, 0, 0]",2183,0.0,5.5064580933913305,5.482338266759663,0.0,0.0,-7.606191820638449,0.0,0.0,0.0,0.0,0.0,0.0
image_02184.png,1,"[0, 0, 0, 0, 0, 0]",2184,0.0,-4.39320574318748,3.1274188323345387,0.0,0.0,12.115160025275117,0.0,0.0,0.0,0.0,0.0,0.0
image_02185.png,1,"[0, 0, 0, 0, 0, 0]",2185,0.0,8.173335513680499,4.125097084604721,0.0,0.0,-1.5430353006815527,0.0,0.0,0.0,0.0,0.0,0.0
image_02186.png,1,"[0, 0, 0, 0, 0, 0]",2186,0.0,13.346641342015126,-0.9325841240497557,0.0,0.0,-0.2719312648878517,0.0,0.0,0.0,0.0,0.0,0.0
image_02187.png,1,"[0, 0, 0, 0, 0, 0]",2187,0.0,11.274838905432318,-0.7055248434324963,0.0,0.0,6.488579529825308,0.0,0.0,0.0,0.0,0.0,0.0
image_02188.png,1,"[0, 0, 0, 0, 0, 0]",2188,0.0,-1.4831726722893563,3.0779538036220995,0.0,0.0,1.828907103901533,0.0,0.0,0.0,0.0,0.0,0.0
image_02189.png,1,"[0, 0, 0, 0, 0, 0]",2189,0.0,9.706618798739996,3.501258244694762,0.0,0.0,4.930005895894089,0.0,0.0,0.0,0.0,0.0,0.0
image_02190.png,1,"[0, 0, 0, 0, 0, 0]",2190,0.0,-2.805526139515628,-1.9537984860766255,0.0,0.0,5.105050509484861,0.0,0.0,0.0,0.0,0.0,0.0
image_02191.png,1,"[0, 0, 0, 0, 0, 0]",2191,0.0,-7.038384787512598,-1.1086452354712786,0.0,0.0,-3.0177067033565854,0.0,0.0,0.0,0.0,0.0,0.0
image_02192.png,1,"[0, 0, 0, 0, 0, 0]",2192,0.0,-12.60043701798881,5.485704345470208,0.0,0.0,10.596926098977713,0.0,0.0,0.0,0.0,0.0,0.0
image_02193.png,1,"[0, 0, 0, 0, 0, 0]",2193,0.0,11.881551817253651,-1.055199715136094,0.0,0.0,5.288915097979699,0.0,0.0,0.0,0.0,0.0,0.0
image_02194.png,1,"[0, 0, 0, 0, 0, 0]",2194,0.0,-11.811165717734369,-0.5041874121682293,0.0,0.0,-6.947304469907814,0.0,0.0,0.0,0.0,0.0,0.0
image_02195.png,1,"[0, 0, 0, 0, 0, 0]",2195,0.0,-8.791383121956045,5.141936903603695,0.0,0.0,0.5827834297801787,0.0,0.0,0.0,0.0,0.0,0.0
image_02196.png,1,"[0, 0, 0, 0, 0, 0]",2196,0.0,12.95013479416744,-0.1546394743027797,0.0,0.0,-0.8648413330888761,0.0,0.0,0.0,0.0,0.0,0.0
image_02197.png,1,"[0, 0, 0, 0, 0, 0]",2197,0.0,7.011485285431434,3.1626862003727076,0.0,0.0,-1.8664266781664969,0.0,0.0,0.0,0.0,0.0,0.0
image_02198.png,1,"[0, 0, 0, 0, 0, 0]",2198,0.0,9.296794823015723,-0.4210152207868032,0.0,0.0,0.05756796990085324,0.0,0.0,0.0,0.0,0.0,0.0
image_02199.png,1,"[0, 0, 0, 0, 0, 0]",2199,0.0,2.3253840539145045,1.8274744609541402,0.0,0.0,5.289016578504782,0.0,0.0,0.0,0.0,0.0,0.0
image_02200.png,1,"[0, 0, 0, 0, 0, 0]",2200,0.0,-12.612401461247657,2.860886538557871,0.0,0.0,1.3303244699479122,0.0,0.0,0.0,0.0,0.0,0.0
image_02201.png,1,"[0, 0, 0, 0, 0, 0]",2201,0.0,13.7272161664754,-0.42977506441741475,0.0,0.0,8.889223098027719,0.0,0.0,0.0,0.0,0.0,0.0
image_02202.png,1,"[0, 0, 0, 0, 0, 0]",2202,0.0,-1.5820931651318233,2.6716824256737075,0.0,0.0,-9.797355709465846,0.0,0.0,0.0,0.0,0.0,0.0
image_02203.png,1,"[0, 0, 0, 0, 0, 0]",2203,0.0,5.104186827914376,4.535876307988928,0.0,0.0,-2.6677745022221844,0.0,0.0,0.0,0.0,0.0,0.0
image_02204.png,1,"[0, 0, 0, 0, 0, 0]",2204,0.0,-6.337524705007823,0.5026949282207314,0.0,0.0,-5.303293778702025,0.0,0.0,0.0,0.0,0.0,0.0
image_02205.png,1,"[0, 0, 0, 0, 0, 0]",2205,0.0,6.196669548064349,5.038964518790422,0.0,0.0,1.770981452848372,0.0,0.0,0.0,0.0,0.0,0.0
image_02206.png,1,"[0, 0, 0, 0, 0, 0]",2206,0.0,12.53788419922303,3.6200402451937697,0.0,0.0,5.355651925724306,0.0,0.0,0.0,0.0,0.0,0.0
image_02207.png,1,"[0, 0, 0, 0, 0, 0]",2207,0.0,-2.5329676113319266,4.8132793252398525,0.0,0.0,-4.006161584771148,0.0,0.0,0.0,0.0,0.0,0.0
image_02208.png,1,"[0, 0, 0, 0, 0, 0]",2208,0.0,9.724962347790381,-0.3329376835508313,0.0,0.0,-4.404950287899296,0.0,0.0,0.0,0.0,0.0,0.0
image_02209.png,1,"[0, 0, 0, 0, 0, 0]",2209,0.0,-13.990210453553175,0.7102581827995493,0.0,0.0,-13.008759763133346,0.0,0.0,0.0,0.0,0.0,0.0
image_02210.png,1,"[0, 0, 0, 0, 0, 0]",2210,0.0,10.928551953614189,-0.9039818358654967,0.0,0.0,-8.666732042173146,0.0,0.0,0.0,0.0,0.0,0.0
image_02211.png,1,"[0, 0, 0, 0, 0, 0]",2211,0.0,-0.29925813754748987,-0.7290022086195107,0.0,0.0,7.9313578899275985,0.0,0.0,0.0,0.0,0.0,0.0
image_02212.png,1,"[0, 0, 0, 0, 0, 0]",2212,0.0,-7.613328536372052,-1.7134912378745464,0.0,0.0,-2.9454215052437065,0.0,0.0,0.0,0.0,0.0,0.0
image_02213.png,1,"[0, 0, 0, 0, 0, 0]",2213,0.0,-8.908205784183735,2.1194334362058855,0.0,0.0,-3.919045115632498,0.0,0.0,0.0,0.0,0.0,0.0
image_02214.png,1,"[0, 0, 0, 0, 0, 0]",2214,0.0,12.889788970695143,2.6395022717257044,0.0,0.0,-9.163958834676013,0.0,0.0,0.0,0.0,0.0,0.0
image_02215.png,1,"[0, 0, 0, 0, 0, 0]",2215,0.0,12.71649131635749,1.6696279374734067,0.0,0.0,-11.070325472667193,0.0,0.0,0.0,0.0,0.0,0.0
image_02216.png,1,"[0, 0, 0, 0, 0, 0]",2216,0.0,13.405025921906656,4.368167494541695,0.0,0.0,9.200311854525259,0.0,0.0,0.0,0.0,0.0,0.0
image_02217.png,1,"[0, 0, 0, 0, 0, 0]",2217,0.0,-11.14124619232669,4.35705043580137,0.0,0.0,-4.047537867148183,0.0,0.0,0.0,0.0,0.0,0.0
image_02218.png,1,"[0, 0, 0, 0, 0, 0]",2218,0.0,-6.904156646251437,2.0240574086016307,0.0,0.0,8.695219867020619,0.0,0.0,0.0,0.0,0.0,0.0
image_02219.png,1,"[0, 0, 0, 0, 0, 0]",2219,0.0,4.1554145845137995,-0.33021004802980514,0.0,0.0,12.826486654489162,0.0,0.0,0.0,0.0,0.0,0.0
image_02220.png,1,"[0, 0, 0, 0, 0, 0]",2220,0.0,8.00489936083239,1.5098077321939618,0.0,0.0,2.8905116687197614,0.0,0.0,0.0,0.0,0.0,0.0
image_02221.png,1,"[0, 0, 0, 0, 0, 0]",2221,0.0,13.914772508394996,-1.2369059376673737,0.0,0.0,2.57976656069263,0.0,0.0,0.0,0.0,0.0,0.0
image_02222.png,1,"[0, 0, 0, 0, 0, 0]",2222,0.0,5.502246221505942,3.064279405214834,0.0,0.0,4.2063950639407155,0.0,0.0,0.0,0.0,0.0,0.0
image_02223.png,1,"[0, 0, 0, 0, 0, 0]",2223,0.0,-3.909416762089805,4.909498089066829,0.0,0.0,5.651866066388604,0.0,0.0,0.0,0.0,0.0,0.0
image_02224.png,1,"[0, 0, 0, 0, 0, 0]",2224,0.0,-10.828188791070133,4.7842604555063,0.0,0.0,-14.880120414548756,0.0,0.0,0.0,0.0,0.0,0.0
image_02225.png,1,"[0, 0, 0, 0, 0, 0]",2225,0.0,-7.137696180712979,4.572165288950885,0.0,0.0,10.334876534175761,0.0,0.0,0.0,0.0,0.0,0.0
image_02226.png,1,"[0, 0, 0, 0, 0, 0]",2226,0.0,-0.03572758135955212,5.4439694379888435,0.0,0.0,-2.0600931382475896,0.0,0.0,0.0,0.0,0.0,0.0
image_02227.png,1,"[0, 0, 0, 0, 0, 0]",2227,0.0,11.883782021111251,-1.3571526388185646,0.0,0.0,-14.277554075697095,0.0,0.0,0.0,0.0,0.0,0.0
image_02228.png,1,"[0, 0, 0, 0, 0, 0]",2228,0.0,-6.377618361818733,0.4592896291002102,0.0,0.0,18.2678937283555,0.0,0.0,0.0,0.0,0.0,0.0
image_02229.png,1,"[0, 0, 0, 0, 0, 0]",2229,0.0,-9.439625209183717,0.9075373972535159,0.0,0.0,-6.820952576660859,0.0,0.0,0.0,0.0,0.0,0.0
image_02230.png,1,"[0, 0, 0, 0, 0, 0]",2230,0.0,-9.882768216661802,4.437667640845574,0.0,0.0,7.936698200069438,0.0,0.0,0.0,0.0,0.0,0.0
image_02231.png,1,"[0, 0, 0, 0, 0, 0]",2231,0.0,-13.79728387792079,3.758271278433857,0.0,0.0,16.085288845162395,0.0,0.0,0.0,0.0,0.0,0.0
image_02232.png,1,"[0, 0, 0, 0, 0, 0]",2232,0.0,-6.0765974006265395,1.5184100635771483,0.0,0.0,2.9300809121011424,0.0,0.0,0.0,0.0,0.0,0.0
image_02233.png,1,"[0, 0, 0, 0, 0, 0]",2233,0.0,-1.87136735623141,2.2502579490730934,0.0,0.0,9.699749425945537,0.0,0.0,0.0,0.0,0.0,0.0
image_02234.png,1,"[0, 0, 0, 0, 0, 0]",2234,0.0,5.552933929847335,-0.5938349675994115,0.0,0.0,0.5862455139451399,0.0,0.0,0.0,0.0,0.0,0.0
image_02235.png,1,"[0, 0, 0, 0, 0, 0]",2235,0.0,-4.170051094380341,2.823849549671907,0.0,0.0,-6.955346486153177,0.0,0.0,0.0,0.0,0.0,0.0
image_02236.png,1,"[0, 0, 0, 0, 0, 0]",2236,0.0,2.3425190575172223,1.4699903421615752,0.0,0.0,-0.4491008178778114,0.0,0.0,0.0,0.0,0.0,0.0
image_02237.png,1,"[0, 0, 0, 0, 0, 0]",2237,0.0,13.006096324173072,1.083423146124968,0.0,0.0,11.213634688281335,0.0,0.0,0.0,0.0,0.0,0.0
image_02238.png,1,"[0, 0, 0, 0, 0, 0]",2238,0.0,0.07356510092554913,2.9990559050272667,0.0,0.0,-7.578527983322228,0.0,0.0,0.0,0.0,0.0,0.0
image_02239.png,1,"[0, 0, 0, 0, 0, 0]",2239,0.0,-7.901275077754008,0.08355536816032849,0.0,0.0,2.06027850932239,0.0,0.0,0.0,0.0,0.0,0.0
image_02240.png,1,"[0, 0, 0, 0, 0, 0]",2240,0.0,-5.827822003896557,0.9108778667027737,0.0,0.0,-2.0325705107088696,0.0,0.0,0.0,0.0,0.0,0.0
image_02241.png,1,"[0, 0, 0, 0, 0, 0]",2241,0.0,-12.702718163206669,-0.7644678959442581,0.0,0.0,-5.879201097018554,0.0,0.0,0.0,0.0,0.0,0.0
image_02242.png,1,"[0, 0, 0, 0, 0, 0]",2242,0.0,6.240730531685671,1.8404187618603163,0.0,0.0,14.307865511887348,0.0,0.0,0.0,0.0,0.0,0.0
image_02243.png,1,"[0, 0, 0, 0, 0, 0]",2243,0.0,-6.784900774858045,-1.6114266356000544,0.0,0.0,-2.30108339170495,0.0,0.0,0.0,0.0,0.0,0.0
image_02244.png,1,"[0, 0, 0, 0, 0, 0]",2244,0.0,0.5757507033698488,1.3673316212978217,0.0,0.0,-7.291389724405989,0.0,0.0,0.0,0.0,0.0,0.0
image_02245.png,1,"[0, 0, 0, 0, 0, 0]",2245,0.0,3.0025222164399423,3.1979677806755875,0.0,0.0,-7.753886120549922,0.0,0.0,0.0,0.0,0.0,0.0
image_02246.png,1,"[0, 0, 0, 0, 0, 0]",2246,0.0,-9.360490714526222,4.456317309622098,0.0,0.0,4.488068816607503,0.0,0.0,0.0,0.0,0.0,0.0
image_02247.png,1,"[0, 0, 0, 0, 0, 0]",2247,0.0,6.9192382669618056,-0.6191947111724234,0.0,0.0,-12.495677164281817,0.0,0.0,0.0,0.0,0.0,0.0
image_02248.png,1,"[0, 0, 0, 0, 0, 0]",2248,0.0,-5.107393076625613,2.0953027550662586,0.0,0.0,1.9157947469951535,0.0,0.0,0.0,0.0,0.0,0.0
image_02249.png,1,"[0, 0, 0, 0, 0, 0]",2249,0.0,-4.415146146120563,2.2791769999988007,0.0,0.0,-3.5527984486897695,0.0,0.0,0.0,0.0,0.0,0.0
image_02250.png,1,"[0, 0, 0, 0, 0, 0]",2250,0.0,-1.3779952931743011,1.5142095654299572,0.0,0.0,-1.6791835557623058,0.0,0.0,0.0,0.0,0.0,0.0
image_02251.png,1,"[0, 0, 0, 0, 0, 0]",2251,0.0,2.455055958049684,1.3848758437866548,0.0,0.0,-4.298166507685727,0.0,0.0,0.0,0.0,0.0,0.0
image_02252.png,1,"[0, 0, 0, 0, 0, 0]",2252,0.0,-12.351970075858404,4.486112901446084,0.0,0.0,15.602317378945,0.0,0.0,0.0,0.0,0.0,0.0
image_02253.png,1,"[0, 0, 0, 0, 0, 0]",2253,0.0,-5.1876214940610055,5.129595430736925,0.0,0.0,-4.9740310758698305,0.0,0.0,0.0,0.0,0.0,0.0
image_02254.png,1,"[0, 0, 0, 0, 0, 0]",2254,0.0,-4.986453010271816,-0.480087669527272,0.0,0.0,-2.3300930274464635,0.0,0.0,0.0,0.0,0.0,0.0
image_02255.png,1,"[0, 0, 0, 0, 0, 0]",2255,0.0,0.6097337040564668,5.286598372303482,0.0,0.0,0.13734669213879636,0.0,0.0,0.0,0.0,0.0,0.0
image_02256.png,1,"[0, 0, 0, 0, 0, 0]",2256,0.0,-1.6234785290982927,-1.7952579640994375,0.0,0.0,8.86703355364682,0.0,0.0,0.0,0.0,0.0,0.0
image_02257.png,1,"[0, 0, 0, 0, 0, 0]",2257,0.0,-7.957820677220553,-0.5617879442721354,0.0,0.0,8.85990115489893,0.0,0.0,0.0,0.0,0.0,0.0
image_02258.png,1,"[0, 0, 0, 0, 0, 0]",2258,0.0,7.132632041039628,0.14123193977687265,0.0,0.0,16.21307224114644,0.0,0.0,0.0,0.0,0.0,0.0
image_02259.png,1,"[0, 0, 0, 0, 0, 0]",2259,0.0,-1.5829085370133953,-1.2530758620659357,0.0,0.0,-9.396914351206219,0.0,0.0,0.0,0.0,0.0,0.0
image_02260.png,1,"[0, 0, 0, 0, 0, 0]",2260,0.0,-11.073956815017283,5.250718221055489,0.0,0.0,4.46435251921485,0.0,0.0,0.0,0.0,0.0,0.0
image_02261.png,1,"[0, 0, 0, 0, 0, 0]",2261,0.0,12.54577712395156,4.578953640779539,0.0,0.0,-7.314958925822616,0.0,0.0,0.0,0.0,0.0,0.0
image_02262.png,1,"[0, 0, 0, 0, 0, 0]",2262,0.0,10.76188416923992,3.3588669974416456,0.0,0.0,-4.250807442141498,0.0,0.0,0.0,0.0,0.0,0.0
image_02263.png,1,"[0, 0, 0, 0, 0, 0]",2263,0.0,1.7628596473113518,-0.7896041847370385,0.0,0.0,-5.571865731783538,0.0,0.0,0.0,0.0,0.0,0.0
image_02264.png,1,"[0, 0, 0, 0, 0, 0]",2264,0.0,-11.347579196724297,0.12202117417716174,0.0,0.0,-5.03762145106651,0.0,0.0,0.0,0.0,0.0,0.0
image_02265.png,1,"[0, 0, 0, 0, 0, 0]",2265,0.0,-3.602189578857754,-0.0028072786550157325,0.0,0.0,-8.87955920757816,0.0,0.0,0.0,0.0,0.0,0.0
image_02266.png,1,"[0, 0, 0, 0, 0, 0]",2266,0.0,9.225559731985705,3.931757970211617,0.0,0.0,20.0,0.0,0.0,0.0,0.0,0.0,0.0
image_02267.png,1,"[0, 0, 0, 0, 0, 0]",2267,0.0,6.0540567019267755,5.362391663994874,0.0,0.0,3.8930086125976104,0.0,0.0,0.0,0.0,0.0,0.0
image_02268.png,1,"[0, 0, 0, 0, 0, 0]",2268,0.0,-7.0527565611077705,0.43358947007595283,0.0,0.0,6.748555036563842,0.0,0.0,0.0,0.0,0.0,0.0
image_02269.png,1,"[0, 0, 0, 0, 0, 0]",2269,0.0,11.21601032325055,-0.21161452334360553,0.0,0.0,-9.312854775091592,0.0,0.0,0.0,0.0,0.0,0.0
image_02270.png,1,"[0, 0, 0, 0, 0, 0]",2270,0.0,0.6772371357335487,4.390099128290943,0.0,0.0,10.790846303443898,0.0,0.0,0.0,0.0,0.0,0.0
image_02271.png,1,"[0, 0, 0, 0, 0, 0]",2271,0.0,7.9657973293786455,3.322868024778872,0.0,0.0,2.67443719184688,0.0,0.0,0.0,0.0,0.0,0.0
image_02272.png,1,"[0, 0, 0, 0, 0, 0]",2272,0.0,-4.075880730188004,1.3711268440906519,0.0,0.0,4.565967101574162,0.0,0.0,0.0,0.0,0.0,0.0
image_02273.png,1,"[0, 0, 0, 0, 0, 0]",2273,0.0,-1.9981443862443058,-0.329534959404129,0.0,0.0,-12.205800919815012,0.0,0.0,0.0,0.0,0.0,0.0
image_02274.png,1,"[0, 0, 0, 0, 0, 0]",2274,0.0,-3.434209396838284,-0.41618667367255346,0.0,0.0,9.577756798387236,0.0,0.0,0.0,0.0,0.0,0.0
image_02275.png,1,"[0, 0, 0, 0, 0, 0]",2275,0.0,7.000233892923816,5.307207274395953,0.0,0.0,3.279072526224788,0.0,0.0,0.0,0.0,0.0,0.0
image_02276.png,1,"[0, 0, 0, 0, 0, 0]",2276,0.0,-12.75935943049437,2.2035588489439704,0.0,0.0,3.6551193255515324,0.0,0.0,0.0,0.0,0.0,0.0
image_02277.png,1,"[0, 0, 0, 0, 0, 0]",2277,0.0,-5.709425148537434,3.402114561041799,0.0,0.0,-14.382578343652447,0.0,0.0,0.0,0.0,0.0,0.0
image_02278.png,1,"[0, 0, 0, 0, 0, 0]",2278,0.0,-5.789694401339034,-0.2660435249659092,0.0,0.0,3.605182375676981,0.0,0.0,0.0,0.0,0.0,0.0
image_02279.png,1,"[0, 0, 0, 0, 0, 0]",2279,0.0,-11.67831528453462,4.98175255064225,0.0,0.0,-12.181624314971415,0.0,0.0,0.0,0.0,0.0,0.0
image_02280.png,1,"[0, 0, 0, 0, 0, 0]",2280,0.0,-2.690377570170668,3.458193919479471,0.0,0.0,18.051643913146346,0.0,0.0,0.0,0.0,0.0,0.0
image_02281.png,1,"[0, 0, 0, 0, 0, 0]",2281,0.0,-2.304832251176407,-0.12007231255573547,0.0,0.0,-8.51804055596489,0.0,0.0,0.0,0.0,0.0,0.0
image_02282.png,1,"[0, 0, 0, 0, 0, 0]",2282,0.0,-2.0183558833876916,1.3132308884481372,0.0,0.0,1.4313039660612372,0.0,0.0,0.0,0.0,0.0,0.0
image_02283.png,1,"[0, 0, 0, 0, 0, 0]",2283,0.0,-0.7715130443422851,1.1005432099853047,0.0,0.0,-12.518834373001662,0.0,0.0,0.0,0.0,0.0,0.0
image_02284.png,1,"[0, 0, 0, 0, 0, 0]",2284,0.0,2.1287920574746195,3.6376074173976933,0.0,0.0,10.38359951555854,0.0,0.0,0.0,0.0,0.0,0.0
image_02285.png,1,"[0, 0, 0, 0, 0, 0]",2285,0.0,-11.415039483174269,-1.753598142774356,0.0,0.0,-0.09437313359646471,0.0,0.0,0.0,0.0,0.0,0.0
image_02286.png,1,"[0, 0, 0, 0, 0, 0]",2286,0.0,-13.196906580880125,1.3410252407567214,0.0,0.0,5.024658935024481,0.0,0.0,0.0,0.0,0.0,0.0
image_02287.png,1,"[0, 0, 0, 0, 0, 0]",2287,0.0,-4.582705720154607,2.753268412375312,0.0,0.0,-7.831773381096973,0.0,0.0,0.0,0.0,0.0,0.0
image_02288.png,1,"[0, 0, 0, 0, 0, 0]",2288,0.0,7.5422102015259895,0.8380642020195253,0.0,0.0,6.311544750836141,0.0,0.0,0.0,0.0,0.0,0.0
image_02289.png,1,"[0, 0, 0, 0, 0, 0]",2289,0.0,-12.267976797901923,1.41583075879277,0.0,0.0,-11.625183618231501,0.0,0.0,0.0,0.0,0.0,0.0
image_02290.png,1,"[0, 0, 0, 0, 0, 0]",2290,0.0,13.547038103734849,3.5614219915059397,0.0,0.0,6.966100444673283,0.0,0.0,0.0,0.0,0.0,0.0
image_02291.png,1,"[0, 0, 0, 0, 0, 0]",2291,0.0,-7.9227212597034935,5.374101593200033,0.0,0.0,7.032426047604757,0.0,0.0,0.0,0.0,0.0,0.0
image_02292.png,1,"[0, 0, 0, 0, 0, 0]",2292,0.0,-2.4539444284935783,-0.9143358479193298,0.0,0.0,7.255937420715894,0.0,0.0,0.0,0.0,0.0,0.0
image_02293.png,1,"[0, 0, 0, 0, 0, 0]",2293,0.0,1.8812284713490044,2.4163584950785433,0.0,0.0,4.840585711057729,0.0,0.0,0.0,0.0,0.0,0.0
image_02294.png,1,"[0, 0, 0, 0, 0, 0]",2294,0.0,10.093943583344732,4.024759924800257,0.0,0.0,-5.480984130085283,0.0,0.0,0.0,0.0,0.0,0.0
image_02295.png,1,"[0, 0, 0, 0, 0, 0]",2295,0.0,5.872483974774745,3.0407381181576856,0.0,0.0,0.27955713823809797,0.0,0.0,0.0,0.0,0.0,0.0
image_02296.png,1,"[0, 0, 0, 0, 0, 0]",2296,0.0,8.502332788040988,-1.4797927447772177,0.0,0.0,-9.485487337794721,0.0,0.0,0.0,0.0,0.0,0.0
image_02297.png,1,"[0, 0, 0, 0, 0, 0]",2297,0.0,-3.7551809262196016,-0.4162828911605472,0.0,0.0,-17.7327915625211,0.0,0.0,0.0,0.0,0.0,0.0
image_02298.png,1,"[0, 0, 0, 0, 0, 0]",2298,0.0,12.166204293973827,3.2941574689847926,0.0,0.0,17.308099527045414,0.0,0.0,0.0,0.0,0.0,0.0
image_02299.png,1,"[0, 0, 0, 0, 0, 0]",2299,0.0,-2.3908421874236723,-1.7276166164900888,0.0,0.0,-10.879438656560005,0.0,0.0,0.0,0.0,0.0,0.0
image_02300.png,1,"[0, 0, 0, 0, 0, 0]",2300,0.0,-1.2724874761282194,0.9743160604034173,0.0,0.0,7.441456326376187,0.0,0.0,0.0,0.0,0.0,0.0
image_02301.png,1,"[0, 0, 0, 0, 0, 0]",2301,0.0,-2.9188250321382654,1.9962213625319878,0.0,0.0,2.8166464474014696,0.0,0.0,0.0,0.0,0.0,0.0
image_02302.png,1,"[0, 0, 0, 0, 0, 0]",2302,0.0,0.9301304214218007,-1.8663652190169189,0.0,0.0,-9.428790648186537,0.0,0.0,0.0,0.0,0.0,0.0
image_02303.png,1,"[0, 0, 0, 0, 0, 0]",2303,0.0,-2.0281837559835765,4.578264915843143,0.0,0.0,-3.8041055235390164,0.0,0.0,0.0,0.0,0.0,0.0
image_02304.png,1,"[0, 0, 0, 0, 0, 0]",2304,0.0,-5.165489668629959,1.7480964735891957,0.0,0.0,2.9842407009155045,0.0,0.0,0.0,0.0,0.0,0.0
image_02305.png,1,"[0, 0, 0, 0, 0, 0]",2305,0.0,-13.029074469192409,-0.39417767819574423,0.0,0.0,12.87864189613071,0.0,0.0,0.0,0.0,0.0,0.0
image_02306.png,1,"[0, 0, 0, 0, 0, 0]",2306,0.0,-10.700793360384523,0.7651916101218119,0.0,0.0,-4.279285374331829,0.0,0.0,0.0,0.0,0.0,0.0
image_02307.png,1,"[0, 0, 0, 0, 0, 0]",2307,0.0,-13.241675325554624,0.2556806906828939,0.0,0.0,17.11375977513801,0.0,0.0,0.0,0.0,0.0,0.0
image_02308.png,1,"[0, 0, 0, 0, 0, 0]",2308,0.0,5.373114732258038,3.5133656229064236,0.0,0.0,-4.471805478874625,0.0,0.0,0.0,0.0,0.0,0.0
image_02309.png,1,"[0, 0, 0, 0, 0, 0]",2309,0.0,-9.482732760302213,3.7874517497639726,0.0,0.0,-0.7142136537485545,0.0,0.0,0.0,0.0,0.0,0.0
image_02310.png,1,"[0, 0, 0, 0, 0, 0]",2310,0.0,-1.499466324879407,3.384917848522848,0.0,0.0,3.3649446746158245,0.0,0.0,0.0,0.0,0.0,0.0
image_02311.png,1,"[0, 0, 0, 0, 0, 0]",2311,0.0,-3.2333703456053797,1.4174543250952616,0.0,0.0,-1.7616106622165735,0.0,0.0,0.0,0.0,0.0,0.0
image_02312.png,1,"[0, 0, 0, 0, 0, 0]",2312,0.0,0.5272124776789298,5.1218832283169125,0.0,0.0,-7.870454452741831,0.0,0.0,0.0,0.0,0.0,0.0
image_02313.png,1,"[0, 0, 0, 0, 0, 0]",2313,0.0,12.041770395358355,-1.635547703091373,0.0,0.0,1.7493029680875005,0.0,0.0,0.0,0.0,0.0,0.0
image_02314.png,1,"[0, 0, 0, 0, 0, 0]",2314,0.0,-8.749885732198692,2.0811115675308427,0.0,0.0,9.551049151697937,0.0,0.0,0.0,0.0,0.0,0.0
image_02315.png,1,"[0, 0, 0, 0, 0, 0]",2315,0.0,-9.627376334868217,2.592406914961667,0.0,0.0,13.086338764314322,0.0,0.0,0.0,0.0,0.0,0.0
image_02316.png,1,"[0, 0, 0, 0, 0, 0]",2316,0.0,-5.535429212997471,4.9764968319302225,0.0,0.0,-9.01384803320194,0.0,0.0,0.0,0.0,0.0,0.0
image_02317.png,1,"[0, 0, 0, 0, 0, 0]",2317,0.0,-1.4232620899178983,-1.2341163264817316,0.0,0.0,2.349894690134266,0.0,0.0,0.0,0.0,0.0,0.0
image_02318.png,1,"[0, 0, 0, 0, 0, 0]",2318,0.0,6.758704837605293,0.030497961518322736,0.0,0.0,-3.7622764357966445,0.0,0.0,0.0,0.0,0.0,0.0
image_02319.png,1,"[0, 0, 0, 0, 0, 0]",2319,0.0,10.825229865329462,-0.47930406596627506,0.0,0.0,6.965755257639705,0.0,0.0,0.0,0.0,0.0,0.0
image_02320.png,1,"[0, 0, 0, 0, 0, 0]",2320,0.0,-5.051131192274596,1.1758775571021842,0.0,0.0,1.0266128592320256,0.0,0.0,0.0,0.0,0.0,0.0
image_02321.png,1,"[0, 0, 0, 0, 0, 0]",2321,0.0,-7.326677643858673,1.6290081260794729,0.0,0.0,-11.681272775573564,0.0,0.0,0.0,0.0,0.0,0.0
image_02322.png,1,"[0, 0, 0, 0, 0, 0]",2322,0.0,3.724742616441418,5.0540831191454965,0.0,0.0,-9.172747293393956,0.0,0.0,0.0,0.0,0.0,0.0
image_02323.png,1,"[0, 0, 0, 0, 0, 0]",2323,0.0,-1.3362044229810195,5.318109270454086,0.0,0.0,-7.81172128714007,0.0,0.0,0.0,0.0,0.0,0.0
image_02324.png,1,"[0, 0, 0, 0, 0, 0]",2324,0.0,-3.4333470090920457,4.1291039855951315,0.0,0.0,14.469804640149947,0.0,0.0,0.0,0.0,0.0,0.0
image_02325.png,1,"[0, 0, 0, 0, 0, 0]",2325,0.0,-0.5634950925250664,3.9182613698478157,0.0,0.0,8.850976145585348,0.0,0.0,0.0,0.0,0.0,0.0
image_02326.png,1,"[0, 0, 0, 0, 0, 0]",2326,0.0,4.988682658277227,1.3238319904621152,0.0,0.0,-19.338622376863103,0.0,0.0,0.0,0.0,0.0,0.0
image_02327.png,1,"[0, 0, 0, 0, 0, 0]",2327,0.0,-4.936569053650729,4.11169435346093,0.0,0.0,6.2968512787440645,0.0,0.0,0.0,0.0,0.0,0.0
image_02328.png,1,"[0, 0, 0, 0, 0, 0]",2328,0.0,-5.340602523420699,4.763245842152935,0.0,0.0,-4.500050889134133,0.0,0.0,0.0,0.0,0.0,0.0
image_02329.png,1,"[0, 0, 0, 0, 0, 0]",2329,0.0,7.697772130612243,5.311525064298254,0.0,0.0,3.6328201546861427,0.0,0.0,0.0,0.0,0.0,0.0
image_02330.png,1,"[0, 0, 0, 0, 0, 0]",2330,0.0,7.635816390192225,3.05305992926431,0.0,0.0,-3.661354663545245,0.0,0.0,0.0,0.0,0.0,0.0
image_02331.png,1,"[0, 0, 0, 0, 0, 0]",2331,0.0,4.3002575725173955,2.4043604508330096,0.0,0.0,-9.284641306457605,0.0,0.0,0.0,0.0,0.0,0.0
image_02332.png,1,"[0, 0, 0, 0, 0, 0]",2332,0.0,9.225613053897575,2.137981602124131,0.0,0.0,8.2255642823901,0.0,0.0,0.0,0.0,0.0,0.0
image_02333.png,1,"[0, 0, 0, 0, 0, 0]",2333,0.0,-5.7470518919074465,0.17518454055977717,0.0,0.0,-3.2805164327313068,0.0,0.0,0.0,0.0,0.0,0.0
image_02334.png,1,"[0, 0, 0, 0, 0, 0]",2334,0.0,-12.63274854806076,2.9568109999872476,0.0,0.0,8.404369053434262,0.0,0.0,0.0,0.0,0.0,0.0
image_02335.png,1,"[0, 0, 0, 0, 0, 0]",2335,0.0,9.92380834034509,5.232724887611979,0.0,0.0,10.698660715576585,0.0,0.0,0.0,0.0,0.0,0.0
image_02336.png,1,"[0, 0, 0, 0, 0, 0]",2336,0.0,9.968801099239599,0.5421108509404657,0.0,0.0,0.57824114105337,0.0,0.0,0.0,0.0,0.0,0.0
image_02337.png,1,"[0, 0, 0, 0, 0, 0]",2337,0.0,9.282797934783424,1.6843385435653944,0.0,0.0,-2.6578192040381823,0.0,0.0,0.0,0.0,0.0,0.0
image_02338.png,1,"[0, 0, 0, 0, 0, 0]",2338,0.0,-7.600034394145069,-1.9336354040853123,0.0,0.0,-8.954191560463302,0.0,0.0,0.0,0.0,0.0,0.0
image_02339.png,1,"[0, 0, 0, 0, 0, 0]",2339,0.0,1.6876134568097072,4.359099564682553,0.0,0.0,-10.169474639976452,0.0,0.0,0.0,0.0,0.0,0.0
image_02340.png,1,"[0, 0, 0, 0, 0, 0]",2340,0.0,-13.267447111913853,5.497102967539598,0.0,0.0,-7.705811668548004,0.0,0.0,0.0,0.0,0.0,0.0
image_02341.png,1,"[0, 0, 0, 0, 0, 0]",2341,0.0,-0.15904796638059793,-0.35093404994543276,0.0,0.0,1.1573693453831069,0.0,0.0,0.0,0.0,0.0,0.0
image_02342.png,1,"[0, 0, 0, 0, 0, 0]",2342,0.0,5.150018635540377,-1.0248183642896018,0.0,0.0,2.872786867981901,0.0,0.0,0.0,0.0,0.0,0.0
image_02343.png,1,"[0, 0, 0, 0, 0, 0]",2343,0.0,-2.1374019480972066,-1.7773846002164755,0.0,0.0,3.59456921971461,0.0,0.0,0.0,0.0,0.0,0.0
image_02344.png,1,"[0, 0, 0, 0, 0, 0]",2344,0.0,9.35579847381635,2.0985972843927794,0.0,0.0,5.601769982289305,0.0,0.0,0.0,0.0,0.0,0.0
image_02345.png,1,"[0, 0, 0, 0, 0, 0]",2345,0.0,-0.4053392610601634,4.522169107359501,0.0,0.0,20.0,0.0,0.0,0.0,0.0,0.0,0.0
image_02346.png,1,"[0, 0, 0, 0, 0, 0]",2346,0.0,-11.135049528010455,2.012874523859292,0.0,0.0,7.312824862617975,0.0,0.0,0.0,0.0,0.0,0.0
image_02347.png,1,"[0, 0, 0, 0, 0, 0]",2347,0.0,0.22722214409706964,3.098140709266559,0.0,0.0,2.616505140599444,0.0,0.0,0.0,0.0,0.0,0.0
image_02348.png,1,"[0, 0, 0, 0, 0, 0]",2348,0.0,-5.764858898193239,-0.8835334917661393,0.0,0.0,4.677936720766311,0.0,0.0,0.0,0.0,0.0,0.0
image_02349.png,1,"[0, 0, 0, 0, 0, 0]",2349,0.0,11.226289800165219,1.9668489191634047,0.0,0.0,-8.6807754744858,0.0,0.0,0.0,0.0,0.0,0.0
image_02350.png,1,"[0, 0, 0, 0, 0, 0]",2350,0.0,9.121766578283072,-1.4909430132277834,0.0,0.0,-7.310897025894892,0.0,0.0,0.0,0.0,0.0,0.0
image_02351.png,1,"[0, 0, 0, 0, 0, 0]",2351,0.0,6.627230816942308,1.894871462434283,0.0,0.0,-5.019404571876689,0.0,0.0,0.0,0.0,0.0,0.0
image_02352.png,1,"[0, 0, 0, 0, 0, 0]",2352,0.0,8.829442378545224,-1.9946166915082384,0.0,0.0,-0.7427157657565634,0.0,0.0,0.0,0.0,0.0,0.0
image_02353.png,1,"[0, 0, 0, 0, 0, 0]",2353,0.0,1.1355632063607146,5.077853221536547,0.0,0.0,-16.040680149460208,0.0,0.0,0.0,0.0,0.0,0.0
image_02354.png,1,"[0, 0, 0, 0, 0, 0]",2354,0.0,12.919573824580823,1.3193126075506747,0.0,0.0,3.8653413846117908,0.0,0.0,0.0,0.0,0.0,0.0
image_02355.png,1,"[0, 0, 0, 0, 0, 0]",2355,0.0,3.8011684275190163,4.837612623276071,0.0,0.0,1.8704966037101223,0.0,0.0,0.0,0.0,0.0,0.0
image_02356.png,1,"[0, 0, 0, 0, 0, 0]",2356,0.0,11.033070374464131,1.3592083474812373,0.0,0.0,10.544710844306296,0.0,0.0,0.0,0.0,0.0,0.0
image_02357.png,1,"[0, 0, 0, 0, 0, 0]",2357,0.0,13.869226154769024,-1.5688021396533465,90.0,0.0,2.354633426809127,0.0,0.0,0.0,0.0,0.0,0.0
image_02358.png,1,"[0, 0, 0, 0, 0, 0]",2358,0.0,9.151439567513307,-0.6882203707005756,0.0,0.0,15.79771500955973,0.0,0.0,0.0,0.0,0.0,0.0
image_02359.png,1,"[0, 0, 0, 0, 0, 0]",2359,0.0,9.660364875515981,2.341003314978547,0.0,0.0,6.740321893996823,0.0,0.0,0.0,0.0,0.0,0.0
image_02360.png,1,"[0, 0, 0, 0, 0, 0]",2360,0.0,8.410688360109845,1.4647694746204385,0.0,0.0,-5.7924707637542445,0.0,0.0,0.0,0.0,0.0,0.0
image_02361.png,1,"[0, 0, 0, 0, 0, 0]",2361,0.0,2.939687299250444,3.675922830380527,0.0,0.0,8.375120915917341,0.0,0.0,0.0,0.0,0.0,0.0
image_02362.png,1,"[0, 0, 0, 0, 0, 0]",2362,0.0,-11.964554478603205,2.5842043686347917,0.0,0.0,-12.365385262068063,0.0,0.0,0.0,0.0,0.0,0.0
image_02363.png,1,"[0, 0, 0, 0, 0, 0]",2363,0.0,-7.0890388380569505,0.08226029630115628,0.0,0.0,-1.5014624227647795,0.0,0.0,0.0,0.0,0.0,0.0
image_02364.png,1,"[0, 0, 0, 0, 0, 0]",2364,0.0,-4.596989278953657,4.757464476647017,0.0,0.0,-1.1486538706875622,0.0,0.0,0.0,0.0,0.0,0.0
image_02365.png,1,"[0, 0, 0, 0, 0, 0]",2365,0.0,-3.6701279730965126,-1.3523479997557635,0.0,0.0,-0.5466587269112064,0.0,0.0,0.0,0.0,0.0,0.0
image_02366.png,1,"[0, 0, 0, 0, 0, 0]",2366,0.0,12.479181035288498,-1.748082442916827,0.0,0.0,-1.6311975085947166,0.0,0.0,0.0,0.0,0.0,0.0
image_02367.png,1,"[0, 0, 0, 0, 0, 0]",2367,0.0,-0.21147409611079837,2.350042615530521,0.0,0.0,-9.236947622652707,0.0,0.0,0.0,0.0,0.0,0.0
image_02368.png,1,"[0, 0, 0, 0, 0, 0]",2368,0.0,-4.94754022693985,2.818653512948881,0.0,0.0,3.9401838166227847,0.0,0.0,0.0,0.0,0.0,0.0
image_02369.png,1,"[0, 0, 0, 0, 0, 0]",2369,0.0,9.114367042716765,3.2410367763283956,0.0,0.0,10.77447101186576,0.0,0.0,0.0,0.0,0.0,0.0
image_02370.png,1,"[0, 0, 0, 0, 0, 0]",2370,0.0,9.69571207193674,0.247740994040206,0.0,0.0,8.503797896503137,0.0,0.0,0.0,0.0,0.0,0.0
image_02371.png,1,"[0, 0, 0, 0, 0, 0]",2371,0.0,12.525494901019783,-1.0231973722121475,90.0,0.0,-0.8491279767905081,0.0,0.0,0.0,0.0,0.0,0.0
image_02372.png,1,"[0, 0, 0, 0, 0, 0]",2372,0.0,2.214648841760507,-0.7298110450824589,0.0,0.0,9.719556238387913,0.0,0.0,0.0,0.0,0.0,0.0
image_02373.png,1,"[0, 0, 0, 0, 0, 0]",2373,0.0,12.333533293341304,2.210994018395982,90.0,0.0,4.314087263618511,0.0,0.0,0.0,0.0,0.0,0.0
image_02374.png,1,"[0, 0, 0, 0, 0, 0]",2374,0.0,4.406510747693872,4.392788278672389,0.0,0.0,-3.8220659660694816,0.0,0.0,0.0,0.0,0.0,0.0
image_02375.png,1,"[0, 0, 0, 0, 0, 0]",2375,0.0,-5.847816997541557,1.9653393167204602,0.0,0.0,4.312619697629546,0.0,0.0,0.0,0.0,0.0,0.0
image_02376.png,1,"[0, 0, 0, 0, 0, 0]",2376,0.0,8.819427760947136,2.0882989477624676,0.0,0.0,1.488379706961856,0.0,0.0,0.0,0.0,0.0,0.0
image_02377.png,1,"[0, 0, 0, 0, 0, 0]",2377,0.0,9.589998829738974,0.3606412352874475,0.0,0.0,-0.39773244562400595,0.0,0.0,0.0,0.0,0.0,0.0
image_02378.png,1,"[0, 0, 0, 0, 0, 0]",2378,0.0,7.7137081569370665,3.827836863632516,0.0,0.0,2.4389692261602205,0.0,0.0,0.0,0.0,0.0,0.0
image_02379.png,1,"[0, 0, 0, 0, 0, 0]",2379,0.0,11.728960455500854,1.5631159814001006,0.0,0.0,-5.327244661718909,0.0,0.0,0.0,0.0,0.0,0.0
image_02380.png,1,"[0, 0, 0, 0, 0, 0]",2380,0.0,10.859024953926571,-0.40542549888528834,0.0,0.0,-5.389163813747451,0.0,0.0,0.0,0.0,0.0,0.0
image_02381.png,1,"[0, 0, 0, 0, 0, 0]",2381,0.0,5.2011142023383385,-1.8442721776379607,0.0,0.0,-8.750447067115925,0.0,0.0,0.0,0.0,0.0,0.0
image_02382.png,1,"[0, 0, 0, 0, 0, 0]",2382,0.0,-4.038367531055059,-1.4689127443401344,0.0,0.0,6.729611114952835,0.0,0.0,0.0,0.0,0.0,0.0
image_02383.png,1,"[0, 0, 0, 0, 0, 0]",2383,0.0,-4.750921673421814,-1.691174683407935,0.0,0.0,8.113929966970945,0.0,0.0,0.0,0.0,0.0,0.0
image_02384.png,1,"[0, 0, 0, 0, 0, 0]",2384,0.0,-1.3623500457759263,-1.8349261315789291,0.0,0.0,2.3542907236491875,0.0,0.0,0.0,0.0,0.0,0.0
image_02385.png,1,"[0, 0, 0, 0, 0, 0]",2385,0.0,1.773076696463491,4.1049761418007655,0.0,0.0,-1.7038434444524504,0.0,0.0,0.0,0.0,0.0,0.0
image_02386.png,1,"[0, 0, 0, 0, 0, 0]",2386,0.0,-8.686123327811629,1.2548110872436231,0.0,0.0,-10.959666058819977,0.0,0.0,0.0,0.0,0.0,0.0
image_02387.png,1,"[0, 0, 0, 0, 0, 0]",2387,0.0,10.989802039592064,4.145055701463479,90.0,0.0,11.333827178901052,0.0,0.0,0.0,0.0,0.0,0.0
image_02388.png,1,"[0, 0, 0, 0, 0, 0]",2388,0.0,1.6942571759401233,5.1838555199412495,0.0,0.0,-7.738311196677938,0.0,0.0,0.0,0.0,0.0,0.0
image_02389.png,1,"[0, 0, 0, 0, 0, 0]",2389,0.0,10.797840431913613,4.243009537581121,90.0,0.0,1.4087425783245366,0.0,0.0,0.0,0.0,0.0,0.0
image_02390.png,1,"[0, 0, 0, 0, 0, 0]",2390,0.0,10.701859628074374,-0.5958618333393813,90.0,0.0,-6.154231116765441,0.0,0.0,0.0,0.0,0.0,0.0
image_02391.png,1,"[0, 0, 0, 0, 0, 0]",2391,0.0,1.5163348210325722,3.276326445485174,0.0,0.0,7.358124091434857,0.0,0.0,0.0,0.0,0.0,0.0
image_02392.png,1,"[0, 0, 0, 0, 0, 0]",2392,0.0,10.509898020395894,4.419976609768557,90.0,0.0,0.5162082371091828,0.0,0.0,0.0,0.0,0.0,0.0
image_02393.png,1,"[0, 0, 0, 0, 0, 0]",2393,0.0,-3.7602191204010467,1.1482965398654743,0.0,0.0,-14.074086751940849,0.0,0.0,0.0,0.0,0.0,0.0
image_02394.png,1,"[0, 0, 0, 0, 0, 0]",2394,0.0,3.401127029540838,1.58698497878936,0.0,0.0,0.8497984112995022,0.0,0.0,0.0,0.0,0.0,0.0
image_02395.png,1,"[0, 0, 0, 0, 0, 0]",2395,0.0,10.221955608878204,2.228479633548165,90.0,0.0,3.184209556044836,0.0,0.0,0.0,0.0,0.0,0.0
image_02396.png,1,"[0, 0, 0, 0, 0, 0]",2396,0.0,2.8177384194101407,2.327678128000551,0.0,0.0,1.100158979349781,0.0,0.0,0.0,0.0,0.0,0.0
image_02397.png,1,"[0, 0, 0, 0, 0, 0]",2397,0.0,10.029994001199753,0.23389778337620104,90.0,0.0,-20.0,0.0,0.0,0.0,0.0,0.0,0.0
image_02398.png,1,"[0, 0, 0, 0, 0, 0]",2398,0.0,9.934013197360514,2.7202915760382984,90.0,0.0,5.789904368704259,0.0,0.0,0.0,0.0,0.0,0.0
image_02399.png,1,"[0, 0, 0, 0, 0, 0]",2399,0.0,9.838032393521274,-0.12320422444999624,90.0,0.0,5.5538387871292425,0.0,0.0,0.0,0.0,0.0,0.0
image_02400.png,1,"[0, 0, 0, 0, 0, 0]",2400,0.0,6.6249660004460935,3.2703639468102743,0.0,0.0,-2.7625056853504018,0.0,0.0,0.0,0.0,0.0,0.0
image_02401.png,1,"[0, 0, 0, 0, 0, 0]",2401,0.0,-3.69475723305073,-1.480451600529317,0.0,0.0,-4.561930987481198,0.0,0.0,0.0,0.0,0.0,0.0
image_02402.png,1,"[0, 0, 0, 0, 0, 0]",2402,0.0,-6.676597770869748,5.01925947514498,0.0,0.0,-5.8722975913036635,0.0,0.0,0.0,0.0,0.0,0.0
image_02403.png,1,"[0, 0, 0, 0, 0, 0]",2403,0.0,6.233007575127424,3.501960687404603,0.0,0.0,-6.088120269172503,0.0,0.0,0.0,0.0,0.0,0.0
image_02404.png,1,"[0, 0, 0, 0, 0, 0]",2404,0.0,2.439792573664832,3.0966407988649465,0.0,0.0,1.0395750155718133,0.0,0.0,0.0,0.0,0.0,0.0
image_02405.png,1,"[0, 0, 0, 0, 0, 0]",2405,0.0,-5.270592581888565,3.795748993527183,0.0,0.0,8.001204381681374,0.0,0.0,0.0,0.0,0.0,0.0
image_02406.png,1,"[0, 0, 0, 0, 0, 0]",2406,0.0,-4.279092335718985,3.8047368160327713,0.0,0.0,-2.0843201413783192,0.0,0.0,0.0,0.0,0.0,0.0
image_02407.png,1,"[0, 0, 0, 0, 0, 0]",2407,0.0,8.399503091246643,-0.4708788498787644,0.0,0.0,-0.46646713080874896,0.0,0.0,0.0,0.0,0.0,0.0
image_02408.png,1,"[0, 0, 0, 0, 0, 0]",2408,0.0,-5.768867481792739,-1.343048019326043,0.0,0.0,-4.344493919005356,0.0,0.0,0.0,0.0,0.0,0.0
image_02409.png,1,"[0, 0, 0, 0, 0, 0]",2409,0.0,8.878224355128964,1.5784863753455203,90.0,0.0,-8.699620015690043,0.0,0.0,0.0,0.0,0.0,0.0
image_02410.png,1,"[0, 0, 0, 0, 0, 0]",2410,0.0,5.271605688940653,5.355888125735089,0.0,0.0,-7.676815355848821,0.0,0.0,0.0,0.0,0.0,0.0
image_02411.png,1,"[0, 0, 0, 0, 0, 0]",2411,0.0,2.803591747710996,1.3026306198907323,0.0,0.0,10.77209522511496,0.0,0.0,0.0,0.0,0.0,0.0
image_02412.png,1,"[0, 0, 0, 0, 0, 0]",2412,0.0,-5.1222240980756055,-0.74210270050478,0.0,0.0,0.8392811074432177,0.0,0.0,0.0,0.0,0.0,0.0
image_02413.png,1,"[0, 0, 0, 0, 0, 0]",2413,0.0,3.2439599455296815,2.3090507503510667,0.0,0.0,6.803643925993893,0.0,0.0,0.0,0.0,0.0,0.0
image_02414.png,1,"[0, 0, 0, 0, 0, 0]",2414,0.0,8.398320335932794,1.315916221786055,90.0,0.0,5.173192359099647,0.0,0.0,0.0,0.0,0.0,0.0
image_02415.png,1,"[0, 0, 0, 0, 0, 0]",2415,0.0,7.491145571124235,1.8483822108750414,0.0,0.0,-2.162712674110824,0.0,0.0,0.0,0.0,0.0,0.0
image_02416.png,1,"[0, 0, 0, 0, 0, 0]",2416,0.0,-1.0684190839109249,1.8314996332528457,0.0,0.0,-5.473437250728054,0.0,0.0,0.0,0.0,0.0,0.0
image_02417.png,1,"[0, 0, 0, 0, 0, 0]",2417,0.0,8.110377924415104,4.461929633750338,90.0,0.0,-18.610716406608333,0.0,0.0,0.0,0.0,0.0,0.0
image_02418.png,1,"[0, 0, 0, 0, 0, 0]",2418,0.0,3.1411536770548736,2.2817116049861808,0.0,0.0,-8.281846341388158,0.0,0.0,0.0,0.0,0.0,0.0
image_02419.png,1,"[0, 0, 0, 0, 0, 0]",2419,0.0,-3.4927508679571204,5.027455842692472,0.0,0.0,2.009927823250528,0.0,0.0,0.0,0.0,0.0,0.0
image_02420.png,1,"[0, 0, 0, 0, 0, 0]",2420,0.0,7.822435512897414,-1.225640703473874,90.0,0.0,0.16163069367427396,0.0,0.0,0.0,0.0,0.0,0.0
image_02421.png,1,"[0, 0, 0, 0, 0, 0]",2421,0.0,1.4200015490134845,2.239506245834562,0.0,0.0,5.139250830203959,0.0,0.0,0.0,0.0,0.0,0.0
image_02422.png,1,"[0, 0, 0, 0, 0, 0]",2422,0.0,5.119608735822268,-0.03935003332276965,0.0,0.0,0.1282607350398655,0.0,0.0,0.0,0.0,0.0,0.0
image_02423.png,1,"[0, 0, 0, 0, 0, 0]",2423,0.0,6.535831979314587,-1.0407027670983984,0.0,0.0,5.776219949927841,0.0,0.0,0.0,0.0,0.0,0.0
image_02424.png,1,"[0, 0, 0, 0, 0, 0]",2424,0.0,-4.781638492607129,5.114512412222257,0.0,0.0,-2.498976494143115,0.0,0.0,0.0,0.0,0.0,0.0
image_02425.png,1,"[0, 0, 0, 0, 0, 0]",2425,0.0,7.3425314937012445,-0.17390026352251597,90.0,0.0,-9.545802313940039,0.0,0.0,0.0,0.0,0.0,0.0
image_02426.png,1,"[0, 0, 0, 0, 0, 0]",2426,0.0,-1.8779702030601158,2.4324042535831936,0.0,0.0,9.228056607896919,0.0,0.0,0.0,0.0,0.0,0.0
image_02427.png,1,"[0, 0, 0, 0, 0, 0]",2427,0.0,-2.3059564071317595,0.06879671131612275,0.0,0.0,-0.2260039315975447,0.0,0.0,0.0,0.0,0.0,0.0
image_02428.png,1,"[0, 0, 0, 0, 0, 0]",2428,0.0,7.054589082183554,3.7859210173058635,90.0,0.0,-10.709788436707695,0.0,0.0,0.0,0.0,0.0,0.0
image_02429.png,1,"[0, 0, 0, 0, 0, 0]",2429,0.0,6.958608278344315,-1.0800156154731317,90.0,0.0,0.6706364802853654,0.0,0.0,0.0,0.0,0.0,0.0
image_02430.png,1,"[0, 0, 0, 0, 0, 0]",2430,0.0,6.862627474505075,-0.9165553610883921,90.0,0.0,-2.5707022267629207,0.0,0.0,0.0,0.0,0.0,0.0
image_02431.png,1,"[0, 0, 0, 0, 0, 0]",2431,0.0,5.758995764031411,-0.14983460205036758,0.0,0.0,-3.9080867088510156,0.0,0.0,0.0,0.0,0.0,0.0
image_02432.png,1,"[0, 0, 0, 0, 0, 0]",2432,0.0,1.8206489587468724,2.0929177020535423,0.0,0.0,-12.952056800723824,0.0,0.0,0.0,0.0,0.0,0.0
image_02433.png,1,"[0, 0, 0, 0, 0, 0]",2433,0.0,6.574685062987385,4.3634338918218605,90.0,0.0,-1.1913769412972905,0.0,0.0,0.0,0.0,0.0,0.0
image_02434.png,1,"[0, 0, 0, 0, 0, 0]",2434,0.0,6.478704259148145,3.1813063711700647,90.0,0.0,6.791736890056167,0.0,0.0,0.0,0.0,0.0,0.0
image_02435.png,1,"[0, 0, 0, 0, 0, 0]",2435,0.0,6.382723455308934,2.5550343556978268,90.0,0.0,-6.666982944563916,0.0,0.0,0.0,0.0,0.0,0.0
image_02436.png,1,"[0, 0, 0, 0, 0, 0]",2436,0.0,6.2867426514696945,-1.4634765138848649,90.0,0.0,7.397767290864489,0.0,0.0,0.0,0.0,0.0,0.0
image_02437.png,1,"[0, 0, 0, 0, 0, 0]",2437,0.0,6.190761847630455,-1.573468738102771,90.0,0.0,-3.0531750064678636,0.0,0.0,0.0,0.0,0.0,0.0
image_02438.png,1,"[0, 0, 0, 0, 0, 0]",2438,0.0,6.094781043791215,-0.6225725251616314,90.0,0.0,-2.179838414647462,0.0,0.0,0.0,0.0,0.0,0.0
image_02439.png,1,"[0, 0, 0, 0, 0, 0]",2439,0.0,4.153475712534878,4.841116105169324,0.0,0.0,-17.88711178970345,0.0,0.0,0.0,0.0,0.0,0.0
image_02440.png,1,"[0, 0, 0, 0, 0, 0]",2440,0.0,3.49997870863168,1.0957030120749538,0.0,0.0,2.3717196686702646,0.0,0.0,0.0,0.0,0.0,0.0
image_02441.png,1,"[0, 0, 0, 0, 0, 0]",2441,0.0,5.806838632273525,1.4653550755659905,90.0,0.0,0.35047624903865515,0.0,0.0,0.0,0.0,0.0,0.0
image_02442.png,1,"[0, 0, 0, 0, 0, 0]",2442,0.0,5.7108578284342855,0.04770787768876428,90.0,0.0,8.663986977387207,0.0,0.0,0.0,0.0,0.0,0.0
image_02443.png,1,"[0, 0, 0, 0, 0, 0]",2443,0.0,2.963320594730135,-0.23166986840173975,0.0,0.0,4.5873167829386094,0.0,0.0,0.0,0.0,0.0,0.0
image_02444.png,1,"[0, 0, 0, 0, 0, 0]",2444,0.0,5.518896220755835,4.465158642013743,90.0,0.0,3.124088417226786,0.0,0.0,0.0,0.0,0.0,0.0
image_02445.png,1,"[0, 0, 0, 0, 0, 0]",2445,0.0,5.422915416916595,0.18974536838720457,90.0,0.0,16.44829051699917,0.0,0.0,0.0,0.0,0.0,0.0
image_02446.png,1,"[0, 0, 0, 0, 0, 0]",2446,0.0,5.326934613077384,-0.860828783701524,90.0,0.0,-2.194766127771576,0.0,0.0,0.0,0.0,0.0,0.0
image_02447.png,1,"[0, 0, 0, 0, 0, 0]",2447,0.0,5.2309538092381445,1.1193915814535855,90.0,0.0,-2.340910149676488,0.0,0.0,0.0,0.0,0.0,0.0
image_02448.png,1,"[0, 0, 0, 0, 0, 0]",2448,0.0,5.134973005398905,0.2950049852103649,90.0,0.0,2.933394600714931,0.0,0.0,0.0,0.0,0.0,0.0
image_02449.png,1,"[0, 0, 0, 0, 0, 0]",2449,0.0,5.038992201559665,2.5213206090390186,90.0,0.0,-0.827493829088071,0.0,0.0,0.0,0.0,0.0,0.0
image_02450.png,1,"[0, 0, 0, 0, 0, 0]",2450,0.0,1.5852807972835592,3.4605726142463604,0.0,0.0,-5.129233517230902,0.0,0.0,0.0,0.0,0.0,0.0
image_02451.png,1,"[0, 0, 0, 0, 0, 0]",2451,0.0,0.01814991410861211,4.656190810418037,0.0,0.0,8.303190298232439,0.0,0.0,0.0,0.0,0.0,0.0
image_02452.png,1,"[0, 0, 0, 0, 0, 0]",2452,0.0,4.751049790041975,-1.4391179826050085,90.0,0.0,-5.791561046259689,0.0,0.0,0.0,0.0,0.0,0.0
image_02453.png,1,"[0, 0, 0, 0, 0, 0]",2453,0.0,4.329156142412202,-1.156165608468232,0.0,0.0,-9.634803087425984,0.0,0.0,0.0,0.0,0.0,0.0
image_02454.png,1,"[0, 0, 0, 0, 0, 0]",2454,0.0,4.559088182363524,1.4176823024805962,90.0,0.0,-8.339602232509836,0.0,0.0,0.0,0.0,0.0,0.0
image_02455.png,1,"[0, 0, 0, 0, 0, 0]",2455,0.0,4.463107378524285,-1.4734662008878214,90.0,0.0,-3.195141347132613,0.0,0.0,0.0,0.0,0.0,0.0
image_02456.png,1,"[0, 0, 0, 0, 0, 0]",2456,0.0,4.367126574685045,2.3127531531121432,90.0,0.0,-2.5815891236612525,0.0,0.0,0.0,0.0,0.0,0.0
image_02457.png,1,"[0, 0, 0, 0, 0, 0]",2457,0.0,4.271145770845806,5.305606207628515,90.0,0.0,-2.028963162890006,0.0,0.0,0.0,0.0,0.0,0.0
image_02458.png,1,"[0, 0, 0, 0, 0, 0]",2458,0.0,4.1751649670065945,-1.0627268762038862,90.0,0.0,3.034103749090046,0.0,0.0,0.0,0.0,0.0,0.0
image_02459.png,1,"[0, 0, 0, 0, 0, 0]",2459,0.0,4.079184163167355,5.339506355659223,90.0,0.0,-1.3307393080049525,0.0,0.0,0.0,0.0,0.0,0.0
image_02460.png,1,"[0, 0, 0, 0, 0, 0]",2460,0.0,3.9832033593281153,2.1981772536289608,90.0,0.0,-8.234113910639875,0.0,0.0,0.0,0.0,0.0,0.0
image_02461.png,1,"[0, 0, 0, 0, 0, 0]",2461,0.0,-3.5233279596664175,1.634696816498609,0.0,0.0,5.021686226580295,0.0,0.0,0.0,0.0,0.0,0.0
image_02462.png,1,"[0, 0, 0, 0, 0, 0]",2462,0.0,3.7912417516496646,0.668384819491743,90.0,0.0,-0.0706295972498559,0.0,0.0,0.0,0.0,0.0,0.0
image_02463.png,1,"[0, 0, 0, 0, 0, 0]",2463,0.0,3.695260947810425,-1.1750186428409362,90.0,0.0,-5.092088960310264,0.0,0.0,0.0,0.0,0.0,0.0
image_02464.png,1,"[0, 0, 0, 0, 0, 0]",2464,0.0,-0.08842125945083978,2.9470500356616567,0.0,0.0,-2.579835469739947,0.0,0.0,0.0,0.0,0.0,0.0
image_02465.png,1,"[0, 0, 0, 0, 0, 0]",2465,0.0,3.503299340131946,5.12787093877809,90.0,0.0,-4.606078898958524,0.0,0.0,0.0,0.0,0.0,0.0
image_02466.png,1,"[0, 0, 0, 0, 0, 0]",2466,0.0,3.4073185362927347,-0.9531259837817923,90.0,0.0,5.076332289236209,0.0,0.0,0.0,0.0,0.0,0.0
image_02467.png,1,"[0, 0, 0, 0, 0, 0]",2467,0.0,-2.8426391573414165,3.7466480725097666,0.0,0.0,-5.967812467266363,0.0,0.0,0.0,0.0,0.0,0.0
image_02468.png,1,"[0, 0, 0, 0, 0, 0]",2468,0.0,3.2153569286142556,0.09324137675856337,90.0,0.0,7.746607396597478,0.0,0.0,0.0,0.0,0.0,0.0
image_02469.png,1,"[0, 0, 0, 0, 0, 0]",2469,0.0,3.1193761247750444,4.483987806303876,90.0,0.0,4.376579065188677,0.0,0.0,0.0,0.0,0.0,0.0
image_02470.png,1,"[0, 0, 0, 0, 0, 0]",2470,0.0,3.023395320935805,-1.4999205573337389,90.0,0.0,-13.229331912587993,0.0,0.0,0.0,0.0,0.0,0.0
image_02471.png,1,"[0, 0, 0, 0, 0, 0]",2471,0.0,2.9274145170965653,2.42897009211152,90.0,0.0,8.213221818575565,0.0,0.0,0.0,0.0,0.0,0.0
image_02472.png,1,"[0, 0, 0, 0, 0, 0]",2472,0.0,2.8314337132573257,2.687055201758377,90.0,0.0,-2.2543435038731636,0.0,0.0,0.0,0.0,0.0,0.0
image_02473.png,1,"[0, 0, 0, 0, 0, 0]",2473,0.0,2.7354529094181146,5.3554499905539,90.0,0.0,-13.318134060932422,0.0,0.0,0.0,0.0,0.0,0.0
image_02474.png,1,"[0, 0, 0, 0, 0, 0]",2474,0.0,2.639472105578875,4.968180125719253,90.0,0.0,12.624541593561876,0.0,0.0,0.0,0.0,0.0,0.0
image_02475.png,1,"[0, 0, 0, 0, 0, 0]",2475,0.0,2.5434913017396354,2.8078158638686244,90.0,0.0,1.0370766967176406,0.0,0.0,0.0,0.0,0.0,0.0
image_02476.png,1,"[0, 0, 0, 0, 0, 0]",2476,0.0,2.447510497900396,-0.17660481604988298,90.0,0.0,-9.609348160818737,0.0,0.0,0.0,0.0,0.0,0.0
image_02477.png,1,"[0, 0, 0, 0, 0, 0]",2477,0.0,1.7066312089943096,1.1854282170203185,0.0,0.0,-4.9037974051396995,0.0,0.0,0.0,0.0,0.0,0.0
image_02478.png,1,"[0, 0, 0, 0, 0, 0]",2478,0.0,2.255548890221945,-0.3098858246683662,90.0,0.0,-0.10407431718561834,0.0,0.0,0.0,0.0,0.0,0.0
image_02479.png,1,"[0, 0, 0, 0, 0, 0]",2479,0.0,2.1595680863827056,1.7132769032984654,90.0,0.0,1.7438176458084993,0.0,0.0,0.0,0.0,0.0,0.0
image_02480.png,1,"[0, 0, 0, 0, 0, 0]",2480,0.0,2.063587282543466,0.3067501337027081,90.0,0.0,-15.111722197166344,0.0,0.0,0.0,0.0,0.0,0.0
image_02481.png,1,"[0, 0, 0, 0, 0, 0]",2481,0.0,1.9676064787042549,1.686334921653498,90.0,0.0,5.415592689472991,0.0,0.0,0.0,0.0,0.0,0.0
image_02482.png,1,"[0, 0, 0, 0, 0, 0]",2482,0.0,1.8716256748650153,-1.602601075665442,90.0,0.0,-4.107104662347733,0.0,0.0,0.0,0.0,0.0,0.0
image_02483.png,1,"[0, 0, 0, 0, 0, 0]",2483,0.0,1.7756448710257757,2.179052742233985,90.0,0.0,3.980522639386428,0.0,0.0,0.0,0.0,0.0,0.0
image_02484.png,1,"[0, 0, 0, 0, 0, 0]",2484,0.0,1.6796640671865362,5.119402208324578,90.0,0.0,9.955443202725556,0.0,0.0,0.0,0.0,0.0,0.0
image_02485.png,1,"[0, 0, 0, 0, 0, 0]",2485,0.0,1.583683263347325,-0.9464390849834061,90.0,0.0,-0.5705604697654375,0.0,0.0,0.0,0.0,0.0,0.0
image_02486.png,1,"[0, 0, 0, 0, 0, 0]",2486,0.0,-0.19799111230864241,5.296692023168514,0.0,0.0,20.0,0.0,0.0,0.0,0.0,0.0,0.0
image_02487.png,1,"[0, 0, 0, 0, 0, 0]",2487,0.0,1.3917216556688459,3.5560883808907127,90.0,0.0,4.858151632682331,0.0,0.0,0.0,0.0,0.0,0.0
image_02488.png,1,"[0, 0, 0, 0, 0, 0]",2488,0.0,1.093573666616102,-0.24823675398953382,0.0,0.0,3.977592931873561,0.0,0.0,0.0,0.0,0.0,0.0
image_02489.png,1,"[0, 0, 0, 0, 0, 0]",2489,0.0,1.1997600479903952,-1.2639721972108735,90.0,0.0,3.3476735248453533,0.0,0.0,0.0,0.0,0.0,0.0
image_02490.png,1,"[0, 0, 0, 0, 0, 0]",2490,0.0,1.1037792441511556,4.145343701926488,90.0,0.0,4.0954563023970945,0.0,0.0,0.0,0.0,0.0,0.0
image_02491.png,1,"[0, 0, 0, 0, 0, 0]",2491,0.0,1.007798440311916,-1.56128050246031,90.0,0.0,-2.7963698934651315,0.0,0.0,0.0,0.0,0.0,0.0
image_02492.png,1,"[0, 0, 0, 0, 0, 0]",2492,0.0,0.35085248778832323,4.112804252322548,0.0,0.0,-4.036454586429637,0.0,0.0,0.0,0.0,0.0,0.0
image_02493.png,1,"[0, 0, 0, 0, 0, 0]",2493,0.0,0.8158368326334653,1.4253945463445072,90.0,0.0,0.154946073366057,0.0,0.0,0.0,0.0,0.0,0.0
image_02494.png,1,"[0, 0, 0, 0, 0, 0]",2494,0.0,0.7198560287942257,0.7634982641307464,90.0,0.0,6.959750965198044,0.0,0.0,0.0,0.0,0.0,0.0
image_02495.png,1,"[0, 0, 0, 0, 0, 0]",2495,0.0,0.6238752249549862,5.327643989572327,90.0,0.0,-1.6104734880814129,0.0,0.0,0.0,0.0,0.0,0.0
image_02496.png,1,"[0, 0, 0, 0, 0, 0]",2496,0.0,0.527894421115775,-0.016106519973682065,90.0,0.0,0.08651705644862849,0.0,0.0,0.0,0.0,0.0,0.0
image_02497.png,1,"[0, 0, 0, 0, 0, 0]",2497,0.0,0.43191361727653543,1.371150560504243,90.0,0.0,4.518592519771736,0.0,0.0,0.0,0.0,0.0,0.0
image_02498.png,1,"[0, 0, 0, 0, 0, 0]",2498,0.0,0.33593281343729586,2.8140206765614444,90.0,0.0,6.856099693695518,0.0,0.0,0.0,0.0,0.0,0.0
image_02499.png,1,"[0, 0, 0, 0, 0, 0]",2499,0.0,0.2399520095980563,3.83533425921728,90.0,0.0,7.787346787111025,0.0,0.0,0.0,0.0,0.0,0.0
image_02500.png,1,"[0, 0, 0, 0, 0, 0]",2500,0.0,0.14397120575884514,3.9688588076020057,90.0,0.0,-6.750362320127835,0.0,0.0,0.0,0.0,0.0,0.0
image_02501.png,1,"[0, 0, 0, 0, 0, 0]",2501,0.0,0.047990401919605574,-0.5254305980227292,90.0,0.0,-7.357266461094764,0.0,0.0,0.0,0.0,0.0,0.0
image_02502.png,1,"[0, 0, 0, 0, 0, 0]",2502,0.0,0.047990401919633996,3.9136219195289863,0.0,0.0,5.686095868033486,0.0,0.0,0.0,0.0,0.0,0.0
image_02503.png,1,"[0, 0, 0, 0, 0, 0]",2503,0.0,0.14397120575887357,-0.01739913583606323,0.0,0.0,-1.9582999504449854,0.0,0.0,0.0,0.0,0.0,0.0
image_02504.png,1,"[0, 0, 0, 0, 0, 0]",2504,0.0,0.23995200959808471,4.073810611793322,0.0,0.0,-7.641005927650069,0.0,0.0,0.0,0.0,0.0,0.0
image_02505.png,1,"[0, 0, 0, 0, 0, 0]",2505,0.0,0.3359328134373243,2.3665328229694573,0.0,0.0,-4.518752891186537,0.0,0.0,0.0,0.0,0.0,0.0
image_02506.png,1,"[0, 0, 0, 0, 0, 0]",2506,0.0,0.43191361727656385,1.5439738294621401,0.0,0.0,9.392743910138316,0.0,0.0,0.0,0.0,0.0,0.0
image_02507.png,1,"[0, 0, 0, 0, 0, 0]",2507,0.0,0.5278944211158034,1.7251874958174054,0.0,0.0,10.278966730012003,0.0,0.0,0.0,0.0,0.0,0.0
image_02508.png,1,"[0, 0, 0, 0, 0, 0]",2508,0.0,0.6238752249550146,5.249159407615418,0.0,0.0,-8.33398772019206,0.0,0.0,0.0,0.0,0.0,0.0
image_02509.png,1,"[0, 0, 0, 0, 0, 0]",2509,0.0,0.7198560287942541,2.049758578081999,0.0,0.0,-10.803940262831693,0.0,0.0,0.0,0.0,0.0,0.0
image_02510.png,1,"[0, 0, 0, 0, 0, 0]",2510,0.0,0.8158368326334937,3.0409720174500627,0.0,0.0,10.207251462530058,0.0,0.0,0.0,0.0,0.0,0.0
image_02511.png,1,"[0, 0, 0, 0, 0, 0]",2511,0.0,0.9118176364727333,-1.0792682825030129,0.0,0.0,9.364542438479292,0.0,0.0,0.0,0.0,0.0,0.0
image_02512.png,1,"[0, 0, 0, 0, 0, 0]",2512,0.0,1.0077984403119444,-1.6984333499218343,0.0,0.0,1.3023491458815886,0.0,0.0,0.0,0.0,0.0,0.0
image_02513.png,1,"[0, 0, 0, 0, 0, 0]",2513,0.0,1.103779244151184,4.287745998527187,0.0,0.0,-3.5159476228287345,0.0,0.0,0.0,0.0,0.0,0.0
image_02514.png,1,"[0, 0, 0, 0, 0, 0]",2514,0.0,1.1997600479904236,4.01800494144478,0.0,0.0,20.0,0.0,0.0,0.0,0.0,0.0,0.0
image_02515.png,1,"[0, 0, 0, 0, 0, 0]",2515,0.0,1.2957408518296347,3.3068152245326425,0.0,0.0,-0.8246011801417882,0.0,0.0,0.0,0.0,0.0,0.0
image_02516.png,1,"[0, 0, 0, 0, 0, 0]",2516,0.0,1.3917216556688743,0.7004790704462431,0.0,0.0,2.553011673699846,0.0,0.0,0.0,0.0,0.0,0.0
image_02517.png,1,"[0, 0, 0, 0, 0, 0]",2517,0.0,1.4877024595081139,-0.1524163393040694,0.0,0.0,4.002342423812766,0.0,0.0,0.0,0.0,0.0,0.0
image_02518.png,1,"[0, 0, 0, 0, 0, 0]",2518,0.0,1.5836832633473534,0.4333973555069499,0.0,0.0,-14.991231085167728,0.0,0.0,0.0,0.0,0.0,0.0
image_02519.png,1,"[0, 0, 0, 0, 0, 0]",2519,0.0,1.6796640671865646,0.5649497323147337,0.0,0.0,-8.619728227853793,0.0,0.0,0.0,0.0,0.0,0.0
image_02520.png,1,"[0, 0, 0, 0, 0, 0]",2520,0.0,1.7756448710258042,3.5997381658482963,0.0,0.0,-3.9969561489814383,0.0,0.0,0.0,0.0,0.0,0.0
image_02521.png,1,"[0, 0, 0, 0, 0, 0]",2521,0.0,1.8716256748650437,-0.8361686559727635,0.0,0.0,3.1230640709304436,0.0,0.0,0.0,0.0,0.0,0.0
image_02522.png,1,"[0, 0, 0, 0, 0, 0]",2522,0.0,1.9676064787042833,2.872396001753339,0.0,0.0,-4.3951073139288805,0.0,0.0,0.0,0.0,0.0,0.0
image_02523.png,1,"[0, 0, 0, 0, 0, 0]",2523,0.0,2.0635872825434944,4.011279018271224,0.0,0.0,-9.360043100787674,0.0,0.0,0.0,0.0,0.0,0.0
image_02524.png,1,"[0, 0, 0, 0, 0, 0]",2524,0.0,2.159568086382734,0.7518881385733653,0.0,0.0,1.8641490772313578,0.0,0.0,0.0,0.0,0.0,0.0
image_02525.png,1,"[0, 0, 0, 0, 0, 0]",2525,0.0,2.2555488902219736,4.6504533180301175,0.0,0.0,-8.446694163275543,0.0,0.0,0.0,0.0,0.0,0.0
image_02526.png,1,"[0, 0, 0, 0, 0, 0]",2526,0.0,2.351529694061213,2.340659848364063,0.0,0.0,16.80892474012596,0.0,0.0,0.0,0.0,0.0,0.0
image_02527.png,1,"[0, 0, 0, 0, 0, 0]",2527,0.0,2.4475104979004243,-1.8666147300067064,0.0,0.0,6.2633228640764855,0.0,0.0,0.0,0.0,0.0,0.0
image_02528.png,1,"[0, 0, 0, 0, 0, 0]",2528,0.0,2.1493498488913048,1.5644396130925826,90.0,0.0,-3.584978994639549,0.0,0.0,0.0,0.0,0.0,0.0
image_02529.png,1,"[0, 0, 0, 0, 0, 0]",2529,0.0,2.6394721055789034,2.386301127879964,0.0,0.0,1.2850176765209371,0.0,0.0,0.0,0.0,0.0,0.0
image_02530.png,1,"[0, 0, 0, 0, 0, 0]",2530,0.0,2.735452909418143,-1.044138832176213,0.0,0.0,3.4568206957479157,0.0,0.0,0.0,0.0,0.0,0.0
image_02531.png,1,"[0, 0, 0, 0, 0, 0]",2531,0.0,2.831433713257354,3.4409440556510456,0.0,0.0,3.4391301317921883,0.0,0.0,0.0,0.0,0.0,0.0
image_02532.png,1,"[0, 0, 0, 0, 0, 0]",2532,0.0,2.119947280615925,3.8385093918658812,90.0,0.0,-3.8513806564349085,0.0,0.0,0.0,0.0,0.0,0.0
image_02533.png,1,"[0, 0, 0, 0, 0, 0]",2533,0.0,3.0233953209358333,3.984053046545341,0.0,0.0,-9.270146107915474,0.0,0.0,0.0,0.0,0.0,0.0
image_02534.png,1,"[0, 0, 0, 0, 0, 0]",2534,0.0,3.119376124775073,2.90198003153166,0.0,0.0,4.715888574960929,0.0,0.0,0.0,0.0,0.0,0.0
image_02535.png,1,"[0, 0, 0, 0, 0, 0]",2535,0.0,3.215356928614284,0.5119578866667864,0.0,0.0,8.81125624500918,0.0,0.0,0.0,0.0,0.0,0.0
image_02536.png,1,"[0, 0, 0, 0, 0, 0]",2536,0.0,3.3113377324535236,-0.5063858256104967,0.0,0.0,-6.114570024937046,0.0,0.0,0.0,0.0,0.0,0.0
image_02537.png,1,"[0, 0, 0, 0, 0, 0]",2537,0.0,-1.7532922552348467,1.2723657518181422,90.0,0.0,-1.80153715260042,0.0,0.0,0.0,0.0,0.0,0.0
image_02538.png,1,"[0, 0, 0, 0, 0, 0]",2538,0.0,3.5032993401319743,-1.589287430489315,0.0,0.0,-2.4135819891999666,0.0,0.0,0.0,0.0,0.0,0.0
image_02539.png,1,"[0, 0, 0, 0, 0, 0]",2539,0.0,3.599280143971214,-1.2812055104095808,0.0,0.0,-15.008168494654681,0.0,0.0,0.0,0.0,0.0,0.0
image_02540.png,1,"[0, 0, 0, 0, 0, 0]",2540,0.0,3.6952609478104534,5.086012014563177,0.0,0.0,11.004484569065609,0.0,0.0,0.0,0.0,0.0,0.0
image_02541.png,1,"[0, 0, 0, 0, 0, 0]",2541,0.0,3.791241751649693,3.83889486207966,0.0,0.0,-6.823547416291439,0.0,0.0,0.0,0.0,0.0,0.0
image_02542.png,1,"[0, 0, 0, 0, 0, 0]",2542,0.0,3.887222555488904,0.4015169278472577,0.0,0.0,6.0069572373480264,0.0,0.0,0.0,0.0,0.0,0.0
image_02543.png,1,"[0, 0, 0, 0, 0, 0]",2543,0.0,-3.9635399016421715,2.7679331223563937,90.0,0.0,8.189784188194894,0.0,0.0,0.0,0.0,0.0,0.0
image_02544.png,1,"[0, 0, 0, 0, 0, 0]",2544,0.0,4.079184163167383,-1.852069572965261,0.0,0.0,1.2207625126420258,0.0,0.0,0.0,0.0,0.0,0.0
image_02545.png,1,"[0, 0, 0, 0, 0, 0]",2545,0.0,4.175164967006623,3.959811999840344,0.0,0.0,0.9818338976579726,0.0,0.0,0.0,0.0,0.0,0.0
image_02546.png,1,"[0, 0, 0, 0, 0, 0]",2546,0.0,-0.09508862955709674,3.162775261861384,90.0,0.0,-2.1047159409669907,0.0,0.0,0.0,0.0,0.0,0.0
image_02547.png,1,"[0, 0, 0, 0, 0, 0]",2547,0.0,4.367126574685074,4.2711974040533685,0.0,0.0,-12.632458021145684,0.0,0.0,0.0,0.0,0.0,0.0
image_02548.png,1,"[0, 0, 0, 0, 0, 0]",2548,0.0,4.463107378524313,3.267270509745754,0.0,0.0,-1.0678282428859287,0.0,0.0,0.0,0.0,0.0,0.0
image_02549.png,1,"[0, 0, 0, 0, 0, 0]",2549,0.0,4.559088182363553,5.476767397483769,0.0,0.0,-1.6927463528968574,0.0,0.0,0.0,0.0,0.0,0.0
image_02550.png,1,"[0, 0, 0, 0, 0, 0]",2550,0.0,4.655068986202764,1.3698335167593951,0.0,0.0,-5.97722421756229,0.0,0.0,0.0,0.0,0.0,0.0
image_02551.png,1,"[0, 0, 0, 0, 0, 0]",2551,0.0,-1.1440861698550435,4.571146579990849,90.0,0.0,2.4259461130955344,0.0,0.0,0.0,0.0,0.0,0.0
image_02552.png,1,"[0, 0, 0, 0, 0, 0]",2552,0.0,4.847030593881243,2.9319769987215443,0.0,0.0,-8.35668470790247,0.0,0.0,0.0,0.0,0.0,0.0
image_02553.png,1,"[0, 0, 0, 0, 0, 0]",2553,0.0,4.943011397720483,1.3006046158342857,0.0,0.0,-20.0,0.0,0.0,0.0,0.0,0.0,0.0
image_02554.png,1,"[0, 0, 0, 0, 0, 0]",2554,0.0,-1.504279553681691,-0.9765038440124203,90.0,0.0,-3.225013596016772,0.0,0.0,0.0,0.0,0.0,0.0
image_02555.png,1,"[0, 0, 0, 0, 0, 0]",2555,0.0,4.3184622160508255,2.3772978971334577,90.0,0.0,-13.01515497675676,0.0,0.0,0.0,0.0,0.0,0.0
image_02556.png,1,"[0, 0, 0, 0, 0, 0]",2556,0.0,5.230953809238173,3.7717101873124603,0.0,0.0,13.405399885363256,0.0,0.0,0.0,0.0,0.0,0.0
image_02557.png,1,"[0, 0, 0, 0, 0, 0]",2557,0.0,-0.7163994838945129,-0.4280147587153156,90.0,0.0,-9.010363802922049,0.0,0.0,0.0,0.0,0.0,0.0
image_02558.png,1,"[0, 0, 0, 0, 0, 0]",2558,0.0,5.422915416916624,1.0658605113879576,0.0,0.0,3.3272754382477814,0.0,0.0,0.0,0.0,0.0,0.0
image_02559.png,1,"[0, 0, 0, 0, 0, 0]",2559,0.0,5.518896220755863,1.2245194819101997,0.0,0.0,-1.2126128963410758,0.0,0.0,0.0,0.0,0.0,0.0
image_02560.png,1,"[0, 0, 0, 0, 0, 0]",2560,0.0,5.614877024595103,4.571942233563019,0.0,0.0,7.134347591801098,0.0,0.0,0.0,0.0,0.0,0.0
image_02561.png,1,"[0, 0, 0, 0, 0, 0]",2561,0.0,5.710857828434314,3.4772665191451404,0.0,0.0,5.4032112051938315,0.0,0.0,0.0,0.0,0.0,0.0
image_02562.png,1,"[0, 0, 0, 0, 0, 0]",2562,0.0,5.8068386322735535,-1.1989224861793861,0.0,0.0,-10.846121983266537,0.0,0.0,0.0,0.0,0.0,0.0
image_02563.png,1,"[0, 0, 0, 0, 0, 0]",2563,0.0,5.902819436112793,5.366729989158896,0.0,0.0,-8.807096862845745,0.0,0.0,0.0,0.0,0.0,0.0
image_02564.png,1,"[0, 0, 0, 0, 0, 0]",2564,0.0,-5.666928114234821,-1.1570447574203295,90.0,0.0,4.059566394474223,0.0,0.0,0.0,0.0,0.0,0.0
image_02565.png,1,"[0, 0, 0, 0, 0, 0]",2565,0.0,-4.431126086176903,3.407578026604413,90.0,0.0,10.079607966527156,0.0,0.0,0.0,0.0,0.0,0.0
image_02566.png,1,"[0, 0, 0, 0, 0, 0]",2566,0.0,6.190761847630483,4.873249486420921,0.0,0.0,3.5402939009106262,0.0,0.0,0.0,0.0,0.0,0.0
image_02567.png,1,"[0, 0, 0, 0, 0, 0]",2567,0.0,5.754995163594728,1.380137281834759,90.0,0.0,9.901417739071894,0.0,0.0,0.0,0.0,0.0,0.0
image_02568.png,1,"[0, 0, 0, 0, 0, 0]",2568,0.0,6.3827234553089625,5.215020380904729,0.0,0.0,-3.821554499252735,0.0,0.0,0.0,0.0,0.0,0.0
image_02569.png,1,"[0, 0, 0, 0, 0, 0]",2569,0.0,0.22906741311848577,-0.8813148411221614,90.0,0.0,-2.184666269491905,0.0,0.0,0.0,0.0,0.0,0.0
image_02570.png,1,"[0, 0, 0, 0, 0, 0]",2570,0.0,6.574685062987413,5.120182357458829,0.0,0.0,7.337271554011242,0.0,0.0,0.0,0.0,0.0,0.0
image_02571.png,1,"[0, 0, 0, 0, 0, 0]",2571,0.0,6.670665866826653,0.5150925819262491,0.0,0.0,-12.989806256254392,0.0,0.0,0.0,0.0,0.0,0.0
image_02572.png,1,"[0, 0, 0, 0, 0, 0]",2572,0.0,6.766646670665892,-0.7800537843610902,0.0,0.0,13.250867547081917,0.0,0.0,0.0,0.0,0.0,0.0
image_02573.png,1,"[0, 0, 0, 0, 0, 0]",2573,0.0,1.0029455636335243,-1.3758527452914278,90.0,0.0,0.7776801005559594,0.0,0.0,0.0,0.0,0.0,0.0
image_02574.png,1,"[0, 0, 0, 0, 0, 0]",2574,0.0,6.958608278344343,2.7450338451724186,0.0,0.0,8.563406343936759,0.0,0.0,0.0,0.0,0.0,0.0
image_02575.png,1,"[0, 0, 0, 0, 0, 0]",2575,0.0,7.054589082183583,4.195768822290063,0.0,0.0,-0.030472607922006487,0.0,0.0,0.0,0.0,0.0,0.0
image_02576.png,1,"[0, 0, 0, 0, 0, 0]",2576,0.0,7.150569886022822,-1.696859579277985,0.0,0.0,8.529040119561834,0.0,0.0,0.0,0.0,0.0,0.0
image_02577.png,1,"[0, 0, 0, 0, 0, 0]",2577,0.0,-6.548803394617764,3.28783888957512,90.0,0.0,15.07259804256216,0.0,0.0,0.0,0.0,0.0,0.0
image_02578.png,1,"[0, 0, 0, 0, 0, 0]",2578,0.0,-4.886892698907815,0.32118086786830347,90.0,0.0,-4.113934564555252,0.0,0.0,0.0,0.0,0.0,0.0
image_02579.png,1,"[0, 0, 0, 0, 0, 0]",2579,0.0,7.4385122975405125,5.47666648601834,0.0,0.0,9.104081282599033,0.0,0.0,0.0,0.0,0.0,0.0
image_02580.png,1,"[0, 0, 0, 0, 0, 0]",2580,0.0,-4.831343327024953,3.795213370888705,90.0,0.0,-4.788364746487058,0.0,0.0,0.0,0.0,0.0,0.0
image_02581.png,1,"[0, 0, 0, 0, 0, 0]",2581,0.0,7.630473905218963,0.42574196039954293,0.0,0.0,7.884934759604554,0.0,0.0,0.0,0.0,0.0,0.0
image_02582.png,1,"[0, 0, 0, 0, 0, 0]",2582,0.0,7.726454709058203,-1.611230203239278,0.0,0.0,-6.9452408358934745,0.0,0.0,0.0,0.0,0.0,0.0
image_02583.png,1,"[0, 0, 0, 0, 0, 0]",2583,0.0,7.822435512897442,3.3481808727497224,0.0,0.0,-4.937570107013502,0.0,0.0,0.0,0.0,0.0,0.0
image_02584.png,1,"[0, 0, 0, 0, 0, 0]",2584,0.0,7.918416316736682,-1.9975141193214432,0.0,0.0,5.9607484070535,0.0,0.0,0.0,0.0,0.0,0.0
image_02585.png,1,"[0, 0, 0, 0, 0, 0]",2585,0.0,6.4193724219212385,3.966233396713026,90.0,0.0,-2.5055667835159596,0.0,0.0,0.0,0.0,0.0,0.0
image_02586.png,1,"[0, 0, 0, 0, 0, 0]",2586,0.0,8.110377924415133,2.4770350478289798,0.0,0.0,-0.3111165691727379,0.0,0.0,0.0,0.0,0.0,0.0
image_02587.png,1,"[0, 0, 0, 0, 0, 0]",2587,0.0,5.788542840272363,-1.123671735522731,90.0,0.0,-7.347087878391279,0.0,0.0,0.0,0.0,0.0,0.0
image_02588.png,1,"[0, 0, 0, 0, 0, 0]",2588,0.0,-2.973112026522351,4.511671536623791,90.0,0.0,-6.297984740085366,0.0,0.0,0.0,0.0,0.0,0.0
image_02589.png,1,"[0, 0, 0, 0, 0, 0]",2589,0.0,8.398320335932823,-1.9211817716571915,0.0,0.0,-16.457453554304863,0.0,0.0,0.0,0.0,0.0,0.0
image_02590.png,1,"[0, 0, 0, 0, 0, 0]",2590,0.0,8.494301139772062,3.6198470064700787,0.0,0.0,-3.9795273617516034,0.0,0.0,0.0,0.0,0.0,0.0
image_02591.png,1,"[0, 0, 0, 0, 0, 0]",2591,0.0,8.590281943611302,4.508761547241539,0.0,0.0,14.858199615470244,0.0,0.0,0.0,0.0,0.0,0.0
image_02592.png,1,"[0, 0, 0, 0, 0, 0]",2592,0.0,8.686262747450513,0.9190296590962048,0.0,0.0,-18.754305214725647,0.0,0.0,0.0,0.0,0.0,0.0
image_02593.png,1,"[0, 0, 0, 0, 0, 0]",2593,0.0,8.782243551289753,-0.8104199141163122,0.0,0.0,-3.787508399113309,0.0,0.0,0.0,0.0,0.0,0.0
image_02594.png,1,"[0, 0, 0, 0, 0, 0]",2594,0.0,8.878224355128992,1.5106239071658174,0.0,0.0,-8.93622545192725,0.0,0.0,0.0,0.0,0.0,0.0
image_02595.png,1,"[0, 0, 0, 0, 0, 0]",2595,0.0,1.6194395488083302,4.840394011065673,90.0,0.0,7.362134569006523,0.0,0.0,0.0,0.0,0.0,0.0
image_02596.png,1,"[0, 0, 0, 0, 0, 0]",2596,0.0,-2.5868154168670188,5.124661313827694,90.0,0.0,0.5948486775979706,0.0,0.0,0.0,0.0,0.0,0.0
image_02597.png,1,"[0, 0, 0, 0, 0, 0]",2597,0.0,-5.681510962165078,3.5739904857133267,90.0,0.0,-7.764479194338934,0.0,0.0,0.0,0.0,0.0,0.0
image_02598.png,1,"[0, 0, 0, 0, 0, 0]",2598,0.0,9.262147570485922,1.9707032245272798,0.0,0.0,8.03418378507391,0.0,0.0,0.0,0.0,0.0,0.0
image_02599.png,1,"[0, 0, 0, 0, 0, 0]",2599,0.0,-0.5308221873162111,-1.1349559637385271,90.0,0.0,5.981429078062262,0.0,0.0,0.0,0.0,0.0,0.0
image_02600.png,1,"[0, 0, 0, 0, 0, 0]",2600,0.0,0.7411438038162643,4.173290923524601,90.0,0.0,4.4118482665793834,0.0,0.0,0.0,0.0,0.0,0.0
image_02601.png,1,"[0, 0, 0, 0, 0, 0]",2601,0.0,9.550089982003612,3.3450755162493317,0.0,0.0,-6.762968075763769,0.0,0.0,0.0,0.0,0.0,0.0
image_02602.png,1,"[0, 0, 0, 0, 0, 0]",2602,0.0,-7.182290387947347,4.75295281696926,90.0,0.0,-3.581494341080767,0.0,0.0,0.0,0.0,0.0,0.0
image_02603.png,1,"[0, 0, 0, 0, 0, 0]",2603,0.0,9.742051589682092,5.024455130693327,0.0,0.0,4.635212541079974,0.0,0.0,0.0,0.0,0.0,0.0
image_02604.png,1,"[0, 0, 0, 0, 0, 0]",2604,0.0,-1.5469173501389548,1.7909070050096805,90.0,0.0,-5.600776312453109,0.0,0.0,0.0,0.0,0.0,0.0
image_02605.png,1,"[0, 0, 0, 0, 0, 0]",2605,0.0,0.24847228357904072,5.295536931168603,90.0,0.0,12.431300926026044,0.0,0.0,0.0,0.0,0.0,0.0
image_02606.png,1,"[0, 0, 0, 0, 0, 0]",2606,0.0,-7.258317593343605,1.3214739401912912,90.0,0.0,-8.982061259004924,0.0,0.0,0.0,0.0,0.0,0.0
image_02607.png,1,"[0, 0, 0, 0, 0, 0]",2607,0.0,8.088865471490251,-1.3452275306307468,90.0,0.0,-11.389351653960535,0.0,0.0,0.0,0.0,0.0,0.0
image_02608.png,1,"[0, 0, 0, 0, 0, 0]",2608,0.0,8.085778500999027,-0.07007245158506747,90.0,0.0,-8.39598012876618,0.0,0.0,0.0,0.0,0.0,0.0
image_02609.png,1,"[0, 0, 0, 0, 0, 0]",2609,0.0,1.5708102795085779,5.265969205582359,90.0,0.0,-0.9860768641860723,0.0,0.0,0.0,0.0,0.0,0.0
image_02610.png,1,"[0, 0, 0, 0, 0, 0]",2610,0.0,1.5878905699840757,1.9699312888368725,90.0,0.0,-11.827475600228636,0.0,0.0,0.0,0.0,0.0,0.0
image_02611.png,1,"[0, 0, 0, 0, 0, 0]",2611,0.0,6.840566122271319,1.3255764755478778,90.0,0.0,6.070647989282245,0.0,0.0,0.0,0.0,0.0,0.0
image_02612.png,1,"[0, 0, 0, 0, 0, 0]",2612,0.0,-8.597999138523178,-0.2471308054739365,90.0,0.0,11.680643401371766,0.0,0.0,0.0,0.0,0.0,0.0
image_02613.png,1,"[0, 0, 0, 0, 0, 0]",2613,0.0,1.302219821698273,-1.3976279129884144,90.0,0.0,-5.237200742258165,0.0,0.0,0.0,0.0,0.0,0.0
image_02614.png,1,"[0, 0, 0, 0, 0, 0]",2614,0.0,7.609060445355027,1.478109259690957,90.0,0.0,-8.920757123887826,0.0,0.0,0.0,0.0,0.0,0.0
image_02615.png,1,"[0, 0, 0, 0, 0, 0]",2615,0.0,8.17045844997201,4.376924163792755,90.0,0.0,-6.764556395142325,0.0,0.0,0.0,0.0,0.0,0.0
image_02616.png,1,"[0, 0, 0, 0, 0, 0]",2616,0.0,10.989802039592092,4.316732797035322,0.0,0.0,9.902594724824603,0.0,0.0,0.0,0.0,0.0,0.0
image_02617.png,1,"[0, 0, 0, 0, 0, 0]",2617,0.0,5.025231384506441,3.6828132053034324,90.0,0.0,7.986877010739574,0.0,0.0,0.0,0.0,0.0,0.0
image_02618.png,1,"[0, 0, 0, 0, 0, 0]",2618,0.0,3.957884622127793,1.3325661522986882,90.0,0.0,3.3866712018021574,0.0,0.0,0.0,0.0,0.0,0.0
image_02619.png,1,"[0, 0, 0, 0, 0, 0]",2619,0.0,2.281130518344618,0.01953168297969654,90.0,0.0,2.452939616551483,0.0,0.0,0.0,0.0,0.0,0.0
image_02620.png,1,"[0, 0, 0, 0, 0, 0]",2620,0.0,5.06325654328824,3.0960229490768727,90.0,0.0,2.020257337697691,0.0,0.0,0.0,0.0,0.0,0.0
image_02621.png,1,"[0, 0, 0, 0, 0, 0]",2621,0.0,-6.4790720384397815,4.3405272933891945,90.0,0.0,11.96841558535115,0.0,0.0,0.0,0.0,0.0,0.0
image_02622.png,1,"[0, 0, 0, 0, 0, 0]",2622,0.0,-10.799138739346361,4.5294968351437515,90.0,0.0,-7.504771981001761,0.0,0.0,0.0,0.0,0.0,0.0
image_02623.png,1,"[0, 0, 0, 0, 0, 0]",2623,0.0,10.429125851167214,3.645186681874657,90.0,0.0,-1.6573565663403105,0.0,0.0,0.0,0.0,0.0,0.0
image_02624.png,1,"[0, 0, 0, 0, 0, 0]",2624,0.0,-5.867882471617506,1.191466273447182,90.0,0.0,6.626392744728375,0.0,0.0,0.0,0.0,0.0,0.0
image_02625.png,1,"[0, 0, 0, 0, 0, 0]",2625,0.0,2.017271440438293,-1.0165794695142119,90.0,0.0,16.93680707468584,0.0,0.0,0.0,0.0,0.0,0.0
image_02626.png,1,"[0, 0, 0, 0, 0, 0]",2626,0.0,3.893199569232337,0.6192185411618145,90.0,0.0,-0.7193617081416029,0.0,0.0,0.0,0.0,0.0,0.0
image_02627.png,1,"[0, 0, 0, 0, 0, 0]",2627,0.0,0.3323889528698629,4.572994541671552,90.0,0.0,-10.701680319817262,0.0,0.0,0.0,0.0,0.0,0.0
image_02628.png,1,"[0, 0, 0, 0, 0, 0]",2628,0.0,5.628001511783083,-0.29311207786730265,90.0,0.0,-0.8946595226406541,0.0,0.0,0.0,0.0,0.0,0.0
image_02629.png,1,"[0, 0, 0, 0, 0, 0]",2629,0.0,-0.3814326280734974,-1.397445281753456,90.0,0.0,-0.07177031966662699,0.0,0.0,0.0,0.0,0.0,0.0
image_02630.png,1,"[0, 0, 0, 0, 0, 0]",2630,0.0,-12.283858578487823,0.6425550103145854,90.0,0.0,-4.52048445256772,0.0,0.0,0.0,0.0,0.0,0.0
image_02631.png,1,"[0, 0, 0, 0, 0, 0]",2631,0.0,12.429514097180572,-1.5335401231189736,0.0,0.0,-4.848179906920946,0.0,0.0,0.0,0.0,0.0,0.0
image_02632.png,1,"[0, 0, 0, 0, 0, 0]",2632,0.0,12.525494901019812,-1.7624458728371262,0.0,0.0,-3.035928771719434,0.0,0.0,0.0,0.0,0.0,0.0
image_02633.png,1,"[0, 0, 0, 0, 0, 0]",2633,0.0,-6.875893368869541,4.160049695796546,90.0,0.0,11.013802311272167,0.0,0.0,0.0,0.0,0.0,0.0
image_02634.png,1,"[0, 0, 0, 0, 0, 0]",2634,0.0,-6.960695848572385,0.7060592957925711,90.0,0.0,2.0900915097214092,0.0,0.0,0.0,0.0,0.0,0.0
image_02635.png,1,"[0, 0, 0, 0, 0, 0]",2635,0.0,8.05158729536219,2.5637063934035353,90.0,0.0,-6.562556575742879,0.0,0.0,0.0,0.0,0.0,0.0
image_02636.png,1,"[0, 0, 0, 0, 0, 0]",2636,0.0,-9.684462231380266,-0.9045785238853623,90.0,0.0,2.5090653693634586,0.0,0.0,0.0,0.0,0.0,0.0
image_02637.png,1,"[0, 0, 0, 0, 0, 0]",2637,0.0,-10.113417091328671,2.803455847011894,90.0,0.0,-9.147111757337182,0.0,0.0,0.0,0.0,0.0,0.0
image_02638.png,1,"[0, 0, 0, 0, 0, 0]",2638,0.0,1.4732289235521279,1.9027805563826306,90.0,0.0,-1.774567214963735,0.0,0.0,0.0,0.0,0.0,0.0
image_02639.png,1,"[0, 0, 0, 0, 0, 0]",2639,0.0,2.335672938471191,2.508174455213071,90.0,0.0,5.55570047433512,0.0,0.0,0.0,0.0,0.0,0.0
image_02640.png,1,"[0, 0, 0, 0, 0, 0]",2640,0.0,-7.399468720606578,2.8323056996441185,90.0,0.0,-1.9773844944758612,0.0,0.0,0.0,0.0,0.0,0.0
image_02641.png,1,"[0, 0, 0, 0, 0, 0]",2641,0.0,-3.473698910288725,3.319686552817439,90.0,0.0,1.5249986063055285,0.0,0.0,0.0,0.0,0.0,0.0
image_02642.png,1,"[0, 0, 0, 0, 0, 0]",2642,0.0,5.601136905975515,5.264358891694618,90.0,0.0,-10.917193617298636,0.0,0.0,0.0,0.0,0.0,0.0
image_02643.png,1,"[0, 0, 0, 0, 0, 0]",2643,0.0,-3.7707208810826955,3.4040084093297907,90.0,0.0,3.119514401180268,0.0,0.0,0.0,0.0,0.0,0.0
image_02644.png,1,"[0, 0, 0, 0, 0, 0]",2644,0.0,6.875358288401202,0.05239836262582864,90.0,0.0,-3.9446800140715745,0.0,0.0,0.0,0.0,0.0,0.0
image_02645.png,1,"[0, 0, 0, 0, 0, 0]",2645,0.0,5.981531744384753,2.4034025067370477,90.0,0.0,-8.606669153659945,0.0,0.0,0.0,0.0,0.0,0.0
image_02646.png,1,"[0, 0, 0, 0, 0, 0]",2646,0.0,-0.8355429713280316,-0.7022910448470967,90.0,0.0,2.031861038461738,0.0,0.0,0.0,0.0,0.0,0.0
image_02647.png,1,"[0, 0, 0, 0, 0, 0]",2647,0.0,-10.053567925823103,-0.5545679527820264,90.0,0.0,8.474094345709995,0.0,0.0,0.0,0.0,0.0,0.0
image_02648.png,1,"[0, 0, 0, 0, 0, 0]",2648,0.0,5.24209555136089,0.8009166371835272,90.0,0.0,7.181382752274288,0.0,0.0,0.0,0.0,0.0,0.0
image_02649.png,1,"[0, 0, 0, 0, 0, 0]",2649,0.0,4.1991177769782055,0.2769344249344341,90.0,0.0,5.170462750090741,0.0,0.0,0.0,0.0,0.0,0.0
image_02650.png,1,"[0, 0, 0, 0, 0, 0]",2650,0.0,6.671423649262081,1.9169603913393503,90.0,0.0,-1.1755260677394088,0.0,0.0,0.0,0.0,0.0,0.0
image_02651.png,1,"[0, 0, 0, 0, 0, 0]",2651,0.0,-5.410322657446301,-1.1285471446508408,90.0,0.0,4.797124039205566,0.0,0.0,0.0,0.0,0.0,0.0
image_02652.png,1,"[0, 0, 0, 0, 0, 0]",2652,0.0,1.3510176021092235,1.529445360981721,90.0,0.0,0.445976980757758,0.0,0.0,0.0,0.0,0.0,0.0
image_02653.png,1,"[0, 0, 0, 0, 0, 0]",2653,0.0,6.309623578845752,2.544230146788288,90.0,0.0,1.5859875588833785,0.0,0.0,0.0,0.0,0.0,0.0
image_02654.png,1,"[0, 0, 0, 0, 0, 0]",2654,0.0,11.96164584039279,-1.2592761872038587,90.0,0.0,6.121674784948291,0.0,0.0,0.0,0.0,0.0,0.0
image_02655.png,1,"[0, 0, 0, 0, 0, 0]",2655,0.0,6.1667222134368345,0.9008327405641223,90.0,0.0,-0.38677446430045287,0.0,0.0,0.0,0.0,0.0,0.0
image_02656.png,1,"[0, 0, 0, 0, 0, 0]",2656,0.0,-8.573142426964424,5.335363152136276,90.0,0.0,2.5141994028537784,0.0,0.0,0.0,0.0,0.0,0.0
image_02657.png,1,"[0, 0, 0, 0, 0, 0]",2657,0.0,-11.780464154712263,1.216523061974708,90.0,0.0,-2.7520901027878857,0.0,0.0,0.0,0.0,0.0,0.0
image_02658.png,1,"[0, 0, 0, 0, 0, 0]",2658,0.0,-1.8469028228653954,3.098965649770002,90.0,0.0,-4.698925818201353,0.0,0.0,0.0,0.0,0.0,0.0
image_02659.png,1,"[0, 0, 0, 0, 0, 0]",2659,0.0,6.015215179378814,2.79598620069651,90.0,0.0,0.9611138280307943,0.0,0.0,0.0,0.0,0.0,0.0
image_02660.png,1,"[0, 0, 0, 0, 0, 0]",2660,0.0,8.429172284454424,1.0170309681180965,90.0,0.0,-8.825575706116108,0.0,0.0,0.0,0.0,0.0,0.0
image_02661.png,1,"[0, 0, 0, 0, 0, 0]",2661,0.0,0.4719993683983148,0.3668104004121293,90.0,0.0,-0.3012442365155447,0.0,0.0,0.0,0.0,0.0,0.0
image_02662.png,1,"[0, 0, 0, 0, 0, 0]",2662,0.0,0.9553831783345714,2.377729970721048,90.0,0.0,17.481126151115898,0.0,0.0,0.0,0.0,0.0,0.0
image_02663.png,1,"[0, 0, 0, 0, 0, 0]",2663,0.0,13.898712435042214,0.8489096881408713,90.0,0.0,-15.564973806059202,0.0,0.0,0.0,0.0,0.0,0.0
image_02664.png,1,"[0, 0, 0, 0, 0, 0]",2664,0.0,1.5609759570450095,3.2397920161206732,90.0,0.0,6.940127097886711,0.0,0.0,0.0,0.0,0.0,0.0
image_02665.png,1,"[0, 0, 0, 0, 0, 0]",2665,0.0,1.5432595717895197,1.361374114203226,90.0,0.0,-14.829986527276594,0.0,0.0,0.0,0.0,0.0,0.0
image_02666.png,1,"[0, 0, 0, 0, 0, 0]",2666,0.0,-7.952350849052607,1.508977558010907,90.0,0.0,-2.1867915328869585,0.0,0.0,0.0,0.0,0.0,0.0
image_02667.png,1,"[0, 0, 0, 0, 0, 0]",2667,0.0,4.532505373589494,4.005563899409311,90.0,0.0,20.0,0.0,0.0,0.0,0.0,0.0,0.0
image_02668.png,1,"[0, 0, 0, 0, 0, 0]",2668,0.0,4.2483183348234945,4.42255073492993,90.0,0.0,-8.019061604824147,0.0,0.0,0.0,0.0,0.0,0.0
image_02669.png,1,"[0, 0, 0, 0, 0, 0]",2669,0.0,-6.387802233308079,4.077949830569778,90.0,0.0,3.426118413677318,0.0,0.0,0.0,0.0,0.0,0.0
image_02670.png,1,"[0, 0, 0, 0, 0, 0]",2670,0.0,12.461878209537169,3.635087396333505,90.0,0.0,-5.026419072831223,0.0,0.0,0.0,0.0,0.0,0.0
image_02671.png,1,"[0, 0, 0, 0, 0, 0]",2671,0.0,7.721134165122564,1.2366722570500812,90.0,0.0,13.180747883402857,0.0,0.0,0.0,0.0,0.0,0.0
image_02672.png,1,"[0, 0, 0, 0, 0, 0]",2672,0.0,1.7191872325954165,-0.3948049074660067,90.0,0.0,3.1045285297045266,0.0,0.0,0.0,0.0,0.0,0.0
image_02673.png,1,"[0, 0, 0, 0, 0, 0]",2673,0.0,0.5722497799614246,0.7831862896042692,90.0,0.0,2.3323779547490675,0.0,0.0,0.0,0.0,0.0,0.0
image_02674.png,1,"[0, 0, 0, 0, 0, 0]",2674,0.0,-0.3506569924273677,1.921146305806944,90.0,0.0,6.368353759149326,0.0,0.0,0.0,0.0,0.0,0.0
image_02675.png,1,"[0, 0, 0, 0, 0, 0]",2675,0.0,-0.1675332232131268,-1.2511133907860807,90.0,0.0,-0.7812638257691347,0.0,0.0,0.0,0.0,0.0,0.0
image_02676.png,1,"[0, 0, 0, 0, 0, 0]",2676,0.0,12.483407342712049,0.3424012154204723,90.0,0.0,-0.3643145935530974,0.0,0.0,0.0,0.0,0.0,0.0
image_02677.png,1,"[0, 0, 0, 0, 0, 0]",2677,0.0,1.217675054386163,5.048918099109694,90.0,0.0,-4.496976592194908,0.0,0.0,0.0,0.0,0.0,0.0
image_02678.png,1,"[0, 0, 0, 0, 0, 0]",2678,0.0,-3.0303917484898335,0.7353676995395158,90.0,0.0,-11.661552935962362,0.0,0.0,0.0,0.0,0.0,0.0
image_02679.png,1,"[0, 0, 0, 0, 0, 0]",2679,0.0,13.312448005078835,1.347937668656293,90.0,0.0,-2.562402442455036,0.0,0.0,0.0,0.0,0.0,0.0
image_02680.png,1,"[0, 0, 0, 0, 0, 0]",2680,0.0,-7.438576717980496,-1.5387073848951733,90.0,0.0,17.281682947081006,0.0,0.0,0.0,0.0,0.0,0.0
image_02681.png,1,"[0, 0, 0, 0, 0, 0]",2681,0.0,-7.319212298861373,0.7017936742973667,90.0,0.0,-3.1925593390669356,0.0,0.0,0.0,0.0,0.0,0.0
image_02682.png,1,"[0, 0, 0, 0, 0, 0]",2682,0.0,6.3016850071207315,2.9930442465389806,90.0,0.0,3.780646818357146,0.0,0.0,0.0,0.0,0.0,0.0
image_02683.png,1,"[0, 0, 0, 0, 0, 0]",2683,0.0,-5.922616062933514,-0.871166924535471,90.0,0.0,-1.0669618459023489,0.0,0.0,0.0,0.0,0.0,0.0
image_02684.png,1,"[0, 0, 0, 0, 0, 0]",2684,0.0,13.814705148294124,1.197915312682758,90.0,0.0,2.1412821043774475,0.0,0.0,0.0,0.0,0.0,0.0
image_02685.png,1,"[0, 0, 0, 0, 0, 0]",2685,0.0,-5.464059247935083,1.7078056091245024,90.0,0.0,12.702378249008099,0.0,0.0,0.0,0.0,0.0,0.0
image_02686.png,1,"[0, 0, 0, 0, 0, 0]",2686,0.0,2.4116860909825064,3.3158127014232095,90.0,0.0,-18.31781201034293,0.0,0.0,0.0,0.0,0.0,0.0
image_02687.png,1,"[0, 0, 0, 0, 0, 0]",2687,0.0,-13.13178842978013,0.2186032292304816,90.0,0.0,-0.5790891788003986,0.0,0.0,0.0,0.0,0.0,0.0
image_02688.png,1,"[0, 0, 0, 0, 0, 0]",2688,0.0,-5.420003716301494,4.739507472350904,90.0,0.0,1.9472820484606495,0.0,0.0,0.0,0.0,0.0,0.0
image_02689.png,1,"[0, 0, 0, 0, 0, 0]",2689,0.0,7.373981791451023,2.2732597694193473,90.0,0.0,-7.619325129557317,0.0,0.0,0.0,0.0,0.0,0.0
image_02690.png,1,"[0, 0, 0, 0, 0, 0]",2690,0.0,1.6822005101532937,4.556720854821268,90.0,0.0,-19.280993037285977,0.0,0.0,0.0,0.0,0.0,0.0
image_02691.png,1,"[0, 0, 0, 0, 0, 0]",2691,0.0,11.255810088339594,4.774705588447908,90.0,0.0,-17.300725438803102,0.0,0.0,0.0,0.0,0.0,0.0
image_02692.png,1,"[0, 0, 0, 0, 0, 0]",2692,0.0,5.200402966501194,1.8132141874097538,90.0,0.0,-0.9015635122030065,0.0,0.0,0.0,0.0,0.0,0.0
image_02693.png,1,"[0, 0, 0, 0, 0, 0]",2693,0.0,-4.913879563425283,3.77060686970798,90.0,0.0,7.4756688557189035,0.0,0.0,0.0,0.0,0.0,0.0
image_02694.png,1,"[0, 0, 0, 0, 0, 0]",2694,0.0,-13.175150129230232,4.0356498228355075,90.0,0.0,-0.9263342608520927,0.0,0.0,0.0,0.0,0.0,0.0
image_02695.png,1,"[0, 0, 0, 0, 0, 0]",2695,0.0,-10.49754747730151,-1.356212421264819,90.0,0.0,-4.092588972719464,0.0,0.0,0.0,0.0,0.0,0.0
image_02696.png,1,"[0, 0, 0, 0, 0, 0]",2696,0.0,-2.728083304257524,0.5650972476141454,90.0,0.0,5.986613220659331,0.0,0.0,0.0,0.0,0.0,0.0
image_02697.png,1,"[0, 0, 0, 0, 0, 0]",2697,0.0,2.062965225568732,3.8855381028563922,90.0,0.0,-8.55439910618756,0.0,0.0,0.0,0.0,0.0,0.0
image_02698.png,1,"[0, 0, 0, 0, 0, 0]",2698,0.0,3.986900931222472,-1.3447758287179292,90.0,0.0,-16.434795133142995,0.0,0.0,0.0,0.0,0.0,0.0
image_02699.png,1,"[0, 0, 0, 0, 0, 0]",2699,0.0,-8.9090459492012,4.6554308028518445,90.0,0.0,-0.9849357582485587,0.0,0.0,0.0,0.0,0.0,0.0
image_02700.png,1,"[0, 0, 0, 0, 0, 0]",2700,0.0,1.4111575596195394,2.238246022003768,90.0,0.0,-8.320008523487905,0.0,0.0,0.0,0.0,0.0,0.0
image_02701.png,1,"[0, 0, 0, 0, 0, 0]",2701,0.0,5.76710961754479,1.031157414683515,90.0,0.0,-1.8410949293313987,0.0,0.0,0.0,0.0,0.0,0.0
image_02702.png,1,"[0, 0, 0, 0, 0, 0]",2702,0.0,2.111680179754842,2.0775548461055235,90.0,0.0,8.222294013344248,0.0,0.0,0.0,0.0,0.0,0.0
image_02703.png,1,"[0, 0, 0, 0, 0, 0]",2703,0.0,6.800357496834984,1.6059632996206652,90.0,0.0,3.7530316975863154,0.0,0.0,0.0,0.0,0.0,0.0
image_02704.png,1,"[0, 0, 0, 0, 0, 0]",2704,0.0,8.842408042991195,3.9935437097487734,90.0,0.0,-8.442445937259867,0.0,0.0,0.0,0.0,0.0,0.0
image_02705.png,1,"[0, 0, 0, 0, 0, 0]",2705,0.0,8.762648821871913,-1.4510330539719143,90.0,0.0,-1.2812547999409947,0.0,0.0,0.0,0.0,0.0,0.0
image_02706.png,1,"[0, 0, 0, 0, 0, 0]",2706,0.0,3.759839132116589,2.691722265095021,90.0,0.0,-6.881989282682194,0.0,0.0,0.0,0.0,0.0,0.0
image_02707.png,1,"[0, 0, 0, 0, 0, 0]",2707,0.0,-0.03393857515154508,3.618849625985084,90.0,0.0,18.449296744101897,0.0,0.0,0.0,0.0,0.0,0.0
image_02708.png,1,"[0, 0, 0, 0, 0, 0]",2708,0.0,6.289821588788726,1.831712178852507,90.0,0.0,10.92530066514378,0.0,0.0,0.0,0.0,0.0,0.0
image_02709.png,1,"[0, 0, 0, 0, 0, 0]",2709,0.0,-0.07337888365407963,2.751514707993059,90.0,0.0,-0.30677175292198966,0.0,0.0,0.0,0.0,0.0,0.0
image_02710.png,1,"[0, 0, 0, 0, 0, 0]",2710,0.0,1.248743474617413,-1.688259639485421,90.0,0.0,-8.983535066667844,0.0,0.0,0.0,0.0,0.0,0.0
image_02711.png,1,"[0, 0, 0, 0, 0, 0]",2711,0.0,0.6684554700015681,1.6450349779417488,90.0,0.0,-6.5731587444991915,0.0,0.0,0.0,0.0,0.0,0.0
image_02712.png,1,"[0, 0, 0, 0, 0, 0]",2712,0.0,1.0642736023307293,0.5653999025195944,90.0,0.0,-1.9813843506373603,0.0,0.0,0.0,0.0,0.0,0.0
image_02713.png,1,"[0, 0, 0, 0, 0, 0]",2713,0.0,-11.88446676779239,2.8599696392253318,90.0,0.0,-11.425646699565906,0.0,0.0,0.0,0.0,0.0,0.0
image_02714.png,1,"[0, 0, 0, 0, 0, 0]",2714,0.0,-11.000150715886335,2.6854524433174882,90.0,0.0,1.0062261537316113,0.0,0.0,0.0,0.0,0.0,0.0
image_02715.png,1,"[0, 0, 0, 0, 0, 0]",2715,0.0,-7.618043564865303,5.187824609563604,90.0,0.0,2.5924013317325536,0.0,0.0,0.0,0.0,0.0,0.0
image_02716.png,1,"[0, 0, 0, 0, 0, 0]",2716,0.0,9.922867290144026,2.3820488431243074,90.0,0.0,-7.282945244472897,0.0,0.0,0.0,0.0,0.0,0.0
image_02717.png,1,"[0, 0, 0, 0, 0, 0]",2717,0.0,-13.964271592456825,0.45184678614688334,90.0,0.0,0.8174606036017847,0.0,0.0,0.0,0.0,0.0,0.0
image_02718.png,1,"[0, 0, 0, 0, 0, 0]",2718,0.0,10.749109255433012,3.3286421924705545,90.0,0.0,5.350334277238729,0.0,0.0,0.0,0.0,0.0,0.0
image_02719.png,1,"[0, 0, 0, 0, 0, 0]",2719,0.0,5.970212135015245,0.25058644364387916,90.0,0.0,12.144155794784712,0.0,0.0,0.0,0.0,0.0,0.0
image_02720.png,1,"[0, 0, 0, 0, 0, 0]",2720,0.0,4.048645246858328,0.938835608571329,90.0,0.0,-16.26730425076767,0.0,0.0,0.0,0.0,0.0,0.0
image_02721.png,1,"[0, 0, 0, 0, 0, 0]",2721,0.0,-3.222901986370161,1.3758319111521558,90.0,0.0,-6.146407954238891,0.0,0.0,0.0,0.0,0.0,0.0
image_02722.png,1,"[0, 0, 0, 0, 0, 0]",2722,0.0,9.351299113794596,5.179857350605409,90.0,0.0,-12.060260157338238,0.0,0.0,0.0,0.0,0.0,0.0
image_02723.png,1,"[0, 0, 0, 0, 0, 0]",2723,0.0,10.153271146076406,-1.755064386111577,90.0,0.0,-12.60737610140818,0.0,0.0,0.0,0.0,0.0,0.0
image_02724.png,1,"[0, 0, 0, 0, 0, 0]",2724,0.0,-1.7109496581119004,3.525916433278681,90.0,0.0,-11.142139244509194,0.0,0.0,0.0,0.0,0.0,0.0
image_02725.png,1,"[0, 0, 0, 0, 0, 0]",2725,0.0,-4.399395442102801,4.314682645241952,90.0,0.0,-10.47778220761788,0.0,0.0,0.0,0.0,0.0,0.0
image_02726.png,1,"[0, 0, 0, 0, 0, 0]",2726,0.0,-3.6214146334770305,0.08215089716549429,90.0,0.0,-8.607955937726855,0.0,0.0,0.0,0.0,0.0,0.0
image_02727.png,1,"[0, 0, 0, 0, 0, 0]",2727,0.0,4.170902500387676,3.194167507272568,90.0,0.0,-4.9263529937961055,0.0,0.0,0.0,0.0,0.0,0.0
image_02728.png,1,"[0, 0, 0, 0, 0, 0]",2728,0.0,-4.963777262931785,3.3728312151404065,90.0,0.0,-0.23978168248337337,0.0,0.0,0.0,0.0,0.0,0.0
image_02729.png,1,"[0, 0, 0, 0, 0, 0]",2729,0.0,5.920208320224532,-0.3694395340811587,90.0,0.0,3.7283782065900692,0.0,0.0,0.0,0.0,0.0,0.0
image_02730.png,1,"[0, 0, 0, 0, 0, 0]",2730,0.0,-3.4424794825497216,1.53866429173473,90.0,0.0,9.67591580938566,0.0,0.0,0.0,0.0,0.0,0.0
image_02731.png,1,"[0, 0, 0, 0, 0, 0]",2731,0.0,-8.637342074372924,3.476290225852533,90.0,0.0,-8.796255920142517,0.0,0.0,0.0,0.0,0.0,0.0
image_02732.png,1,"[0, 0, 0, 0, 0, 0]",2732,0.0,6.573268300419834,5.4980188653892315,90.0,0.0,-16.55868995020238,0.0,0.0,0.0,0.0,0.0,0.0
image_02733.png,1,"[0, 0, 0, 0, 0, 0]",2733,0.0,-6.999343919630206,3.113711640282709,90.0,0.0,3.3386713106473005,0.0,0.0,0.0,0.0,0.0,0.0
image_02734.png,1,"[0, 0, 0, 0, 0, 0]",2734,0.0,3.672977565474696,4.686239781007334,90.0,0.0,0.18496080887487967,0.0,0.0,0.0,0.0,0.0,0.0
image_02735.png,1,"[0, 0, 0, 0, 0, 0]",2735,0.0,-11.375742714319458,2.787986848951898,90.0,0.0,-1.5626407876724606,0.0,0.0,0.0,0.0,0.0,0.0
image_02736.png,1,"[0, 0, 0, 0, 0, 0]",2736,0.0,6.217384190346202,1.3948096006758415,90.0,0.0,0.7955399533921076,0.0,0.0,0.0,0.0,0.0,0.0
image_02737.png,1,"[0, 0, 0, 0, 0, 0]",2737,0.0,8.069155972426223,4.503860229434091,90.0,0.0,1.52385495589482,0.0,0.0,0.0,0.0,0.0,0.0
image_02738.png,1,"[0, 0, 0, 0, 0, 0]",2738,0.0,7.237868066345008,0.24689443626365248,90.0,0.0,5.404749832253519,0.0,0.0,0.0,0.0,0.0,0.0
image_02739.png,1,"[0, 0, 0, 0, 0, 0]",2739,0.0,2.5515800909274375,2.587349822309023,90.0,0.0,-13.565053055950376,0.0,0.0,0.0,0.0,0.0,0.0
image_02740.png,1,"[0, 0, 0, 0, 0, 0]",2740,0.0,-2.3881099712276566,2.706572301091021,90.0,0.0,0.20787248856737361,0.0,0.0,0.0,0.0,0.0,0.0
image_02741.png,1,"[0, 0, 0, 0, 0, 0]",2741,0.0,-3.9949617928587102,5.042969667125132,90.0,0.0,8.662095291843386,0.0,0.0,0.0,0.0,0.0,0.0
image_02742.png,1,"[0, 0, 0, 0, 0, 0]",2742,0.0,1.8201755765301613,3.7616888034436897,90.0,0.0,0.6237035231936622,0.0,0.0,0.0,0.0,0.0,0.0
image_02743.png,1,"[0, 0, 0, 0, 0, 0]",2743,0.0,12.844051195970437,2.8739625225749226,90.0,0.0,15.135928494773207,0.0,0.0,0.0,0.0,0.0,0.0
image_02744.png,1,"[0, 0, 0, 0, 0, 0]",2744,0.0,0.4076482967391897,0.9828035256416277,90.0,0.0,-2.588388915775751,0.0,0.0,0.0,0.0,0.0,0.0
image_02745.png,1,"[0, 0, 0, 0, 0, 0]",2745,0.0,2.118122539928372,5.177841504684165,90.0,0.0,-2.06618376299163,0.0,0.0,0.0,0.0,0.0,0.0
image_02746.png,1,"[0, 0, 0, 0, 0, 0]",2746,0.0,4.862035882620361,2.2699497056387443,90.0,0.0,-16.57607289209678,0.0,0.0,0.0,0.0,0.0,0.0
image_02747.png,1,"[0, 0, 0, 0, 0, 0]",2747,0.0,4.466798508852989,-0.4552666994788417,90.0,0.0,-5.067575282654093,0.0,0.0,0.0,0.0,0.0,0.0
image_02748.png,1,"[0, 0, 0, 0, 0, 0]",2748,0.0,2.0681737815798016,4.1059348371228435,90.0,0.0,6.2707266058064945,0.0,0.0,0.0,0.0,0.0,0.0
image_02749.png,1,"[0, 0, 0, 0, 0, 0]",2749,0.0,10.758954599344356,-1.1770266589309968,90.0,0.0,-12.470192200019971,0.0,0.0,0.0,0.0,0.0,0.0
image_02750.png,1,"[0, 0, 0, 0, 0, 0]",2750,0.0,8.301736381391528,1.9772692624088863,90.0,0.0,3.7094115288967706,0.0,0.0,0.0,0.0,0.0,0.0
image_02751.png,1,"[0, 0, 0, 0, 0, 0]",2751,0.0,-4.610766433348303,-0.5967710755477276,90.0,0.0,-5.48594788819955,0.0,0.0,0.0,0.0,0.0,0.0
image_02752.png,1,"[0, 0, 0, 0, 0, 0]",2752,0.0,-13.187380249787964,-1.3314163086234414,90.0,0.0,-13.21962926078898,0.0,0.0,0.0,0.0,0.0,0.0
image_02753.png,1,"[0, 0, 0, 0, 0, 0]",2753,0.0,12.276238467316674,3.914281262438644,90.0,0.0,-0.9714676208814528,0.0,0.0,0.0,0.0,0.0,0.0
image_02754.png,1,"[0, 0, 0, 0, 0, 0]",2754,0.0,-10.975044989457118,-0.9611176843562022,90.0,0.0,2.1800713187621303,0.0,0.0,0.0,0.0,0.0,0.0
image_02755.png,1,"[0, 0, 0, 0, 0, 0]",2755,0.0,3.56031701812762,-1.5006831441821715,90.0,0.0,16.845256777234653,0.0,0.0,0.0,0.0,0.0,0.0
image_02756.png,1,"[0, 0, 0, 0, 0, 0]",2756,0.0,5.600002814372225,4.56694736547167,90.0,0.0,3.162186548692116,0.0,0.0,0.0,0.0,0.0,0.0
image_02757.png,1,"[0, 0, 0, 0, 0, 0]",2757,0.0,0.578348474251996,-0.5077801105555393,90.0,0.0,5.572646407315897,0.0,0.0,0.0,0.0,0.0,0.0
image_02758.png,1,"[0, 0, 0, 0, 0, 0]",2758,0.0,1.1621857076068949,0.5031015578905929,90.0,0.0,1.7635237862157944,0.0,0.0,0.0,0.0,0.0,0.0
image_02759.png,1,"[0, 0, 0, 0, 0, 0]",2759,0.0,13.61355911415668,5.179695904545967,90.0,0.0,-13.122684049310191,0.0,0.0,0.0,0.0,0.0,0.0
image_02760.png,1,"[0, 0, 0, 0, 0, 0]",2760,0.0,-2.610484612093245,2.47110658219447,90.0,0.0,0.9743811516782269,0.0,0.0,0.0,0.0,0.0,0.0
image_02761.png,1,"[0, 0, 0, 0, 0, 0]",2761,0.0,0.4803323509551518,2.7065708704137412,90.0,0.0,3.3635767363644486,0.0,0.0,0.0,0.0,0.0,0.0
image_02762.png,1,"[0, 0, 0, 0, 0, 0]",2762,0.0,0.710649679756294,4.6439231079765735,90.0,0.0,13.625352732699003,0.0,0.0,0.0,0.0,0.0,0.0
image_02763.png,1,"[0, 0, 0, 0, 0, 0]",2763,0.0,3.6888492391049965,4.237591514752242,90.0,0.0,12.286044321379588,0.0,0.0,0.0,0.0,0.0,0.0
image_02764.png,1,"[0, 0, 0, 0, 0, 0]",2764,0.0,2.318898617348907,3.3263697685038096,90.0,0.0,-1.205786585871596,0.0,0.0,0.0,0.0,0.0,0.0
image_02765.png,1,"[0, 0, 0, 0, 0, 0]",2765,0.0,5.533446973780713,-0.3580151992569849,90.0,0.0,-13.542407111347238,0.0,0.0,0.0,0.0,0.0,0.0
image_02766.png,1,"[0, 0, 0, 0, 0, 0]",2766,0.0,-5.141671701289965,-0.9005643363841132,90.0,0.0,3.0403222320899794,0.0,0.0,0.0,0.0,0.0,0.0
image_02767.png,1,"[0, 0, 0, 0, 0, 0]",2767,0.0,9.383596804477392,1.8875902933878224,90.0,0.0,13.503018857474615,0.0,0.0,0.0,0.0,0.0,0.0
image_02768.png,1,"[0, 0, 0, 0, 0, 0]",2768,0.0,-11.270082724381538,0.5174113592720584,90.0,0.0,-9.927592663001978,0.0,0.0,0.0,0.0,0.0,0.0
image_02769.png,1,"[0, 0, 0, 0, 0, 0]",2769,0.0,-11.220410228096299,-1.0704008342317646,90.0,0.0,8.111756615977377,0.0,0.0,0.0,0.0,0.0,0.0
image_02770.png,1,"[0, 0, 0, 0, 0, 0]",2770,0.0,11.358348351477773,2.021335949575106,90.0,0.0,0.9516054245885238,0.0,0.0,0.0,0.0,0.0,0.0
image_02771.png,1,"[0, 0, 0, 0, 0, 0]",2771,0.0,-4.512026886359365,3.30540337059783,90.0,0.0,-7.108656076918774,0.0,0.0,0.0,0.0,0.0,0.0
image_02772.png,1,"[0, 0, 0, 0, 0, 0]",2772,0.0,13.348992645816637,2.823878161265175,90.0,0.0,-2.22610636286536,0.0,0.0,0.0,0.0,0.0,0.0
image_02773.png,1,"[0, 0, 0, 0, 0, 0]",2773,0.0,-10.839652911271727,5.027889478944101,90.0,0.0,3.0737555605050395,0.0,0.0,0.0,0.0,0.0,0.0
image_02774.png,1,"[0, 0, 0, 0, 0, 0]",2774,0.0,13.29826628411692,5.409676322306765,90.0,0.0,20.0,0.0,0.0,0.0,0.0,0.0,0.0
image_02775.png,1,"[0, 0, 0, 0, 0, 0]",2775,0.0,-5.907051798567366,0.06489193581598851,90.0,0.0,1.8251264519831762,0.0,0.0,0.0,0.0,0.0,0.0
image_02776.png,1,"[0, 0, 0, 0, 0, 0]",2776,0.0,2.2572672964907525,4.3087705511952015,90.0,0.0,-1.7777858255581998,0.0,0.0,0.0,0.0,0.0,0.0
image_02777.png,1,"[0, 0, 0, 0, 0, 0]",2777,0.0,13.624796071488255,1.426582574068203,90.0,0.0,-14.420487817333688,0.0,0.0,0.0,0.0,0.0,0.0
image_02778.png,1,"[0, 0, 0, 0, 0, 0]",2778,0.0,-2.472396945279918,5.430770195943667,90.0,0.0,-7.496492507342345,0.0,0.0,0.0,0.0,0.0,0.0
image_02779.png,1,"[0, 0, 0, 0, 0, 0]",2779,0.0,-0.6261789606228376,3.1032738260411765,90.0,0.0,-4.703638000519333,0.0,0.0,0.0,0.0,0.0,0.0
image_02780.png,1,"[0, 0, 0, 0, 0, 0]",2780,0.0,-11.678027865849714,1.6144984088670569,90.0,0.0,1.5856375602931079,0.0,0.0,0.0,0.0,0.0,0.0
image_02781.png,1,"[0, 0, 0, 0, 0, 0]",2781,0.0,1.14194346454574,1.5009486140719854,90.0,0.0,10.872244123132228,0.0,0.0,0.0,0.0,0.0,0.0
image_02782.png,1,"[0, 0, 0, 0, 0, 0]",2782,0.0,8.597222791671456,-0.3115369420018652,90.0,0.0,-6.8991511557961225,0.0,0.0,0.0,0.0,0.0,0.0
image_02783.png,1,"[0, 0, 0, 0, 0, 0]",2783,0.0,-3.78556384537449,1.644249497635959,90.0,0.0,-4.19117689772002,0.0,0.0,0.0,0.0,0.0,0.0
image_02784.png,1,"[0, 0, 0, 0, 0, 0]",2784,0.0,11.73854147954863,0.17201772643956748,90.0,0.0,-6.122294706448118,0.0,0.0,0.0,0.0,0.0,0.0
image_02785.png,1,"[0, 0, 0, 0, 0, 0]",2785,0.0,1.7033612892676118,2.5808927271785898,90.0,0.0,4.778261693242788,0.0,0.0,0.0,0.0,0.0,0.0
image_02786.png,1,"[0, 0, 0, 0, 0, 0]",2786,0.0,-5.781063312700468,0.677349763463575,90.0,0.0,4.835486897658528,0.0,0.0,0.0,0.0,0.0,0.0
image_02787.png,1,"[0, 0, 0, 0, 0, 0]",2787,0.0,13.732887588592519,1.5618895533105173,90.0,0.0,-4.425243533257301,0.0,0.0,0.0,0.0,0.0,0.0
image_02788.png,1,"[0, 0, 0, 0, 0, 0]",2788,0.0,-2.8969590534746743,3.617279371071695,90.0,0.0,-14.384710196665807,0.0,0.0,0.0,0.0,0.0,0.0
image_02789.png,1,"[0, 0, 0, 0, 0, 0]",2789,0.0,-9.596603992764742,4.367020198030959,90.0,0.0,5.544006113528807,0.0,0.0,0.0,0.0,0.0,0.0
image_02790.png,1,"[0, 0, 0, 0, 0, 0]",2790,0.0,-11.697297706994078,-0.21539568133702724,90.0,0.0,17.020695581228424,0.0,0.0,0.0,0.0,0.0,0.0
image_02791.png,1,"[0, 0, 0, 0, 0, 0]",2791,0.0,12.007951558085175,3.43217028939819,90.0,0.0,-3.6712369580472566,0.0,0.0,0.0,0.0,0.0,0.0
image_02792.png,1,"[0, 0, 0, 0, 0, 0]",2792,0.0,13.372235792454845,3.322241282423401,90.0,0.0,8.186033099126664,0.0,0.0,0.0,0.0,0.0,0.0
image_02793.png,1,"[0, 0, 0, 0, 0, 0]",2793,0.0,2.24668948686967,5.012909274636933,90.0,0.0,-13.424555113324562,0.0,0.0,0.0,0.0,0.0,0.0
image_02794.png,1,"[0, 0, 0, 0, 0, 0]",2794,0.0,13.908399493128755,2.431521661416806,90.0,0.0,-2.892741325224046,0.0,0.0,0.0,0.0,0.0,0.0
image_02795.png,1,"[0, 0, 0, 0, 0, 0]",2795,0.0,-8.248000322054125,-1.7770043115659488,90.0,0.0,-12.244006446096515,0.0,0.0,0.0,0.0,0.0,0.0
image_02796.png,1,"[0, 0, 0, 0, 0, 0]",2796,0.0,8.754902887440721,2.066081724223383,90.0,0.0,-3.502607540258006,0.0,0.0,0.0,0.0,0.0,0.0
image_02797.png,1,"[0, 0, 0, 0, 0, 0]",2797,0.0,1.3332321734441166,0.5549720484089193,90.0,0.0,-17.07475513009833,0.0,0.0,0.0,0.0,0.0,0.0
image_02798.png,1,"[0, 0, 0, 0, 0, 0]",2798,0.0,-4.294100945341086,3.736492472141496,90.0,0.0,-8.223891490306306,0.0,0.0,0.0,0.0,0.0,0.0
image_02799.png,1,"[0, 0, 0, 0, 0, 0]",2799,0.0,-9.627010216587465,-1.2755190609514913,90.0,0.0,-9.76990374178756,0.0,0.0,0.0,0.0,0.0,0.0
image_02800.png,1,"[0, 0, 0, 0, 0, 0]",2800,0.0,-13.737946653361561,-1.8291051463861576,90.0,0.0,-18.45311508617271,0.0,0.0,0.0,0.0,0.0,0.0
image_02801.png,1,"[0, 0, 0, 0, 0, 0]",2801,0.0,-2.8337158168123153,1.280507800755255,90.0,0.0,2.6486628770542415,0.0,0.0,0.0,0.0,0.0,0.0
image_02802.png,1,"[0, 0, 0, 0, 0, 0]",2802,0.0,8.469491186683683,0.4995651277440354,90.0,0.0,1.8453373127577304,0.0,0.0,0.0,0.0,0.0,0.0
image_02803.png,1,"[0, 0, 0, 0, 0, 0]",2803,0.0,5.336949990602783,-1.6539656533805895,90.0,0.0,-5.22130341610202,0.0,0.0,0.0,0.0,0.0,0.0
image_02804.png,1,"[0, 0, 0, 0, 0, 0]",2804,0.0,-3.1426150074477093,0.9371676685559849,90.0,0.0,10.697919255541326,0.0,0.0,0.0,0.0,0.0,0.0
image_02805.png,1,"[0, 0, 0, 0, 0, 0]",2805,0.0,-8.626602733810415,0.19561430749486597,90.0,0.0,-4.775962757348441,0.0,0.0,0.0,0.0,0.0,0.0
image_02806.png,1,"[0, 0, 0, 0, 0, 0]",2806,0.0,9.254002768195377,3.192524027819834,90.0,0.0,4.1612941832126875,0.0,0.0,0.0,0.0,0.0,0.0
image_02807.png,1,"[0, 0, 0, 0, 0, 0]",2807,0.0,3.0605629115749835,1.4383970864575373,90.0,0.0,-0.047131812642856805,0.0,0.0,0.0,0.0,0.0,0.0
image_02808.png,1,"[0, 0, 0, 0, 0, 0]",2808,0.0,4.12819190163615,-0.5752839576596762,90.0,0.0,0.2037155015062046,0.0,0.0,0.0,0.0,0.0,0.0
image_02809.png,1,"[0, 0, 0, 0, 0, 0]",2809,0.0,-1.4801309376508271,5.18553745171211,90.0,0.0,-13.331368555427414,0.0,0.0,0.0,0.0,0.0,0.0
image_02810.png,1,"[0, 0, 0, 0, 0, 0]",2810,0.0,13.527489243430445,1.31391180342191,90.0,0.0,3.452615748729058,0.0,0.0,0.0,0.0,0.0,0.0
image_02811.png,1,"[0, 0, 0, 0, 0, 0]",2811,0.0,-2.554100613097262,2.56137804482285,90.0,0.0,-12.557656237692829,0.0,0.0,0.0,0.0,0.0,0.0
image_02812.png,1,"[0, 0, 0, 0, 0, 0]",2812,0.0,-3.118165380209689,-1.1032440907720251,90.0,0.0,-5.550517033700789,0.0,0.0,0.0,0.0,0.0,0.0
image_02813.png,1,"[0, 0, 0, 0, 0, 0]",2813,0.0,1.543329053952334,0.20455763374412905,90.0,0.0,7.442870874285387,0.0,0.0,0.0,0.0,0.0,0.0
image_02814.png,1,"[0, 0, 0, 0, 0, 0]",2814,0.0,-7.410393250826516,-1.4484754618828375,90.0,0.0,-5.5717301304150055,0.0,0.0,0.0,0.0,0.0,0.0
image_02815.png,1,"[0, 0, 0, 0, 0, 0]",2815,0.0,-11.162576388646187,0.6360500509987275,90.0,0.0,-1.3330952240140679,0.0,0.0,0.0,0.0,0.0,0.0
image_02816.png,1,"[0, 0, 0, 0, 0, 0]",2816,0.0,11.378873754125408,-0.9745992011421123,90.0,0.0,-7.140891787656458,0.0,0.0,0.0,0.0,0.0,0.0
image_02817.png,1,"[0, 0, 0, 0, 0, 0]",2817,0.0,-11.957592438485804,2.1871689590997807,90.0,0.0,-12.944418749417688,0.0,0.0,0.0,0.0,0.0,0.0
image_02818.png,1,"[0, 0, 0, 0, 0, 0]",2818,0.0,-1.0166613550027677,1.3956944771758888,90.0,0.0,2.4341516122199303,0.0,0.0,0.0,0.0,0.0,0.0
image_02819.png,1,"[0, 0, 0, 0, 0, 0]",2819,0.0,-1.82875428306059,-0.4040033186107088,90.0,0.0,-5.606486513108425,0.0,0.0,0.0,0.0,0.0,0.0
image_02820.png,1,"[0, 0, 0, 0, 0, 0]",2820,0.0,-7.99406398987729,-0.07481864227970747,90.0,0.0,-0.2866200354589431,0.0,0.0,0.0,0.0,0.0,0.0
image_02821.png,1,"[0, 0, 0, 0, 0, 0]",2821,0.0,-13.85148951495303,-1.797603091379303,90.0,0.0,-2.5266339711531227,0.0,0.0,0.0,0.0,0.0,0.0
image_02822.png,1,"[0, 0, 0, 0, 0, 0]",2822,0.0,6.057686133459427,2.2376242236993384,90.0,0.0,7.900118646305362,0.0,0.0,0.0,0.0,0.0,0.0
image_02823.png,1,"[0, 0, 0, 0, 0, 0]",2823,0.0,-5.875998017506035,3.4050112734971787,90.0,0.0,2.6716849539321506,0.0,0.0,0.0,0.0,0.0,0.0
image_02824.png,1,"[0, 0, 0, 0, 0, 0]",2824,0.0,5.751027671996525,1.854019814526569,90.0,0.0,7.598110141382393,0.0,0.0,0.0,0.0,0.0,0.0
image_02825.png,1,"[0, 0, 0, 0, 0, 0]",2825,0.0,7.906972555442614,0.35156895103094143,90.0,0.0,-9.198649202272946,0.0,0.0,0.0,0.0,0.0,0.0
image_02826.png,1,"[0, 0, 0, 0, 0, 0]",2826,0.0,-8.303397855785462,-1.6080667342638373,90.0,0.0,-0.132357035988725,0.0,0.0,0.0,0.0,0.0,0.0
image_02827.png,1,"[0, 0, 0, 0, 0, 0]",2827,0.0,11.790342191134116,2.324807517778347,90.0,0.0,-8.578699509058758,0.0,0.0,0.0,0.0,0.0,0.0
image_02828.png,1,"[0, 0, 0, 0, 0, 0]",2828,0.0,-8.841699709368456,2.013237376675881,90.0,0.0,5.646156629095596,0.0,0.0,0.0,0.0,0.0,0.0
image_02829.png,1,"[0, 0, 0, 0, 0, 0]",2829,0.0,0.06019824722085332,2.076103627597379,90.0,0.0,7.640732213638223,0.0,0.0,0.0,0.0,0.0,0.0
image_02830.png,1,"[0, 0, 0, 0, 0, 0]",2830,0.0,9.47167297105915,1.6508961193848526,90.0,0.0,17.895604608067266,0.0,0.0,0.0,0.0,0.0,0.0
image_02831.png,1,"[0, 0, 0, 0, 0, 0]",2831,0.0,-6.460778333663171,4.6304112658924295,90.0,0.0,3.7848738844876637,0.0,0.0,0.0,0.0,0.0,0.0
image_02832.png,1,"[0, 0, 0, 0, 0, 0]",2832,0.0,-10.895950475905252,4.93374179899642,90.0,0.0,-6.310241560481307,0.0,0.0,0.0,0.0,0.0,0.0
image_02833.png,1,"[0, 0, 0, 0, 0, 0]",2833,0.0,-4.139235897006529,1.333654146237612,90.0,0.0,-5.874443360258668,0.0,0.0,0.0,0.0,0.0,0.0
image_02834.png,1,"[0, 0, 0, 0, 0, 0]",2834,0.0,-11.354117469844766,4.617950685290362,90.0,0.0,16.228081177212406,0.0,0.0,0.0,0.0,0.0,0.0
image_02835.png,1,"[0, 0, 0, 0, 0, 0]",2835,0.0,8.700537915852799,4.568498397487012,90.0,0.0,-6.99478861145168,0.0,0.0,0.0,0.0,0.0,0.0
image_02836.png,1,"[0, 0, 0, 0, 0, 0]",2836,0.0,7.221872831031689,2.34246232749976,90.0,0.0,5.569957052041451,0.0,0.0,0.0,0.0,0.0,0.0
image_02837.png,1,"[0, 0, 0, 0, 0, 0]",2837,0.0,-7.05369643850841,-0.6497588958718139,90.0,0.0,4.183192555848534,0.0,0.0,0.0,0.0,0.0,0.0
image_02838.png,1,"[0, 0, 0, 0, 0, 0]",2838,0.0,-8.855470894524672,3.1634897465902476,90.0,0.0,4.39964042727765,0.0,0.0,0.0,0.0,0.0,0.0
image_02839.png,1,"[0, 0, 0, 0, 0, 0]",2839,0.0,6.8839402936197445,2.177532353147363,90.0,0.0,-6.619672345447988,0.0,0.0,0.0,0.0,0.0,0.0
image_02840.png,1,"[0, 0, 0, 0, 0, 0]",2840,0.0,-12.882146153463054,1.0405722469973764,90.0,0.0,-1.833445181000152,0.0,0.0,0.0,0.0,0.0,0.0
image_02841.png,1,"[0, 0, 0, 0, 0, 0]",2841,0.0,-6.163621572686495,3.2027596504548503,90.0,0.0,-1.6389040339213174,0.0,0.0,0.0,0.0,0.0,0.0
image_02842.png,1,"[0, 0, 0, 0, 0, 0]",2842,0.0,-11.426986775974598,3.314507365998007,90.0,0.0,-2.353972147503558,0.0,0.0,0.0,0.0,0.0,0.0
image_02843.png,1,"[0, 0, 0, 0, 0, 0]",2843,0.0,-1.439113820915118,-0.9487135820867416,90.0,0.0,5.8304210773896665,0.0,0.0,0.0,0.0,0.0,0.0
image_02844.png,1,"[0, 0, 0, 0, 0, 0]",2844,0.0,3.4683677357929596,4.78204271986935,90.0,0.0,4.321588211993767,0.0,0.0,0.0,0.0,0.0,0.0
image_02845.png,1,"[0, 0, 0, 0, 0, 0]",2845,0.0,-0.2523356200979663,2.854327997515596,90.0,0.0,-8.46016145419743,0.0,0.0,0.0,0.0,0.0,0.0
image_02846.png,1,"[0, 0, 0, 0, 0, 0]",2846,0.0,-12.188982668170695,5.078607771646997,90.0,0.0,10.976233725882736,0.0,0.0,0.0,0.0,0.0,0.0
image_02847.png,1,"[0, 0, 0, 0, 0, 0]",2847,0.0,-10.357041477655528,-1.7458010676622737,90.0,0.0,9.516073779860166,0.0,0.0,0.0,0.0,0.0,0.0
image_02848.png,1,"[0, 0, 0, 0, 0, 0]",2848,0.0,-7.046763618584222,-1.1215898075553676,90.0,0.0,-7.718403502611365,0.0,0.0,0.0,0.0,0.0,0.0
image_02849.png,1,"[0, 0, 0, 0, 0, 0]",2849,0.0,5.572048212055996,0.6187693987334111,90.0,0.0,12.575445771707372,0.0,0.0,0.0,0.0,0.0,0.0
image_02850.png,1,"[0, 0, 0, 0, 0, 0]",2850,0.0,12.7056044539206,2.7313285923957347,90.0,0.0,2.341161500001654,0.0,0.0,0.0,0.0,0.0,0.0
image_02851.png,1,"[0, 0, 0, 0, 0, 0]",2851,0.0,-12.891384720486684,0.7217872128283362,90.0,0.0,15.008044437533865,0.0,0.0,0.0,0.0,0.0,0.0
image_02852.png,1,"[0, 0, 0, 0, 0, 0]",2852,0.0,8.81558955582269,3.4373392767204525,90.0,0.0,-0.04045990613794097,0.0,0.0,0.0,0.0,0.0,0.0
image_02853.png,1,"[0, 0, 0, 0, 0, 0]",2853,0.0,-7.804079023563375,-0.3112751579666444,90.0,0.0,10.36703509624965,0.0,0.0,0.0,0.0,0.0,0.0
image_02854.png,1,"[0, 0, 0, 0, 0, 0]",2854,0.0,7.143605722800473,-0.8162567323099017,90.0,0.0,10.692800304332428,0.0,0.0,0.0,0.0,0.0,0.0
image_02855.png,1,"[0, 0, 0, 0, 0, 0]",2855,0.0,-13.917588554890074,4.448314927383681,90.0,0.0,-7.669916530107654,0.0,0.0,0.0,0.0,0.0,0.0
image_02856.png,1,"[0, 0, 0, 0, 0, 0]",2856,0.0,13.718766347432037,4.022231729625932,90.0,0.0,4.7894222282009755,0.0,0.0,0.0,0.0,0.0,0.0
image_02857.png,1,"[0, 0, 0, 0, 0, 0]",2857,0.0,11.02395013010414,0.2098151180292951,90.0,0.0,2.6097367133505154,0.0,0.0,0.0,0.0,0.0,0.0
image_02858.png,1,"[0, 0, 0, 0, 0, 0]",2858,0.0,3.913784649033765,-0.7190083922573594,90.0,0.0,16.9799727635971,0.0,0.0,0.0,0.0,0.0,0.0
image_02859.png,1,"[0, 0, 0, 0, 0, 0]",2859,0.0,-12.009884323204503,3.95510404011688,90.0,0.0,-15.971101838843468,0.0,0.0,0.0,0.0,0.0,0.0
image_02860.png,1,"[0, 0, 0, 0, 0, 0]",2860,0.0,12.457264345394407,2.575664256959308,90.0,0.0,17.1144709290942,0.0,0.0,0.0,0.0,0.0,0.0
image_02861.png,1,"[0, 0, 0, 0, 0, 0]",2861,0.0,-12.784360101037294,-1.1491429672227476,90.0,0.0,1.1170543957245602,0.0,0.0,0.0,0.0,0.0,0.0
image_02862.png,1,"[0, 0, 0, 0, 0, 0]",2862,0.0,-0.588756244714645,3.294072798278912,90.0,0.0,-13.32784820742725,0.0,0.0,0.0,0.0,0.0,0.0
image_02863.png,1,"[0, 0, 0, 0, 0, 0]",2863,0.0,-6.339153478999975,0.27096967738337785,90.0,0.0,-2.712930809716823,0.0,0.0,0.0,0.0,0.0,0.0
image_02864.png,1,"[0, 0, 0, 0, 0, 0]",2864,0.0,-5.5774990782234255,3.9948376694834495,90.0,0.0,-6.6789749634108295,0.0,0.0,0.0,0.0,0.0,0.0
image_02865.png,1,"[0, 0, 0, 0, 0, 0]",2865,0.0,6.202398543103719,4.556105272071903,90.0,0.0,3.852636529995666,0.0,0.0,0.0,0.0,0.0,0.0
image_02866.png,1,"[0, 0, 0, 0, 0, 0]",2866,0.0,-4.267185787135389,5.493336155180673,90.0,0.0,4.845263756032001,0.0,0.0,0.0,0.0,0.0,0.0
image_02867.png,1,"[0, 0, 0, 0, 0, 0]",2867,0.0,-9.625509924229021,4.410876854535458,90.0,0.0,-6.513598564708758,0.0,0.0,0.0,0.0,0.0,0.0
image_02868.png,1,"[0, 0, 0, 0, 0, 0]",2868,0.0,-7.127076479379241,4.230829797029872,90.0,0.0,13.290994592861443,0.0,0.0,0.0,0.0,0.0,0.0
image_02869.png,1,"[0, 0, 0, 0, 0, 0]",2869,0.0,-2.4844945125192552,2.033522844874284,90.0,0.0,-10.765989969777888,0.0,0.0,0.0,0.0,0.0,0.0
image_02870.png,1,"[0, 0, 0, 0, 0, 0]",2870,0.0,-12.74002080367194,3.2938464763338855,90.0,0.0,-4.876545301990019,0.0,0.0,0.0,0.0,0.0,0.0
image_02871.png,1,"[0, 0, 0, 0, 0, 0]",2871,0.0,-13.700528341061585,2.5322152121723738,90.0,0.0,3.1628820543306735,0.0,0.0,0.0,0.0,0.0,0.0
image_02872.png,1,"[0, 0, 0, 0, 0, 0]",2872,0.0,1.0207008725673319,3.160154394054281,90.0,0.0,13.480654828489483,0.0,0.0,0.0,0.0,0.0,0.0
image_02873.png,1,"[0, 0, 0, 0, 0, 0]",2873,0.0,-0.6446760050246496,0.8271948025538629,90.0,0.0,-3.272224263639482,0.0,0.0,0.0,0.0,0.0,0.0
image_02874.png,1,"[0, 0, 0, 0, 0, 0]",2874,0.0,-3.2943615730307982,4.4303599799807465,90.0,0.0,3.5011522672965523,0.0,0.0,0.0,0.0,0.0,0.0
image_02875.png,1,"[0, 0, 0, 0, 0, 0]",2875,0.0,-12.202304372475737,4.18195942681013,90.0,0.0,10.832615678663462,0.0,0.0,0.0,0.0,0.0,0.0
image_02876.png,1,"[0, 0, 0, 0, 0, 0]",2876,0.0,1.7998670934272383,-0.9467521812125541,90.0,0.0,8.165239766448835,0.0,0.0,0.0,0.0,0.0,0.0
image_02877.png,1,"[0, 0, 0, 0, 0, 0]",2877,0.0,5.407829580854738,5.304494446533048,90.0,0.0,6.480647387556385,0.0,0.0,0.0,0.0,0.0,0.0
image_02878.png,1,"[0, 0, 0, 0, 0, 0]",2878,0.0,7.795367503611274,1.6587172649178767,90.0,0.0,-4.682014262376741,0.0,0.0,0.0,0.0,0.0,0.0
image_02879.png,1,"[0, 0, 0, 0, 0, 0]",2879,0.0,3.9241615151645988,1.904086638863733,90.0,0.0,0.8136733180417111,0.0,0.0,0.0,0.0,0.0,0.0
image_02880.png,1,"[0, 0, 0, 0, 0, 0]",2880,0.0,-11.538613666427167,1.9886775212137127,90.0,0.0,-4.412923077679541,0.0,0.0,0.0,0.0,0.0,0.0
image_02881.png,1,"[0, 0, 0, 0, 0, 0]",2881,0.0,6.473591897038673,-0.13097738943791093,90.0,0.0,3.7876185996037623,0.0,0.0,0.0,0.0,0.0,0.0
image_02882.png,1,"[0, 0, 0, 0, 0, 0]",2882,0.0,-11.457919960160552,2.986993411399218,90.0,0.0,-2.6416488929152697,0.0,0.0,0.0,0.0,0.0,0.0
image_02883.png,1,"[0, 0, 0, 0, 0, 0]",2883,0.0,-12.149396878288215,0.9457365244040652,90.0,0.0,-5.700180022489546,0.0,0.0,0.0,0.0,0.0,0.0
image_02884.png,1,"[0, 0, 0, 0, 0, 0]",2884,0.0,6.8869507615608185,4.229320683695986,90.0,0.0,-1.2024262174188622,0.0,0.0,0.0,0.0,0.0,0.0
image_02885.png,1,"[0, 0, 0, 0, 0, 0]",2885,0.0,-13.59842462415827,4.225777769016985,90.0,0.0,-9.956834379983233,0.0,0.0,0.0,0.0,0.0,0.0
image_02886.png,1,"[0, 0, 0, 0, 0, 0]",2886,0.0,-1.2376794622426814,4.075043093213022,90.0,0.0,-0.540173052826914,0.0,0.0,0.0,0.0,0.0,0.0
image_02887.png,1,"[0, 0, 0, 0, 0, 0]",2887,0.0,6.121333682889357,0.6121755696942199,90.0,0.0,0.17476451812998686,0.0,0.0,0.0,0.0,0.0,0.0
image_02888.png,1,"[0, 0, 0, 0, 0, 0]",2888,0.0,-11.242015101027334,-1.8492634644048727,90.0,0.0,-2.7788203381164776,0.0,0.0,0.0,0.0,0.0,0.0
image_02889.png,1,"[0, 0, 0, 0, 0, 0]",2889,0.0,-10.67710426202531,4.643599392728456,90.0,0.0,-1.4392312186395524,0.0,0.0,0.0,0.0,0.0,0.0
image_02890.png,1,"[0, 0, 0, 0, 0, 0]",2890,0.0,13.22803419797129,5.461740328468598,90.0,0.0,4.750126941252955,0.0,0.0,0.0,0.0,0.0,0.0
image_02891.png,1,"[0, 0, 0, 0, 0, 0]",2891,0.0,-13.978430954668625,0.6258918232324984,90.0,0.0,-13.67873048728306,0.0,0.0,0.0,0.0,0.0,0.0
image_02892.png,1,"[0, 0, 0, 0, 0, 0]",2892,0.0,7.252611518796584,-0.125693825498308,90.0,0.0,-13.891111822488673,0.0,0.0,0.0,0.0,0.0,0.0
image_02893.png,1,"[0, 0, 0, 0, 0, 0]",2893,0.0,-8.086800253120572,5.393020423631358,90.0,0.0,-7.9249953004988445,0.0,0.0,0.0,0.0,0.0,0.0
image_02894.png,1,"[0, 0, 0, 0, 0, 0]",2894,0.0,-9.050312938839085,3.280460953166391,90.0,0.0,-0.4523631996560024,0.0,0.0,0.0,0.0,0.0,0.0
image_02895.png,1,"[0, 0, 0, 0, 0, 0]",2895,0.0,11.091751150959858,3.734302470966557,90.0,0.0,3.0163250567566684,0.0,0.0,0.0,0.0,0.0,0.0
image_02896.png,1,"[0, 0, 0, 0, 0, 0]",2896,0.0,-3.133951227978784,3.777732358456345,90.0,0.0,-4.932537316913148,0.0,0.0,0.0,0.0,0.0,0.0
image_02897.png,1,"[0, 0, 0, 0, 0, 0]",2897,0.0,-2.6000837084006747,1.8978088122045125,90.0,0.0,-2.076770063743325,0.0,0.0,0.0,0.0,0.0,0.0
image_02898.png,1,"[0, 0, 0, 0, 0, 0]",2898,0.0,-9.06790434586857,-1.8405871641331897,90.0,0.0,-3.1928317615814716,0.0,0.0,0.0,0.0,0.0,0.0
image_02899.png,1,"[0, 0, 0, 0, 0, 0]",2899,0.0,-13.770248103197702,0.9775173303238662,90.0,0.0,-0.1668007702544523,0.0,0.0,0.0,0.0,0.0,0.0
image_02900.png,1,"[0, 0, 0, 0, 0, 0]",2900,0.0,-11.683123703411908,3.454138468027949,90.0,0.0,6.711065033471872,0.0,0.0,0.0,0.0,0.0,0.0
image_02901.png,1,"[0, 0, 0, 0, 0, 0]",2901,0.0,8.324748321473024,5.491675011639716,90.0,0.0,16.35632073097443,0.0,0.0,0.0,0.0,0.0,0.0
image_02902.png,1,"[0, 0, 0, 0, 0, 0]",2902,0.0,-3.6737688383768017,-1.299726065143621,90.0,0.0,8.459415469875795,0.0,0.0,0.0,0.0,0.0,0.0
image_02903.png,1,"[0, 0, 0, 0, 0, 0]",2903,0.0,13.060426163313949,3.301848442982453,90.0,0.0,-5.15655014326187,0.0,0.0,0.0,0.0,0.0,0.0
image_02904.png,1,"[0, 0, 0, 0, 0, 0]",2904,0.0,2.2536157302343653,-1.3783253709396621,90.0,0.0,7.784304401013998,0.0,0.0,0.0,0.0,0.0,0.0
image_02905.png,1,"[0, 0, 0, 0, 0, 0]",2905,0.0,1.0901254962890974,-0.01244526781366595,90.0,0.0,3.0521078657608727,0.0,0.0,0.0,0.0,0.0,0.0
image_02906.png,1,"[0, 0, 0, 0, 0, 0]",2906,0.0,-1.6361391495617426,2.7338636493724096,90.0,0.0,-0.9884906752975399,0.0,0.0,0.0,0.0,0.0,0.0
image_02907.png,1,"[0, 0, 0, 0, 0, 0]",2907,0.0,-12.544625191866231,4.8426963484005086,90.0,0.0,-3.816919861909605,0.0,0.0,0.0,0.0,0.0,0.0
image_02908.png,1,"[0, 0, 0, 0, 0, 0]",2908,0.0,-5.646390048758022,4.1161271773585275,90.0,0.0,-6.877115298000373,0.0,0.0,0.0,0.0,0.0,0.0
image_02909.png,1,"[0, 0, 0, 0, 0, 0]",2909,0.0,13.336717879142476,2.002079541374801,90.0,0.0,8.93515579186145,0.0,0.0,0.0,0.0,0.0,0.0
image_02910.png,1,"[0, 0, 0, 0, 0, 0]",2910,0.0,11.040812825717815,0.9440292849634107,90.0,0.0,-2.738737144744982,0.0,0.0,0.0,0.0,0.0,0.0
image_02911.png,1,"[0, 0, 0, 0, 0, 0]",2911,0.0,6.145995164201622,-1.474875552278973,90.0,0.0,-3.8338079666630303,0.0,0.0,0.0,0.0,0.0,0.0
image_02912.png,1,"[0, 0, 0, 0, 0, 0]",2912,0.0,-0.42492242506167344,1.1456648219706902,90.0,0.0,-9.74732933610442,0.0,0.0,0.0,0.0,0.0,0.0
image_02913.png,1,"[0, 0, 0, 0, 0, 0]",2913,0.0,-1.1871667778739692,-1.3761954485666856,90.0,0.0,-5.204938208974917,0.0,0.0,0.0,0.0,0.0,0.0
image_02914.png,1,"[0, 0, 0, 0, 0, 0]",2914,0.0,8.841888885950773,-0.1797477994436001,90.0,0.0,1.8436557905095303,0.0,0.0,0.0,0.0,0.0,0.0
image_02915.png,1,"[0, 0, 0, 0, 0, 0]",2915,0.0,7.964639651983298,5.115346252335544,90.0,0.0,-7.90907073889377,0.0,0.0,0.0,0.0,0.0,0.0
image_02916.png,1,"[0, 0, 0, 0, 0, 0]",2916,0.0,-8.66946184472377,2.9060972485424363,90.0,0.0,8.233011790731132,0.0,0.0,0.0,0.0,0.0,0.0
image_02917.png,1,"[0, 0, 0, 0, 0, 0]",2917,0.0,-5.908964934702695,-0.46312669712425647,90.0,0.0,4.326524609475738,0.0,0.0,0.0,0.0,0.0,0.0
image_02918.png,1,"[0, 0, 0, 0, 0, 0]",2918,0.0,-9.31368481395819,2.159686130307681,90.0,0.0,4.5573845608612125,0.0,0.0,0.0,0.0,0.0,0.0
image_02919.png,1,"[0, 0, 0, 0, 0, 0]",2919,0.0,13.833088483057239,1.483247023688548,90.0,0.0,-2.4829000662437246,0.0,0.0,0.0,0.0,0.0,0.0
image_02920.png,1,"[0, 0, 0, 0, 0, 0]",2920,0.0,2.229849196246249,2.241205133750058,90.0,0.0,2.4728438294437036,0.0,0.0,0.0,0.0,0.0,0.0
image_02921.png,1,"[0, 0, 0, 0, 0, 0]",2921,0.0,5.757228800056318,1.9484536935036676,90.0,0.0,-11.005649662383428,0.0,0.0,0.0,0.0,0.0,0.0
image_02922.png,1,"[0, 0, 0, 0, 0, 0]",2922,0.0,0.22479420532460637,4.874224152674791,90.0,0.0,-5.927042732816624,0.0,0.0,0.0,0.0,0.0,0.0
image_02923.png,1,"[0, 0, 0, 0, 0, 0]",2923,0.0,-5.496433525687252,1.7391965902596467,90.0,0.0,-4.436597743502042,0.0,0.0,0.0,0.0,0.0,0.0
image_02924.png,1,"[0, 0, 0, 0, 0, 0]",2924,0.0,-6.836113047712544,0.3615876802002993,90.0,0.0,-5.401387540250743,0.0,0.0,0.0,0.0,0.0,0.0
image_02925.png,1,"[0, 0, 0, 0, 0, 0]",2925,0.0,-0.8847337110554108,2.715152273188446,90.0,0.0,1.908091884733833,0.0,0.0,0.0,0.0,0.0,0.0
image_02926.png,1,"[0, 0, 0, 0, 0, 0]",2926,0.0,1.9531878766326969,-0.027082902140825427,90.0,0.0,-9.3821442552246,0.0,0.0,0.0,0.0,0.0,0.0
image_02927.png,1,"[0, 0, 0, 0, 0, 0]",2927,0.0,12.883371384048168,-1.610485337176276,90.0,0.0,-0.6683304021847106,0.0,0.0,0.0,0.0,0.0,0.0
image_02928.png,1,"[0, 0, 0, 0, 0, 0]",2928,0.0,-4.077213247245851,2.8820654914339636,90.0,0.0,-20.0,0.0,0.0,0.0,0.0,0.0,0.0
image_02929.png,1,"[0, 0, 0, 0, 0, 0]",2929,0.0,-8.399076663721956,4.235400555049084,90.0,0.0,5.30162395715815,0.0,0.0,0.0,0.0,0.0,0.0
image_02930.png,1,"[0, 0, 0, 0, 0, 0]",2930,0.0,6.6135555099277,2.623565677667396,90.0,0.0,-6.57354055264149,0.0,0.0,0.0,0.0,0.0,0.0
image_02931.png,1,"[0, 0, 0, 0, 0, 0]",2931,0.0,-0.14692333162013682,-1.0606502352430087,90.0,0.0,2.1479511737711716,0.0,0.0,0.0,0.0,0.0,0.0
image_02932.png,1,"[0, 0, 0, 0, 0, 0]",2932,0.0,-0.5320740530117405,4.205980680293141,90.0,0.0,-6.639681336038696,0.0,0.0,0.0,0.0,0.0,0.0
image_02933.png,1,"[0, 0, 0, 0, 0, 0]",2933,0.0,12.24810465340309,1.950554991577084,90.0,0.0,0.29112532065660085,0.0,0.0,0.0,0.0,0.0,0.0
image_02934.png,1,"[0, 0, 0, 0, 0, 0]",2934,0.0,-9.690203149356066,0.6915567607947084,90.0,0.0,7.0907567653184325,0.0,0.0,0.0,0.0,0.0,0.0
image_02935.png,1,"[0, 0, 0, 0, 0, 0]",2935,0.0,2.0261347847561737,3.210007807264999,90.0,0.0,-4.265465308222762,0.0,0.0,0.0,0.0,0.0,0.0
image_02936.png,1,"[0, 0, 0, 0, 0, 0]",2936,0.0,3.775328788245922,5.214781059823916,90.0,0.0,7.656572441909393,0.0,0.0,0.0,0.0,0.0,0.0
image_02937.png,1,"[0, 0, 0, 0, 0, 0]",2937,0.0,-1.08199992579776,4.9623279359877275,90.0,0.0,1.3144203147591085,0.0,0.0,0.0,0.0,0.0,0.0
image_02938.png,1,"[0, 0, 0, 0, 0, 0]",2938,0.0,-13.15605250844257,4.831282415695082,90.0,0.0,-1.8553315541164015,0.0,0.0,0.0,0.0,0.0,0.0
image_02939.png,1,"[0, 0, 0, 0, 0, 0]",2939,0.0,12.713889808502735,0.4871886063969555,90.0,0.0,15.195754196768496,0.0,0.0,0.0,0.0,0.0,0.0
image_02940.png,1,"[0, 0, 0, 0, 0, 0]",2940,0.0,4.707465606693198,1.5301204240247346,90.0,0.0,-7.194283127333277,0.0,0.0,0.0,0.0,0.0,0.0
image_02941.png,1,"[0, 0, 0, 0, 0, 0]",2941,0.0,10.745774156609045,2.978089112384298,90.0,0.0,4.713093430225054,0.0,0.0,0.0,0.0,0.0,0.0
image_02942.png,1,"[0, 0, 0, 0, 0, 0]",2942,0.0,-5.2563741393082495,1.014603518758777,90.0,0.0,-2.1352654534448043,0.0,0.0,0.0,0.0,0.0,0.0
image_02943.png,1,"[0, 0, 0, 0, 0, 0]",2943,0.0,-8.154140033526588,3.031470710498845,90.0,0.0,4.038078777821161,0.0,0.0,0.0,0.0,0.0,0.0
image_02944.png,1,"[0, 0, 0, 0, 0, 0]",2944,0.0,-3.350406740919226,1.0494958570268125,90.0,0.0,4.294239196467698,0.0,0.0,0.0,0.0,0.0,0.0
image_02945.png,1,"[0, 0, 0, 0, 0, 0]",2945,0.0,0.13766980566256848,0.24540971639175124,90.0,0.0,-5.696989642906283,0.0,0.0,0.0,0.0,0.0,0.0
image_02946.png,1,"[0, 0, 0, 0, 0, 0]",2946,0.0,11.841117507924764,0.4791434489113735,90.0,0.0,-3.428585970536818,0.0,0.0,0.0,0.0,0.0,0.0
image_02947.png,1,"[0, 0, 0, 0, 0, 0]",2947,0.0,0.24955538885534878,4.5586580372830765,90.0,0.0,4.22076399060402,0.0,0.0,0.0,0.0,0.0,0.0
image_02948.png,1,"[0, 0, 0, 0, 0, 0]",2948,0.0,8.542387489707174,1.2268651328821432,90.0,0.0,-8.068467244001601,0.0,0.0,0.0,0.0,0.0,0.0
image_02949.png,1,"[0, 0, 0, 0, 0, 0]",2949,0.0,8.464720330620729,1.635900393494186,90.0,0.0,7.785098477129816,0.0,0.0,0.0,0.0,0.0,0.0
image_02950.png,1,"[0, 0, 0, 0, 0, 0]",2950,0.0,10.22909083186265,3.2708431320426223,90.0,0.0,15.09331488742205,0.0,0.0,0.0,0.0,0.0,0.0
image_02951.png,1,"[0, 0, 0, 0, 0, 0]",2951,0.0,-3.3628597974017964,0.30833456323144137,90.0,0.0,14.734480051395229,0.0,0.0,0.0,0.0,0.0,0.0
image_02952.png,1,"[0, 0, 0, 0, 0, 0]",2952,0.0,6.040365406605041,5.106927664941872,90.0,0.0,1.942581281285014,0.0,0.0,0.0,0.0,0.0,0.0
image_02953.png,1,"[0, 0, 0, 0, 0, 0]",2953,0.0,4.71149570173737,2.259748242193135,90.0,0.0,5.782754014418429,0.0,0.0,0.0,0.0,0.0,0.0
image_02954.png,1,"[0, 0, 0, 0, 0, 0]",2954,0.0,-13.693106433360612,-1.526060488586472,90.0,0.0,4.6802528488144866,0.0,0.0,0.0,0.0,0.0,0.0
image_02955.png,1,"[0, 0, 0, 0, 0, 0]",2955,0.0,6.3689230493930395,-1.2825831712167028,90.0,0.0,-1.732971170367876,0.0,0.0,0.0,0.0,0.0,0.0
image_02956.png,1,"[0, 0, 0, 0, 0, 0]",2956,0.0,-9.104277681717306,1.7306317868085723,90.0,0.0,-2.8153412464413186,0.0,0.0,0.0,0.0,0.0,0.0
image_02957.png,1,"[0, 0, 0, 0, 0, 0]",2957,0.0,1.9804530348433147,3.8062689811129937,90.0,0.0,7.602231825343825,0.0,0.0,0.0,0.0,0.0,0.0
image_02958.png,1,"[0, 0, 0, 0, 0, 0]",2958,0.0,-1.2721211377205535,-1.3954625876434348,90.0,0.0,4.947109245353672,0.0,0.0,0.0,0.0,0.0,0.0
image_02959.png,1,"[0, 0, 0, 0, 0, 0]",2959,0.0,9.290121211391238,1.3836493215144205,90.0,0.0,-8.335439347824096,0.0,0.0,0.0,0.0,0.0,0.0
image_02960.png,1,"[0, 0, 0, 0, 0, 0]",2960,0.0,10.677108537210408,4.728961995515048,90.0,0.0,-1.7764331399731184,0.0,0.0,0.0,0.0,0.0,0.0
image_02961.png,1,"[0, 0, 0, 0, 0, 0]",2961,0.0,8.757520989591036,5.493756552532384,90.0,0.0,-0.4496880503675202,0.0,0.0,0.0,0.0,0.0,0.0
image_02962.png,1,"[0, 0, 0, 0, 0, 0]",2962,0.0,12.024938248387251,-0.3694714514029942,90.0,0.0,1.8139369443660225,0.0,0.0,0.0,0.0,0.0,0.0
image_02963.png,1,"[0, 0, 0, 0, 0, 0]",2963,0.0,9.332969022637947,0.1353238673117696,90.0,0.0,5.976849412686776,0.0,0.0,0.0,0.0,0.0,0.0
image_02964.png,1,"[0, 0, 0, 0, 0, 0]",2964,0.0,4.949383697868058,-0.597348036123956,90.0,0.0,-4.049085609692242,0.0,0.0,0.0,0.0,0.0,0.0
image_02965.png,1,"[0, 0, 0, 0, 0, 0]",2965,0.0,3.4257497029705064,4.312712424074461,90.0,0.0,1.516702236111517,0.0,0.0,0.0,0.0,0.0,0.0
image_02966.png,1,"[0, 0, 0, 0, 0, 0]",2966,0.0,-0.43550373051921554,-1.7517618562776895,90.0,0.0,-10.735683665824183,0.0,0.0,0.0,0.0,0.0,0.0
image_02967.png,1,"[0, 0, 0, 0, 0, 0]",2967,0.0,4.0613209684410165,1.712954402363959,90.0,0.0,-0.6401710701272043,0.0,0.0,0.0,0.0,0.0,0.0
image_02968.png,1,"[0, 0, 0, 0, 0, 0]",2968,0.0,-1.01005786306699,0.5529750006412755,90.0,0.0,1.45262226431598,0.0,0.0,0.0,0.0,0.0,0.0
image_02969.png,1,"[0, 0, 0, 0, 0, 0]",2969,0.0,1.4802089771361366,2.9117629117216586,90.0,0.0,7.1705601083260575,0.0,0.0,0.0,0.0,0.0,0.0
image_02970.png,1,"[0, 0, 0, 0, 0, 0]",2970,0.0,-13.50820023933177,0.5197005700254098,90.0,0.0,-3.3664271053627908,0.0,0.0,0.0,0.0,0.0,0.0
image_02971.png,1,"[0, 0, 0, 0, 0, 0]",2971,0.0,9.409531134487672,3.335908539629447,90.0,0.0,-17.922201655618135,0.0,0.0,0.0,0.0,0.0,0.0
image_02972.png,1,"[0, 0, 0, 0, 0, 0]",2972,0.0,-5.224260857360207,0.6073047986612496,90.0,0.0,1.2778147397531534,0.0,0.0,0.0,0.0,0.0,0.0
image_02973.png,1,"[0, 0, 0, 0, 0, 0]",2973,0.0,3.0930672377782997,0.5326708424575743,90.0,0.0,1.1580047572280106,0.0,0.0,0.0,0.0,0.0,0.0
image_02974.png,1,"[0, 0, 0, 0, 0, 0]",2974,0.0,-10.747401484647,-0.6768379233657889,90.0,0.0,0.557127798312333,0.0,0.0,0.0,0.0,0.0,0.0
image_02975.png,1,"[0, 0, 0, 0, 0, 0]",2975,0.0,-2.818490540336704,-0.722716843640721,90.0,0.0,-8.466524439946106,0.0,0.0,0.0,0.0,0.0,0.0
image_02976.png,1,"[0, 0, 0, 0, 0, 0]",2976,0.0,-0.3885107472673397,4.85580008653022,90.0,0.0,5.068762516124193,0.0,0.0,0.0,0.0,0.0,0.0
image_02977.png,1,"[0, 0, 0, 0, 0, 0]",2977,0.0,11.447166504082134,3.9440903643510374,90.0,0.0,1.2008485965077549,0.0,0.0,0.0,0.0,0.0,0.0
image_02978.png,1,"[0, 0, 0, 0, 0, 0]",2978,0.0,-12.356100697188879,4.595517197601699,90.0,0.0,13.274024071543128,0.0,0.0,0.0,0.0,0.0,0.0
image_02979.png,1,"[0, 0, 0, 0, 0, 0]",2979,0.0,-12.255708990719953,4.05286991517627,90.0,0.0,-5.554074909775842,0.0,0.0,0.0,0.0,0.0,0.0
image_02980.png,1,"[0, 0, 0, 0, 0, 0]",2980,0.0,-13.328019948407189,1.779454549369321,90.0,0.0,4.547732305003444,0.0,0.0,0.0,0.0,0.0,0.0
image_02981.png,1,"[0, 0, 0, 0, 0, 0]",2981,0.0,11.351491058632497,0.7814101099906514,90.0,0.0,4.62242147097569,0.0,0.0,0.0,0.0,0.0,0.0
image_02982.png,1,"[0, 0, 0, 0, 0, 0]",2982,0.0,7.724369032770667,1.8755113821143463,90.0,0.0,-1.6694457979201014,0.0,0.0,0.0,0.0,0.0,0.0
image_02983.png,1,"[0, 0, 0, 0, 0, 0]",2983,0.0,-13.34273577167879,1.5717413255197057,90.0,0.0,-16.88146224184254,0.0,0.0,0.0,0.0,0.0,0.0
image_02984.png,1,"[0, 0, 0, 0, 0, 0]",2984,0.0,6.051259268959129,-0.25388134656997696,90.0,0.0,6.2452700847008815,0.0,0.0,0.0,0.0,0.0,0.0
image_02985.png,1,"[0, 0, 0, 0, 0, 0]",2985,0.0,-8.66148137078433,4.988795067699023,90.0,0.0,4.6272709352144075,0.0,0.0,0.0,0.0,0.0,0.0
image_02986.png,1,"[0, 0, 0, 0, 0, 0]",2986,0.0,7.002481864343935,-0.7319594849894309,90.0,0.0,-7.000030893873962,0.0,0.0,0.0,0.0,0.0,0.0
image_02987.png,1,"[0, 0, 0, 0, 0, 0]",2987,0.0,5.988871086667935,2.7637777627316096,90.0,0.0,-13.262367528336028,0.0,0.0,0.0,0.0,0.0,0.0
image_02988.png,1,"[0, 0, 0, 0, 0, 0]",2988,0.0,13.142945999237845,-0.5379189177266674,90.0,0.0,6.710310848708051,0.0,0.0,0.0,0.0,0.0,0.0
image_02989.png,1,"[0, 0, 0, 0, 0, 0]",2989,0.0,-10.536841578865733,2.0350128817522535,90.0,0.0,0.1853453762215857,0.0,0.0,0.0,0.0,0.0,0.0
image_02990.png,1,"[0, 0, 0, 0, 0, 0]",2990,0.0,12.59070905497122,1.94048610988213,90.0,0.0,0.4364605504295861,0.0,0.0,0.0,0.0,0.0,0.0
image_02991.png,1,"[0, 0, 0, 0, 0, 0]",2991,0.0,-8.447297830312266,-1.629592025208009,90.0,0.0,6.680905071954783,0.0,0.0,0.0,0.0,0.0,0.0
image_02992.png,1,"[0, 0, 0, 0, 0, 0]",2992,0.0,-6.136513469635133,-1.2383846392038307,90.0,0.0,-17.996583370564796,0.0,0.0,0.0,0.0,0.0,0.0
image_02993.png,1,"[0, 0, 0, 0, 0, 0]",2993,0.0,5.267581433251237,-0.12053438340171452,90.0,0.0,-1.2151478632370178,0.0,0.0,0.0,0.0,0.0,0.0
image_02994.png,1,"[0, 0, 0, 0, 0, 0]",2994,0.0,-12.641234436248908,-0.20734693800171256,90.0,0.0,9.281416194971339,0.0,0.0,0.0,0.0,0.0,0.0
image_02995.png,1,"[0, 0, 0, 0, 0, 0]",2995,0.0,-9.885160518826552,1.2268615098312838,90.0,0.0,9.3603206326634,0.0,0.0,0.0,0.0,0.0,0.0
image_02996.png,1,"[0, 0, 0, 0, 0, 0]",2996,0.0,-8.12304431986091,3.8874205649752005,90.0,0.0,6.786295035243327,0.0,0.0,0.0,0.0,0.0,0.0
image_02997.png,1,"[0, 0, 0, 0, 0, 0]",2997,0.0,-5.61736506069353,2.8504911167530045,90.0,0.0,4.371899790525665,0.0,0.0,0.0,0.0,0.0,0.0
image_02998.png,1,"[0, 0, 0, 0, 0, 0]",2998,0.0,-2.7864577995993187,2.2005815759731098,90.0,0.0,-11.775771614325807,0.0,0.0,0.0,0.0,0.0,0.0
image_02999.png,1,"[0, 0, 0, 0, 0, 0]",2999,0.0,-10.705619472435217,0.708711143579742,90.0,0.0,5.872518375458203,0.0,0.0,0.0,0.0,0.0,0.0
image_03000.png,1,"[0, 0, 0, 0, 0, 0]",3000,0.0,-7.967937055500528,4.162454735742062,90.0,0.0,4.082855387081854,0.0,0.0,0.0,0.0,0.0,0.0
image_03001.png,1,"[0, 0, 0, 0, 0, 0]",3001,0.0,-2.223174009060571,5.096137303274225,90.0,0.0,2.99223659429359,0.0,0.0,0.0,0.0,0.0,0.0
image_03002.png,1,"[0, 0, 0, 0, 0, 0]",3002,0.0,9.150890220487511,0.7456548414013464,90.0,0.0,-3.951826179427979,0.0,0.0,0.0,0.0,0.0,0.0
image_03003.png,1,"[0, 0, 0, 0, 0, 0]",3003,0.0,-11.683471258200314,4.284983163405924,90.0,0.0,-0.7418064679600218,0.0,0.0,0.0,0.0,0.0,0.0
image_03004.png,1,"[0, 0, 0, 0, 0, 0]",3004,0.0,3.3889321508044787,-0.4186722265203995,90.0,0.0,-16.740045941818604,0.0,0.0,0.0,0.0,0.0,0.0
image_03005.png,1,"[0, 0, 0, 0, 0, 0]",3005,0.0,-12.676440088217234,1.7957927981293564,90.0,0.0,-6.569096469527364,0.0,0.0,0.0,0.0,0.0,0.0
image_03006.png,1,"[0, 0, 0, 0, 0, 0]",3006,0.0,-9.283796821187863,-1.4354283212773773,90.0,0.0,-4.15670169732048,0.0,0.0,0.0,0.0,0.0,0.0
image_03007.png,1,"[0, 0, 0, 0, 0, 0]",3007,0.0,0.9076323621743327,-1.1543143185070868,90.0,0.0,5.625207756968309,0.0,0.0,0.0,0.0,0.0,0.0
image_03008.png,1,"[0, 0, 0, 0, 0, 0]",3008,0.0,-11.830112028527026,4.224722711987961,90.0,0.0,5.1089368297203155,0.0,0.0,0.0,0.0,0.0,0.0
image_03009.png,1,"[0, 0, 0, 0, 0, 0]",3009,0.0,-2.2877838090259743,3.69510305295056,90.0,0.0,13.44537438900597,0.0,0.0,0.0,0.0,0.0,0.0
image_03010.png,1,"[0, 0, 0, 0, 0, 0]",3010,0.0,-9.031667717896653,-1.9357436209215233,90.0,0.0,4.641007455122364,0.0,0.0,0.0,0.0,0.0,0.0
image_03011.png,1,"[0, 0, 0, 0, 0, 0]",3011,0.0,3.7971187777293522,0.14126477882400934,90.0,0.0,7.320301320839901,0.0,0.0,0.0,0.0,0.0,0.0
image_03012.png,1,"[0, 0, 0, 0, 0, 0]",3012,0.0,-7.180380624777612,0.6173872861863154,90.0,0.0,15.49400995512276,0.0,0.0,0.0,0.0,0.0,0.0
image_03013.png,1,"[0, 0, 0, 0, 0, 0]",3013,0.0,3.2495166196383494,3.41907197014911,90.0,0.0,-1.8341438423689094,0.0,0.0,0.0,0.0,0.0,0.0
image_03014.png,1,"[0, 0, 0, 0, 0, 0]",3014,0.0,-12.73306810276469,0.7446107518154501,90.0,0.0,4.305501813735439,0.0,0.0,0.0,0.0,0.0,0.0
image_03015.png,1,"[0, 0, 0, 0, 0, 0]",3015,0.0,4.608580934204809,3.4269466800988475,90.0,0.0,-8.494149625759349,0.0,0.0,0.0,0.0,0.0,0.0
image_03016.png,1,"[0, 0, 0, 0, 0, 0]",3016,0.0,10.807018866909168,0.7877216133598552,90.0,0.0,-8.884743333056168,0.0,0.0,0.0,0.0,0.0,0.0
image_03017.png,1,"[0, 0, 0, 0, 0, 0]",3017,0.0,-7.485577855703852,4.098481343579247,90.0,0.0,6.16977720835344,0.0,0.0,0.0,0.0,0.0,0.0
image_03018.png,1,"[0, 0, 0, 0, 0, 0]",3018,0.0,-10.62409501124074,2.5642787403776808,90.0,0.0,-4.685857305333723,0.0,0.0,0.0,0.0,0.0,0.0
image_03019.png,1,"[0, 0, 0, 0, 0, 0]",3019,0.0,11.673581363542382,2.65317853966923,90.0,0.0,10.221692392959211,0.0,0.0,0.0,0.0,0.0,0.0
image_03020.png,1,"[0, 0, 0, 0, 0, 0]",3020,0.0,8.929221029907296,1.0530688619659436,90.0,0.0,0.05858303623710081,0.0,0.0,0.0,0.0,0.0,0.0
image_03021.png,1,"[0, 0, 0, 0, 0, 0]",3021,0.0,-6.1097295241663545,3.162012144245904,90.0,0.0,2.8407995287182533,0.0,0.0,0.0,0.0,0.0,0.0
image_03022.png,1,"[0, 0, 0, 0, 0, 0]",3022,0.0,12.270010486821569,3.051291950043164,90.0,0.0,13.961900157067,0.0,0.0,0.0,0.0,0.0,0.0
image_03023.png,1,"[0, 0, 0, 0, 0, 0]",3023,0.0,-13.518008488154493,4.717650323177751,90.0,0.0,-4.566224081582143,0.0,0.0,0.0,0.0,0.0,0.0
image_03024.png,1,"[0, 0, 0, 0, 0, 0]",3024,0.0,-5.1174116332522175,-0.7570432642886054,90.0,0.0,4.17284031144383,0.0,0.0,0.0,0.0,0.0,0.0
image_03025.png,1,"[0, 0, 0, 0, 0, 0]",3025,0.0,0.600138802348468,3.9488091645613412,90.0,0.0,1.253532601092173,0.0,0.0,0.0,0.0,0.0,0.0
image_03026.png,1,"[0, 0, 0, 0, 0, 0]",3026,0.0,-13.827876866650044,5.036950086936595,90.0,0.0,-6.305136253702757,0.0,0.0,0.0,0.0,0.0,0.0
image_03027.png,1,"[0, 0, 0, 0, 0, 0]",3027,0.0,4.571744597441921,3.6586731981598595,90.0,0.0,12.057665884521453,0.0,0.0,0.0,0.0,0.0,0.0
image_03028.png,1,"[0, 0, 0, 0, 0, 0]",3028,0.0,2.8788120520670333,3.7533437966416994,90.0,0.0,5.257088281340175,0.0,0.0,0.0,0.0,0.0,0.0
image_03029.png,1,"[0, 0, 0, 0, 0, 0]",3029,0.0,-3.6679513324970543,5.132658103863385,90.0,0.0,-2.3611567357076257,0.0,0.0,0.0,0.0,0.0,0.0
image_03030.png,1,"[0, 0, 0, 0, 0, 0]",3030,0.0,13.866388280460363,2.5406945045830893,90.0,0.0,-2.0613669279961297,0.0,0.0,0.0,0.0,0.0,0.0
image_03031.png,1,"[0, 0, 0, 0, 0, 0]",3031,0.0,8.452747447296474,5.127247541581238,90.0,0.0,6.070235542979157,0.0,0.0,0.0,0.0,0.0,0.0
image_03032.png,1,"[0, 0, 0, 0, 0, 0]",3032,0.0,-12.818218677956082,3.146143802604696,90.0,0.0,-5.051311289947971,0.0,0.0,0.0,0.0,0.0,0.0
image_03033.png,1,"[0, 0, 0, 0, 0, 0]",3033,0.0,9.762343261348086,-0.14096721310089766,90.0,0.0,13.726598239050537,0.0,0.0,0.0,0.0,0.0,0.0
image_03034.png,1,"[0, 0, 0, 0, 0, 0]",3034,0.0,-2.9399156474600545,-1.3324643348843337,90.0,0.0,-6.272307826813842,0.0,0.0,0.0,0.0,0.0,0.0
image_03035.png,1,"[0, 0, 0, 0, 0, 0]",3035,0.0,-6.612558569173316,3.3534401914124903,90.0,0.0,-3.5530890912843915,0.0,0.0,0.0,0.0,0.0,0.0
image_03036.png,1,"[0, 0, 0, 0, 0, 0]",3036,0.0,-5.446145434079455,3.0131073568310756,90.0,0.0,20.0,0.0,0.0,0.0,0.0,0.0,0.0
image_03037.png,1,"[0, 0, 0, 0, 0, 0]",3037,0.0,-7.427543865870916,3.05307421163619,90.0,0.0,-3.7171712819207148,0.0,0.0,0.0,0.0,0.0,0.0
image_03038.png,1,"[0, 0, 0, 0, 0, 0]",3038,0.0,3.5750096902429576,2.6210161700701864,90.0,0.0,0.8322001643598915,0.0,0.0,0.0,0.0,0.0,0.0
image_03039.png,1,"[0, 0, 0, 0, 0, 0]",3039,0.0,-11.939992773146457,4.200044798503324,90.0,0.0,-7.468439885650079,0.0,0.0,0.0,0.0,0.0,0.0
image_03040.png,1,"[0, 0, 0, 0, 0, 0]",3040,0.0,-4.723566401936367,4.368364390157028,90.0,0.0,-1.2031234052040376,0.0,0.0,0.0,0.0,0.0,0.0
image_03041.png,1,"[0, 0, 0, 0, 0, 0]",3041,0.0,-9.41520655537444,0.5265983186886602,90.0,0.0,-16.682450519461533,0.0,0.0,0.0,0.0,0.0,0.0
image_03042.png,1,"[0, 0, 0, 0, 0, 0]",3042,0.0,6.927183235134336,0.0527958813748608,90.0,0.0,6.15785858500796,0.0,0.0,0.0,0.0,0.0,0.0
image_03043.png,1,"[0, 0, 0, 0, 0, 0]",3043,0.0,5.650804347049686,2.718418704697984,90.0,0.0,4.227050232160522,0.0,0.0,0.0,0.0,0.0,0.0
image_03044.png,1,"[0, 0, 0, 0, 0, 0]",3044,0.0,-12.200042664579996,-0.6434529235058866,90.0,0.0,-6.39910616215652,0.0,0.0,0.0,0.0,0.0,0.0
image_03045.png,1,"[0, 0, 0, 0, 0, 0]",3045,0.0,2.5918094607078643,0.4876629059981421,90.0,0.0,-11.696486245236247,0.0,0.0,0.0,0.0,0.0,0.0
image_03046.png,1,"[0, 0, 0, 0, 0, 0]",3046,0.0,7.323029497459345,3.9398545546285657,90.0,0.0,-4.452942096688584,0.0,0.0,0.0,0.0,0.0,0.0
image_03047.png,1,"[0, 0, 0, 0, 0, 0]",3047,0.0,6.0702252415679325,-0.39827791771699217,90.0,0.0,-3.540068876821174,0.0,0.0,0.0,0.0,0.0,0.0
image_03048.png,1,"[0, 0, 0, 0, 0, 0]",3048,0.0,12.9715760524751,-1.4410555509564797,90.0,0.0,-2.180590866704015,0.0,0.0,0.0,0.0,0.0,0.0
image_03049.png,1,"[0, 0, 0, 0, 0, 0]",3049,0.0,-0.12392379662991004,-1.5606395923709933,90.0,0.0,-6.262354493768115,0.0,0.0,0.0,0.0,0.0,0.0
image_03050.png,1,"[0, 0, 0, 0, 0, 0]",3050,0.0,-11.40818212043446,-0.29825574636578756,90.0,0.0,-5.180222942394693,0.0,0.0,0.0,0.0,0.0,0.0
image_03051.png,1,"[0, 0, 0, 0, 0, 0]",3051,0.0,-6.630685473916316,3.256750082280491,90.0,0.0,10.288553144108494,0.0,0.0,0.0,0.0,0.0,0.0
image_03052.png,1,"[0, 0, 0, 0, 0, 0]",3052,0.0,8.465545393733336,0.28506905770525837,90.0,0.0,-1.4277338964912956,0.0,0.0,0.0,0.0,0.0,0.0
image_03053.png,1,"[0, 0, 0, 0, 0, 0]",3053,0.0,12.6565742617055,3.4382224809975392,90.0,0.0,0.03325310669111564,0.0,0.0,0.0,0.0,0.0,0.0
image_03054.png,1,"[0, 0, 0, 0, 0, 0]",3054,0.0,-6.319294514282234,-0.3995545167271257,90.0,0.0,-0.523122726302273,0.0,0.0,0.0,0.0,0.0,0.0
image_03055.png,1,"[0, 0, 0, 0, 0, 0]",3055,0.0,11.559595707710379,3.868977408664139,90.0,0.0,8.33628676320322,0.0,0.0,0.0,0.0,0.0,0.0
image_03056.png,1,"[0, 0, 0, 0, 0, 0]",3056,0.0,9.861223964449366,-1.1781369401591386,90.0,0.0,-5.858022512055824,0.0,0.0,0.0,0.0,0.0,0.0
image_03057.png,1,"[0, 0, 0, 0, 0, 0]",3057,0.0,3.375999027317299,4.511975997441494,90.0,0.0,15.427139488545981,0.0,0.0,0.0,0.0,0.0,0.0
image_03058.png,1,"[0, 0, 0, 0, 0, 0]",3058,0.0,-13.711061879138555,1.197225442219167,90.0,0.0,-3.739911406257725,0.0,0.0,0.0,0.0,0.0,0.0
image_03059.png,1,"[0, 0, 0, 0, 0, 0]",3059,0.0,-2.9367424254847805,3.5158094026511977,90.0,0.0,-5.768674277130637,0.0,0.0,0.0,0.0,0.0,0.0
image_03060.png,1,"[0, 0, 0, 0, 0, 0]",3060,0.0,7.327670273202337,0.012096313739781817,90.0,0.0,-0.1819711533441854,0.0,0.0,0.0,0.0,0.0,0.0
image_03061.png,1,"[0, 0, 0, 0, 0, 0]",3061,0.0,6.117418402651126,4.631663261730152,90.0,0.0,13.19638589970126,0.0,0.0,0.0,0.0,0.0,0.0
image_03062.png,1,"[0, 0, 0, 0, 0, 0]",3062,0.0,5.435063603313949,2.863943545121593,90.0,0.0,-0.49658178688761334,0.0,0.0,0.0,0.0,0.0,0.0
image_03063.png,1,"[0, 0, 0, 0, 0, 0]",3063,0.0,-2.050154354596998,3.019308064740449,90.0,0.0,-8.270449235540752,0.0,0.0,0.0,0.0,0.0,0.0
image_03064.png,1,"[0, 0, 0, 0, 0, 0]",3064,0.0,1.299902441472014,3.3633598116789356,90.0,0.0,-12.33658335192384,0.0,0.0,0.0,0.0,0.0,0.0
image_03065.png,1,"[0, 0, 0, 0, 0, 0]",3065,0.0,5.41794874617954,2.5301769578923343,90.0,0.0,12.799568172643717,0.0,0.0,0.0,0.0,0.0,0.0
image_03066.png,1,"[0, 0, 0, 0, 0, 0]",3066,0.0,-13.673915607824512,4.970697871272177,90.0,0.0,-0.5011587544985509,0.0,0.0,0.0,0.0,0.0,0.0
image_03067.png,1,"[0, 0, 0, 0, 0, 0]",3067,0.0,-2.123466001071577,-0.0840405499687773,90.0,0.0,15.953531385399131,0.0,0.0,0.0,0.0,0.0,0.0
image_03068.png,1,"[0, 0, 0, 0, 0, 0]",3068,0.0,-5.504418278863355,-0.37810964849051754,90.0,0.0,2.0101789822027576,0.0,0.0,0.0,0.0,0.0,0.0
image_03069.png,1,"[0, 0, 0, 0, 0, 0]",3069,0.0,-12.411136544463773,5.034380509095846,90.0,0.0,-5.875219726608845,0.0,0.0,0.0,0.0,0.0,0.0
image_03070.png,1,"[0, 0, 0, 0, 0, 0]",3070,0.0,7.9909566190021195,-1.813647162191893,90.0,0.0,16.554270202065474,0.0,0.0,0.0,0.0,0.0,0.0
image_03071.png,1,"[0, 0, 0, 0, 0, 0]",3071,0.0,2.321568394064272,-0.6812544926297286,90.0,0.0,14.037355415950662,0.0,0.0,0.0,0.0,0.0,0.0
image_03072.png,1,"[0, 0, 0, 0, 0, 0]",3072,0.0,-9.733689156351844,1.6634567233146633,90.0,0.0,-6.4493104821175455,0.0,0.0,0.0,0.0,0.0,0.0
image_03073.png,1,"[0, 0, 0, 0, 0, 0]",3073,0.0,13.222652317131669,5.447224140484916,90.0,0.0,6.96902084432164,0.0,0.0,0.0,0.0,0.0,0.0
image_03074.png,1,"[0, 0, 0, 0, 0, 0]",3074,0.0,3.3936642207536067,5.3921592187880565,90.0,0.0,-2.058497582263218,0.0,0.0,0.0,0.0,0.0,0.0
image_03075.png,1,"[0, 0, 0, 0, 0, 0]",3075,0.0,5.555692391475105,2.957068044324237,90.0,0.0,15.5872643875289,0.0,0.0,0.0,0.0,0.0,0.0
image_03076.png,1,"[0, 0, 0, 0, 0, 0]",3076,0.0,10.120636077757432,4.708182532058696,90.0,0.0,-0.342321680951344,0.0,0.0,0.0,0.0,0.0,0.0
image_03077.png,1,"[0, 0, 0, 0, 0, 0]",3077,0.0,-11.86756372827277,1.801954760968763,90.0,0.0,16.23968532880362,0.0,0.0,0.0,0.0,0.0,0.0
image_03078.png,1,"[0, 0, 0, 0, 0, 0]",3078,0.0,-12.221521334182768,4.286961353500193,90.0,0.0,-9.579974445433047,0.0,0.0,0.0,0.0,0.0,0.0
image_03079.png,1,"[0, 0, 0, 0, 0, 0]",3079,0.0,-5.993216229138326,2.581155023093343,90.0,0.0,-11.059458399248014,0.0,0.0,0.0,0.0,0.0,0.0
image_03080.png,1,"[0, 0, 0, 0, 0, 0]",3080,0.0,4.509616450754471,-0.7896370842041707,90.0,0.0,6.578737180302974,0.0,0.0,0.0,0.0,0.0,0.0
image_03081.png,1,"[0, 0, 0, 0, 0, 0]",3081,0.0,-8.621980192627234,-0.4123160006763733,90.0,0.0,-5.018924480834851,0.0,0.0,0.0,0.0,0.0,0.0
image_03082.png,1,"[0, 0, 0, 0, 0, 0]",3082,0.0,-13.87972252292704,3.2645179692624486,90.0,0.0,1.8458838248499054,0.0,0.0,0.0,0.0,0.0,0.0
image_03083.png,1,"[0, 0, 0, 0, 0, 0]",3083,0.0,-12.626879421643423,4.333317169163965,90.0,0.0,1.6035106173553202,0.0,0.0,0.0,0.0,0.0,0.0
image_03084.png,1,"[0, 0, 0, 0, 0, 0]",3084,0.0,-13.180541945249885,2.942659941871006,90.0,0.0,-4.742537653900153,0.0,0.0,0.0,0.0,0.0,0.0
image_03085.png,1,"[0, 0, 0, 0, 0, 0]",3085,0.0,-6.838198945115764,2.551142248649011,90.0,0.0,-0.9357468242326087,0.0,0.0,0.0,0.0,0.0,0.0
image_03086.png,1,"[0, 0, 0, 0, 0, 0]",3086,0.0,-5.140234870057867,-1.6030439397937348,90.0,0.0,13.717394831402562,0.0,0.0,0.0,0.0,0.0,0.0
image_03087.png,1,"[0, 0, 0, 0, 0, 0]",3087,0.0,-1.1981968381184842,0.6438479581315542,90.0,0.0,12.22096537417421,0.0,0.0,0.0,0.0,0.0,0.0
image_03088.png,1,"[0, 0, 0, 0, 0, 0]",3088,0.0,2.5579725295399953,4.978700192534237,90.0,0.0,4.792815138847682,0.0,0.0,0.0,0.0,0.0,0.0
image_03089.png,1,"[0, 0, 0, 0, 0, 0]",3089,0.0,-5.182925319001967,2.3557611343883584,90.0,0.0,-2.725651335315297,0.0,0.0,0.0,0.0,0.0,0.0
image_03090.png,1,"[0, 0, 0, 0, 0, 0]",3090,0.0,3.0173829178135065,2.471670934842275,90.0,0.0,8.250447681424182,0.0,0.0,0.0,0.0,0.0,0.0
image_03091.png,1,"[0, 0, 0, 0, 0, 0]",3091,0.0,-4.418882661558115,-1.7265966203785756,90.0,0.0,0.5787136741039369,0.0,0.0,0.0,0.0,0.0,0.0
image_03092.png,1,"[0, 0, 0, 0, 0, 0]",3092,0.0,-13.533105022364083,4.966954355745703,90.0,0.0,-1.0470035340462387,0.0,0.0,0.0,0.0,0.0,0.0
image_03093.png,1,"[0, 0, 0, 0, 0, 0]",3093,0.0,-4.473464529944621,0.7945085481160579,90.0,0.0,15.433254301225903,0.0,0.0,0.0,0.0,0.0,0.0
image_03094.png,1,"[0, 0, 0, 0, 0, 0]",3094,0.0,-11.661032955244337,3.2481962540843456,90.0,0.0,8.877724660973684,0.0,0.0,0.0,0.0,0.0,0.0
image_03095.png,1,"[0, 0, 0, 0, 0, 0]",3095,0.0,6.0797700020385435,5.466841191415332,90.0,0.0,2.240534688413072,0.0,0.0,0.0,0.0,0.0,0.0
image_03096.png,1,"[0, 0, 0, 0, 0, 0]",3096,0.0,-8.138578286419929,1.857237279483913,90.0,0.0,1.615097034637288,0.0,0.0,0.0,0.0,0.0,0.0
image_03097.png,1,"[0, 0, 0, 0, 0, 0]",3097,0.0,-10.742527811648515,-1.9692670728969621,90.0,0.0,-6.0255056727566005,0.0,0.0,0.0,0.0,0.0,0.0
image_03098.png,1,"[0, 0, 0, 0, 0, 0]",3098,0.0,9.743307167445607,2.5193901021072147,90.0,0.0,-1.3706160223078074,0.0,0.0,0.0,0.0,0.0,0.0
image_03099.png,1,"[0, 0, 0, 0, 0, 0]",3099,0.0,-13.68997240611455,-0.9754741705309926,90.0,0.0,1.41507612091529,0.0,0.0,0.0,0.0,0.0,0.0
image_03100.png,1,"[0, 0, 0, 0, 0, 0]",3100,0.0,2.6256900786882795,3.3891897990319944,90.0,0.0,5.41425595248418,0.0,0.0,0.0,0.0,0.0,0.0
image_03101.png,1,"[0, 0, 0, 0, 0, 0]",3101,0.0,13.263846875585202,-1.3490343780958052,90.0,0.0,10.05958973174166,0.0,0.0,0.0,0.0,0.0,0.0
image_03102.png,1,"[0, 0, 0, 0, 0, 0]",3102,0.0,-12.167121607955792,0.6738160423229789,90.0,0.0,-0.5280205768729911,0.0,0.0,0.0,0.0,0.0,0.0
image_03103.png,1,"[0, 0, 0, 0, 0, 0]",3103,0.0,-6.48990211617982,-1.7988905724363027,90.0,0.0,-2.1614618819509746,0.0,0.0,0.0,0.0,0.0,0.0
image_03104.png,1,"[0, 0, 0, 0, 0, 0]",3104,0.0,13.208005780069882,5.481893015520131,90.0,0.0,2.5679841917598103,0.0,0.0,0.0,0.0,0.0,0.0
image_03105.png,1,"[0, 0, 0, 0, 0, 0]",3105,0.0,6.52130912544996,5.2436009487641755,90.0,0.0,-10.091311692853036,0.0,0.0,0.0,0.0,0.0,0.0
image_03106.png,1,"[0, 0, 0, 0, 0, 0]",3106,0.0,12.534368986224713,0.7530778468133703,90.0,0.0,9.92503800400853,0.0,0.0,0.0,0.0,0.0,0.0
image_03107.png,1,"[0, 0, 0, 0, 0, 0]",3107,0.0,-11.595817959911756,2.442316469284803,90.0,0.0,-2.8477373584740775,0.0,0.0,0.0,0.0,0.0,0.0
image_03108.png,1,"[0, 0, 0, 0, 0, 0]",3108,0.0,-4.628212722337395,-1.7871588919384676,90.0,0.0,-7.995447208647044,0.0,0.0,0.0,0.0,0.0,0.0
image_03109.png,1,"[0, 0, 0, 0, 0, 0]",3109,0.0,4.392773168629915,0.5360548489471322,90.0,0.0,-7.396093520228724,0.0,0.0,0.0,0.0,0.0,0.0
image_03110.png,1,"[0, 0, 0, 0, 0, 0]",3110,0.0,2.9510792179263063,2.3720095572513715,90.0,0.0,-5.961299403076601,0.0,0.0,0.0,0.0,0.0,0.0
image_03111.png,1,"[0, 0, 0, 0, 0, 0]",3111,0.0,7.7182000946021105,2.2610000893539492,90.0,0.0,4.157780634978962,0.0,0.0,0.0,0.0,0.0,0.0
image_03112.png,1,"[0, 0, 0, 0, 0, 0]",3112,0.0,-5.29494902222612,3.62342667244267,90.0,0.0,-7.14900973098143,0.0,0.0,0.0,0.0,0.0,0.0
image_03113.png,1,"[0, 0, 0, 0, 0, 0]",3113,0.0,12.146203105689196,0.7455918862993576,90.0,0.0,6.109779532822839,0.0,0.0,0.0,0.0,0.0,0.0
image_03114.png,1,"[0, 0, 0, 0, 0, 0]",3114,0.0,-4.5538004167349015,1.7780680184505728,90.0,0.0,-10.999932290675465,0.0,0.0,0.0,0.0,0.0,0.0
image_03115.png,1,"[0, 0, 0, 0, 0, 0]",3115,0.0,3.3377799533466685,-0.9559653584234435,90.0,0.0,1.7434563734198067,0.0,0.0,0.0,0.0,0.0,0.0
image_03116.png,1,"[0, 0, 0, 0, 0, 0]",3116,0.0,11.82419165256563,-1.0082081114839285,90.0,0.0,-9.860195825660224,0.0,0.0,0.0,0.0,0.0,0.0
image_03117.png,1,"[0, 0, 0, 0, 0, 0]",3117,0.0,-4.5836301621822315,2.8685219527059447,90.0,0.0,8.288544701607963,0.0,0.0,0.0,0.0,0.0,0.0
image_03118.png,1,"[0, 0, 0, 0, 0, 0]",3118,0.0,-11.356892532999495,1.8568496495191864,90.0,0.0,-12.53222549173259,0.0,0.0,0.0,0.0,0.0,0.0
image_03119.png,1,"[0, 0, 0, 0, 0, 0]",3119,0.0,-4.936739682066431,5.123080364437418,90.0,0.0,-3.5877197712008595,0.0,0.0,0.0,0.0,0.0,0.0
image_03120.png,1,"[0, 0, 0, 0, 0, 0]",3120,0.0,8.22952137736032,-1.2114268766056115,90.0,0.0,10.775317622577326,0.0,0.0,0.0,0.0,0.0,0.0
image_03121.png,1,"[0, 0, 0, 0, 0, 0]",3121,0.0,-5.7976793220248055,-1.5327948620382699,90.0,0.0,-2.5765178032522686,0.0,0.0,0.0,0.0,0.0,0.0
image_03122.png,1,"[0, 0, 0, 0, 0, 0]",3122,0.0,-7.203906065626882,-1.1281253690981674,90.0,0.0,-8.340316401360848,0.0,0.0,0.0,0.0,0.0,0.0
image_03123.png,1,"[0, 0, 0, 0, 0, 0]",3123,0.0,2.186308673054377,2.4258773309892367,90.0,0.0,-2.078593574178327,0.0,0.0,0.0,0.0,0.0,0.0
image_03124.png,1,"[0, 0, 0, 0, 0, 0]",3124,0.0,9.653343388560451,-1.2695386230857886,90.0,0.0,-8.70104210298304,0.0,0.0,0.0,0.0,0.0,0.0
image_03125.png,1,"[0, 0, 0, 0, 0, 0]",3125,0.0,3.4613616841244976,-0.6837696720767661,90.0,0.0,16.00570019287865,0.0,0.0,0.0,0.0,0.0,0.0
image_03126.png,1,"[0, 0, 0, 0, 0, 0]",3126,0.0,1.3795698277029942,2.4852961138049983,90.0,0.0,-0.23176466966167203,0.0,0.0,0.0,0.0,0.0,0.0
image_03127.png,1,"[0, 0, 0, 0, 0, 0]",3127,0.0,-2.7270823327863667,1.2530319433743928,90.0,0.0,-2.957069106284491,0.0,0.0,0.0,0.0,0.0,0.0
image_03128.png,1,"[0, 0, 0, 0, 0, 0]",3128,0.0,10.774410335652732,1.5362725126402808,90.0,0.0,-9.949306790348725,0.0,0.0,0.0,0.0,0.0,0.0
image_03129.png,1,"[0, 0, 0, 0, 0, 0]",3129,0.0,-8.830835095728759,2.952319366513109,90.0,0.0,-8.341608694875264,0.0,0.0,0.0,0.0,0.0,0.0
image_03130.png,1,"[0, 0, 0, 0, 0, 0]",3130,0.0,-5.313993535430271,3.699193809118584,90.0,0.0,-2.5230256946872625,0.0,0.0,0.0,0.0,0.0,0.0
image_03131.png,1,"[0, 0, 0, 0, 0, 0]",3131,0.0,11.874084869532709,4.145098484672326,90.0,0.0,-3.1016951730402127,0.0,0.0,0.0,0.0,0.0,0.0
image_03132.png,1,"[0, 0, 0, 0, 0, 0]",3132,0.0,13.050271851928201,3.5264599714869673,90.0,0.0,5.656715621894284,0.0,0.0,0.0,0.0,0.0,0.0
image_03133.png,1,"[0, 0, 0, 0, 0, 0]",3133,0.0,-8.687335798089578,0.2221191884923166,90.0,0.0,-2.744577982306685,0.0,0.0,0.0,0.0,0.0,0.0
image_03134.png,1,"[0, 0, 0, 0, 0, 0]",3134,0.0,-4.877985098791967,5.40448971037279,90.0,0.0,10.257275394703655,0.0,0.0,0.0,0.0,0.0,0.0
image_03135.png,1,"[0, 0, 0, 0, 0, 0]",3135,0.0,-1.360783049039263,3.540291029699614,90.0,0.0,6.8179841439685305,0.0,0.0,0.0,0.0,0.0,0.0
image_03136.png,1,"[0, 0, 0, 0, 0, 0]",3136,0.0,-9.727409489521875,5.061516669883287,90.0,0.0,-2.0151753314850147,0.0,0.0,0.0,0.0,0.0,0.0
image_03137.png,1,"[0, 0, 0, 0, 0, 0]",3137,0.0,-12.83820162532787,1.892149968466955,90.0,0.0,-9.94882811614521,0.0,0.0,0.0,0.0,0.0,0.0
image_03138.png,1,"[0, 0, 0, 0, 0, 0]",3138,0.0,9.111551620028429,2.080485215994086,90.0,0.0,4.146157455227061,0.0,0.0,0.0,0.0,0.0,0.0
image_03139.png,1,"[0, 0, 0, 0, 0, 0]",3139,0.0,-3.594139204091661,3.8337459816130544,90.0,0.0,-16.554933686137346,0.0,0.0,0.0,0.0,0.0,0.0
image_03140.png,1,"[0, 0, 0, 0, 0, 0]",3140,0.0,-4.990679201251737,-0.3971227048851511,90.0,0.0,2.0509589975401634,0.0,0.0,0.0,0.0,0.0,0.0
image_03141.png,1,"[0, 0, 0, 0, 0, 0]",3141,0.0,-4.306370606682407,2.5634437635193006,90.0,0.0,5.310400294167653,0.0,0.0,0.0,0.0,0.0,0.0
image_03142.png,1,"[0, 0, 0, 0, 0, 0]",3142,0.0,-12.251019240150967,1.4039724079753255,90.0,0.0,1.420198780976318,0.0,0.0,0.0,0.0,0.0,0.0
image_03143.png,1,"[0, 0, 0, 0, 0, 0]",3143,0.0,-13.381406706018083,0.4697059546395823,90.0,0.0,-2.173510824896637,0.0,0.0,0.0,0.0,0.0,0.0
image_03144.png,1,"[0, 0, 0, 0, 0, 0]",3144,0.0,12.773801425098256,-1.4015821428098834,90.0,0.0,4.310282220680295,0.0,0.0,0.0,0.0,0.0,0.0
image_03145.png,1,"[0, 0, 0, 0, 0, 0]",3145,0.0,-13.907098963254157,-0.5913287997644614,90.0,0.0,-5.269059406865769,0.0,0.0,0.0,0.0,0.0,0.0
image_03146.png,1,"[0, 0, 0, 0, 0, 0]",3146,0.0,3.094701295605958,-0.49437751716715894,90.0,0.0,5.1330712295347745,0.0,0.0,0.0,0.0,0.0,0.0
image_03147.png,1,"[0, 0, 0, 0, 0, 0]",3147,0.0,8.114889853260877,0.11598605548582164,90.0,0.0,-9.168369920610427,0.0,0.0,0.0,0.0,0.0,0.0
image_03148.png,1,"[0, 0, 0, 0, 0, 0]",3148,0.0,8.400056653306649,2.780927966582361,90.0,0.0,-3.8562703765834785,0.0,0.0,0.0,0.0,0.0,0.0
image_03149.png,1,"[0, 0, 0, 0, 0, 0]",3149,0.0,4.143512877077008,1.8223813544319993,90.0,0.0,8.521686610796815,0.0,0.0,0.0,0.0,0.0,0.0
image_03150.png,1,"[0, 0, 0, 0, 0, 0]",3150,0.0,13.812982449501717,0.4603876591075786,90.0,0.0,-8.672674758006057,0.0,0.0,0.0,0.0,0.0,0.0
image_03151.png,1,"[0, 0, 0, 0, 0, 0]",3151,0.0,-5.40345431430967,4.0483009058512565,90.0,0.0,-0.21060923623641242,0.0,0.0,0.0,0.0,0.0,0.0
image_03152.png,1,"[0, 0, 0, 0, 0, 0]",3152,0.0,-0.9423597855197343,2.7084581321872747,90.0,0.0,6.53653008014674,0.0,0.0,0.0,0.0,0.0,0.0
image_03153.png,1,"[0, 0, 0, 0, 0, 0]",3153,0.0,10.778842792220573,0.3393442665391557,90.0,0.0,-5.873069942046511,0.0,0.0,0.0,0.0,0.0,0.0
image_03154.png,1,"[0, 0, 0, 0, 0, 0]",3154,0.0,-4.651360432571451,1.8103578123432387,90.0,0.0,5.812267143207112,0.0,0.0,0.0,0.0,0.0,0.0
image_03155.png,1,"[0, 0, 0, 0, 0, 0]",3155,0.0,-8.17740546853048,5.09820244484453,90.0,0.0,2.5318493288342654,0.0,0.0,0.0,0.0,0.0,0.0
image_03156.png,1,"[0, 0, 0, 0, 0, 0]",3156,0.0,8.884687091528988,0.020737199516781324,90.0,0.0,-6.685003546969955,0.0,0.0,0.0,0.0,0.0,0.0
image_03157.png,1,"[0, 0, 0, 0, 0, 0]",3157,0.0,12.015485516104931,5.4527179884457055,90.0,0.0,-5.708820173312377,0.0,0.0,0.0,0.0,0.0,0.0
image_03158.png,1,"[0, 0, 0, 0, 0, 0]",3158,0.0,-13.056963669849466,2.3459772345677976,90.0,0.0,4.3101879463334205,0.0,0.0,0.0,0.0,0.0,0.0
image_03159.png,1,"[0, 0, 0, 0, 0, 0]",3159,0.0,12.342162363207116,4.163957141975,90.0,0.0,-7.079032928958077,0.0,0.0,0.0,0.0,0.0,0.0
image_03160.png,1,"[0, 0, 0, 0, 0, 0]",3160,0.0,-4.945545363727433,5.09124189645467,90.0,0.0,-7.064334499266522,0.0,0.0,0.0,0.0,0.0,0.0
image_03161.png,1,"[0, 0, 0, 0, 0, 0]",3161,0.0,-5.989711743580557,3.0011183543503943,90.0,0.0,0.8438468233097326,0.0,0.0,0.0,0.0,0.0,0.0
image_03162.png,1,"[0, 0, 0, 0, 0, 0]",3162,0.0,-5.917649961387525,0.4045640394577674,90.0,0.0,-0.8290481724422971,0.0,0.0,0.0,0.0,0.0,0.0
image_03163.png,1,"[0, 0, 0, 0, 0, 0]",3163,0.0,-0.0957636175601948,-0.48569625017165374,90.0,0.0,19.09073662041349,0.0,0.0,0.0,0.0,0.0,0.0
image_03164.png,1,"[0, 0, 0, 0, 0, 0]",3164,0.0,11.411809420092013,-1.027109102571297,90.0,0.0,-7.551304533781428,0.0,0.0,0.0,0.0,0.0,0.0
image_03165.png,1,"[0, 0, 0, 0, 0, 0]",3165,0.0,-4.547967351548877,3.3382471085878676,90.0,0.0,-5.7452662656936955,0.0,0.0,0.0,0.0,0.0,0.0
image_03166.png,1,"[0, 0, 0, 0, 0, 0]",3166,0.0,-2.5342052017375565,1.1436106416381415,90.0,0.0,11.978493872509322,0.0,0.0,0.0,0.0,0.0,0.0
image_03167.png,1,"[0, 0, 0, 0, 0, 0]",3167,0.0,8.605200022379364,4.0408083062823525,90.0,0.0,-2.383068034479325,0.0,0.0,0.0,0.0,0.0,0.0
image_03168.png,1,"[0, 0, 0, 0, 0, 0]",3168,0.0,-11.050758959611784,1.3822899867352554,90.0,0.0,-1.7509701957231827,0.0,0.0,0.0,0.0,0.0,0.0
image_03169.png,1,"[0, 0, 0, 0, 0, 0]",3169,0.0,-11.256782835452924,3.671649005551406,90.0,0.0,-3.4132320262450526,0.0,0.0,0.0,0.0,0.0,0.0
image_03170.png,1,"[0, 0, 0, 0, 0, 0]",3170,0.0,-2.5057813848905397,-1.7685504578282396,90.0,0.0,3.800146407108956,0.0,0.0,0.0,0.0,0.0,0.0
image_03171.png,1,"[0, 0, 0, 0, 0, 0]",3171,0.0,-10.583395094906393,0.7402003204361693,90.0,0.0,3.8087917138500464,0.0,0.0,0.0,0.0,0.0,0.0
image_03172.png,1,"[0, 0, 0, 0, 0, 0]",3172,0.0,-8.52881118124219,0.959593982322613,90.0,0.0,3.2647720098690742,0.0,0.0,0.0,0.0,0.0,0.0
image_03173.png,1,"[0, 0, 0, 0, 0, 0]",3173,0.0,-2.47731593076643,3.801723371050887,90.0,0.0,8.313864570749073,0.0,0.0,0.0,0.0,0.0,0.0
image_03174.png,1,"[0, 0, 0, 0, 0, 0]",3174,0.0,-6.380918364622076,-0.2696953574612919,90.0,0.0,-10.304487700152649,0.0,0.0,0.0,0.0,0.0,0.0
image_03175.png,1,"[0, 0, 0, 0, 0, 0]",3175,0.0,-4.591755938461546,-1.6314639370660806,90.0,0.0,1.7334196975704952,0.0,0.0,0.0,0.0,0.0,0.0
image_03176.png,1,"[0, 0, 0, 0, 0, 0]",3176,0.0,3.067081568102715,3.273423193379923,90.0,0.0,3.1971727609202354,0.0,0.0,0.0,0.0,0.0,0.0
image_03177.png,1,"[0, 0, 0, 0, 0, 0]",3177,0.0,0.0651804767703652,-1.5525949705277537,90.0,0.0,0.4171246300267594,0.0,0.0,0.0,0.0,0.0,0.0
image_03178.png,1,"[0, 0, 0, 0, 0, 0]",3178,0.0,-2.2318428316879846,5.028869212585048,90.0,0.0,0.5983792474395061,0.0,0.0,0.0,0.0,0.0,0.0
image_03179.png,1,"[0, 0, 0, 0, 0, 0]",3179,0.0,2.099693742606121,0.15123246113229616,90.0,0.0,-4.629498350020206,0.0,0.0,0.0,0.0,0.0,0.0
image_03180.png,1,"[0, 0, 0, 0, 0, 0]",3180,0.0,-13.487712575775276,-0.37822248628790267,90.0,0.0,-13.313607039509053,0.0,0.0,0.0,0.0,0.0,0.0
image_03181.png,1,"[0, 0, 0, 0, 0, 0]",3181,0.0,-11.838281656471025,-1.4474046392750977,90.0,0.0,3.0884600175282353,0.0,0.0,0.0,0.0,0.0,0.0
image_03182.png,1,"[0, 0, 0, 0, 0, 0]",3182,0.0,1.7138138749958003,5.342741897593353,90.0,0.0,10.218697225154845,0.0,0.0,0.0,0.0,0.0,0.0
image_03183.png,1,"[0, 0, 0, 0, 0, 0]",3183,0.0,12.631136862086151,3.6493586721389546,90.0,0.0,0.9349234757776039,0.0,0.0,0.0,0.0,0.0,0.0
image_03184.png,1,"[0, 0, 0, 0, 0, 0]",3184,0.0,-7.653392348278004,-1.7705390843620545,90.0,0.0,4.475670856819908,0.0,0.0,0.0,0.0,0.0,0.0
image_03185.png,1,"[0, 0, 0, 0, 0, 0]",3185,0.0,-12.388985698094203,-1.2179452726076683,90.0,0.0,3.746535826079603,0.0,0.0,0.0,0.0,0.0,0.0
image_03186.png,1,"[0, 0, 0, 0, 0, 0]",3186,0.0,-10.172975240414146,-0.4492358716712115,90.0,0.0,5.748531539053409,0.0,0.0,0.0,0.0,0.0,0.0
image_03187.png,1,"[0, 0, 0, 0, 0, 0]",3187,0.0,-11.727551658925648,2.3983803691900896,90.0,0.0,-13.488026213171379,0.0,0.0,0.0,0.0,0.0,0.0
image_03188.png,1,"[0, 0, 0, 0, 0, 0]",3188,0.0,-5.564694434588546,-0.7965025715957799,90.0,0.0,-1.743149069180347,0.0,0.0,0.0,0.0,0.0,0.0
image_03189.png,1,"[0, 0, 0, 0, 0, 0]",3189,0.0,13.13113580887051,3.467643669555194,90.0,0.0,8.66197601417005,0.0,0.0,0.0,0.0,0.0,0.0
image_03190.png,1,"[0, 0, 0, 0, 0, 0]",3190,0.0,-3.3930720318927143,3.4998365652670147,90.0,0.0,-5.334419658801765,0.0,0.0,0.0,0.0,0.0,0.0
image_03191.png,1,"[0, 0, 0, 0, 0, 0]",3191,0.0,5.763900686476205,0.8799774806821978,90.0,0.0,-11.24710326795035,0.0,0.0,0.0,0.0,0.0,0.0
image_03192.png,1,"[0, 0, 0, 0, 0, 0]",3192,0.0,-7.599540183003597,1.8528609359379722,90.0,0.0,10.827765297098942,0.0,0.0,0.0,0.0,0.0,0.0
image_03193.png,1,"[0, 0, 0, 0, 0, 0]",3193,0.0,-2.352183983137124,1.8257438527657208,90.0,0.0,8.55126659545658,0.0,0.0,0.0,0.0,0.0,0.0
image_03194.png,1,"[0, 0, 0, 0, 0, 0]",3194,0.0,-6.228149121563533,4.968582139294654,90.0,0.0,-9.277978254739486,0.0,0.0,0.0,0.0,0.0,0.0
image_03195.png,1,"[0, 0, 0, 0, 0, 0]",3195,0.0,2.051228911565687,4.457599450016519,90.0,0.0,6.3883736605313945,0.0,0.0,0.0,0.0,0.0,0.0
image_03196.png,1,"[0, 0, 0, 0, 0, 0]",3196,0.0,8.242215048903446,2.0157060771422532,90.0,0.0,7.560785153702548,0.0,0.0,0.0,0.0,0.0,0.0
image_03197.png,1,"[0, 0, 0, 0, 0, 0]",3197,0.0,-0.5535820206349342,4.392033644039727,90.0,0.0,-5.718569327165848,0.0,0.0,0.0,0.0,0.0,0.0
image_03198.png,1,"[0, 0, 0, 0, 0, 0]",3198,0.0,0.46827621696839117,-1.0889589021038983,90.0,0.0,9.301450438576788,0.0,0.0,0.0,0.0,0.0,0.0
image_03199.png,1,"[0, 0, 0, 0, 0, 0]",3199,0.0,12.031023011219162,-0.44222918102824593,90.0,0.0,-5.333503686681111,0.0,0.0,0.0,0.0,0.0,0.0
image_03200.png,1,"[0, 0, 0, 0, 0, 0]",3200,0.0,-10.517270411739418,0.7965218798748377,90.0,0.0,0.7308491639851942,0.0,0.0,0.0,0.0,0.0,0.0
image_03201.png,1,"[0, 0, 0, 0, 0, 0]",3201,0.0,-0.42375867147474366,1.367310648996976,90.0,0.0,-0.8119980456355402,0.0,0.0,0.0,0.0,0.0,0.0
image_03202.png,1,"[0, 0, 0, 0, 0, 0]",3202,0.0,-4.892270832385151,2.1170297247067724,90.0,0.0,-3.38491160719771,0.0,0.0,0.0,0.0,0.0,0.0
image_03203.png,1,"[0, 0, 0, 0, 0, 0]",3203,0.0,-1.659234311411936,3.752542352882074,90.0,0.0,-16.212427915242728,0.0,0.0,0.0,0.0,0.0,0.0
image_03204.png,1,"[0, 0, 0, 0, 0, 0]",3204,0.0,-10.463503334650042,-1.2517304378462497,90.0,0.0,9.081870887337875,0.0,0.0,0.0,0.0,0.0,0.0
image_03205.png,1,"[0, 0, 0, 0, 0, 0]",3205,0.0,12.788956704355435,4.909229400610506,90.0,0.0,6.122321398265932,0.0,0.0,0.0,0.0,0.0,0.0
image_03206.png,1,"[0, 0, 0, 0, 0, 0]",3206,0.0,13.505905860392488,-1.6733903682787865,90.0,0.0,-5.217194430165952,0.0,0.0,0.0,0.0,0.0,0.0
image_03207.png,1,"[0, 0, 0, 0, 0, 0]",3207,0.0,7.238404919005482,4.692391147348927,90.0,0.0,0.018442556831803583,0.0,0.0,0.0,0.0,0.0,0.0
image_03208.png,1,"[0, 0, 0, 0, 0, 0]",3208,0.0,12.110567858172864,0.949511578931495,90.0,0.0,-2.2562438625681374,0.0,0.0,0.0,0.0,0.0,0.0
image_03209.png,1,"[0, 0, 0, 0, 0, 0]",3209,0.0,-0.31211403176356356,5.07611822577696,90.0,0.0,12.760030582015455,0.0,0.0,0.0,0.0,0.0,0.0
image_03210.png,1,"[0, 0, 0, 0, 0, 0]",3210,0.0,3.8873145176698998,3.8591067817423284,90.0,0.0,8.100919217576687,0.0,0.0,0.0,0.0,0.0,0.0
image_03211.png,1,"[0, 0, 0, 0, 0, 0]",3211,0.0,-12.806209375486759,-1.232280303143321,90.0,0.0,5.6278877282801085,0.0,0.0,0.0,0.0,0.0,0.0
image_03212.png,1,"[0, 0, 0, 0, 0, 0]",3212,0.0,5.183154056881072,5.0776197122469835,90.0,0.0,15.475668453203587,0.0,0.0,0.0,0.0,0.0,0.0
image_03213.png,1,"[0, 0, 0, 0, 0, 0]",3213,0.0,10.26396077604845,5.326428087670589,90.0,0.0,6.019644210816263,0.0,0.0,0.0,0.0,0.0,0.0
image_03214.png,1,"[0, 0, 0, 0, 0, 0]",3214,0.0,-12.488473370434093,0.6092163781150237,90.0,0.0,-5.846110229495395,0.0,0.0,0.0,0.0,0.0,0.0
image_03215.png,1,"[0, 0, 0, 0, 0, 0]",3215,0.0,-13.025256382471355,3.345937596387863,90.0,0.0,-2.1893591531650753,0.0,0.0,0.0,0.0,0.0,0.0
image_03216.png,1,"[0, 0, 0, 0, 0, 0]",3216,0.0,-13.448623981025662,-0.9749059954268606,90.0,0.0,-5.255080876724337,0.0,0.0,0.0,0.0,0.0,0.0
image_03217.png,1,"[0, 0, 0, 0, 0, 0]",3217,0.0,13.913108998170145,5.203193726079381,90.0,0.0,-4.334534164758099,0.0,0.0,0.0,0.0,0.0,0.0
image_03218.png,1,"[0, 0, 0, 0, 0, 0]",3218,0.0,0.6778863633452019,5.301937594546108,90.0,0.0,0.0995306333729763,0.0,0.0,0.0,0.0,0.0,0.0
image_03219.png,1,"[0, 0, 0, 0, 0, 0]",3219,0.0,6.504636736841611,2.3057970539128423,90.0,0.0,2.7800304666032725,0.0,0.0,0.0,0.0,0.0,0.0
image_03220.png,1,"[0, 0, 0, 0, 0, 0]",3220,0.0,-5.80565342283731,-1.2439728499339504,90.0,0.0,2.2722629894230004,0.0,0.0,0.0,0.0,0.0,0.0
image_03221.png,1,"[0, 0, 0, 0, 0, 0]",3221,0.0,-4.3160607474775645,0.5567028148479878,90.0,0.0,-13.402735306787338,0.0,0.0,0.0,0.0,0.0,0.0
image_03222.png,1,"[0, 0, 0, 0, 0, 0]",3222,0.0,-4.141138629641247,2.2159052078558297,90.0,0.0,13.781960477251198,0.0,0.0,0.0,0.0,0.0,0.0
image_03223.png,1,"[0, 0, 0, 0, 0, 0]",3223,0.0,-2.8526314016543495,5.429974983045181,90.0,0.0,-0.83136320464087,0.0,0.0,0.0,0.0,0.0,0.0
image_03224.png,1,"[0, 0, 0, 0, 0, 0]",3224,0.0,5.8953349887510385,5.127440812680518,90.0,0.0,10.763760452834934,0.0,0.0,0.0,0.0,0.0,0.0
image_03225.png,1,"[0, 0, 0, 0, 0, 0]",3225,0.0,8.865470696816502,1.036217105213109,90.0,0.0,9.019974731954088,0.0,0.0,0.0,0.0,0.0,0.0
image_03226.png,1,"[0, 0, 0, 0, 0, 0]",3226,0.0,4.479952466880015,1.4921044143324695,90.0,0.0,1.2609511327802372,0.0,0.0,0.0,0.0,0.0,0.0
image_03227.png,1,"[0, 0, 0, 0, 0, 0]",3227,0.0,-13.958304157100372,2.209366139076665,90.0,0.0,0.3840796863966978,0.0,0.0,0.0,0.0,0.0,0.0
image_03228.png,1,"[0, 0, 0, 0, 0, 0]",3228,0.0,-0.5663124643364412,3.9431621103096157,90.0,0.0,-3.8661800367850794,0.0,0.0,0.0,0.0,0.0,0.0
image_03229.png,1,"[0, 0, 0, 0, 0, 0]",3229,0.0,-1.5578116050376138,0.8152456583379206,90.0,0.0,-3.734401458233934,0.0,0.0,0.0,0.0,0.0,0.0
image_03230.png,1,"[0, 0, 0, 0, 0, 0]",3230,0.0,13.120925141158864,-0.7523745665896606,90.0,0.0,8.731006571697606,0.0,0.0,0.0,0.0,0.0,0.0
image_03231.png,1,"[0, 0, 0, 0, 0, 0]",3231,0.0,-11.304137743881085,-0.05227413509551515,90.0,0.0,1.260084490254267,0.0,0.0,0.0,0.0,0.0,0.0
image_03232.png,1,"[0, 0, 0, 0, 0, 0]",3232,0.0,-6.8513473090092845,2.9198129981519507,90.0,0.0,0.9170092457856628,0.0,0.0,0.0,0.0,0.0,0.0
image_03233.png,1,"[0, 0, 0, 0, 0, 0]",3233,0.0,13.471486060497483,0.23700067718579998,90.0,0.0,-1.3470882556374038,0.0,0.0,0.0,0.0,0.0,0.0
image_03234.png,1,"[0, 0, 0, 0, 0, 0]",3234,0.0,-2.8440664152918274,-1.7987314258867473,90.0,0.0,-17.733822803770497,0.0,0.0,0.0,0.0,0.0,0.0
image_03235.png,1,"[0, 0, 0, 0, 0, 0]",3235,0.0,11.094804721170576,-1.933579544300527,90.0,0.0,-9.179670955033254,0.0,0.0,0.0,0.0,0.0,0.0
image_03236.png,1,"[0, 0, 0, 0, 0, 0]",3236,0.0,9.820218821382824,2.352380025431718,90.0,0.0,-0.8356327043192187,0.0,0.0,0.0,0.0,0.0,0.0
image_03237.png,1,"[0, 0, 0, 0, 0, 0]",3237,0.0,2.027733729970265,3.4379181459471404,90.0,0.0,11.511261415884173,0.0,0.0,0.0,0.0,0.0,0.0
image_03238.png,1,"[0, 0, 0, 0, 0, 0]",3238,0.0,7.3980518855977095,-1.7515344105528137,90.0,0.0,10.41258130492187,0.0,0.0,0.0,0.0,0.0,0.0
image_03239.png,1,"[0, 0, 0, 0, 0, 0]",3239,0.0,-2.8492326658955136,1.9376452872840186,90.0,0.0,9.222836891581789,0.0,0.0,0.0,0.0,0.0,0.0
image_03240.png,1,"[0, 0, 0, 0, 0, 0]",3240,0.0,10.302825873475243,0.35233083180084357,90.0,0.0,-5.980845023553509,0.0,0.0,0.0,0.0,0.0,0.0
image_03241.png,1,"[0, 0, 0, 0, 0, 0]",3241,0.0,-9.134291925164845,2.867820931720355,90.0,0.0,7.266901752260934,0.0,0.0,0.0,0.0,0.0,0.0
image_03242.png,1,"[0, 0, 0, 0, 0, 0]",3242,0.0,1.7080658013831709,1.4806611089445347,90.0,0.0,-0.9975187049439637,0.0,0.0,0.0,0.0,0.0,0.0
image_03243.png,1,"[0, 0, 0, 0, 0, 0]",3243,0.0,13.969694253516167,4.095255773599312,90.0,0.0,0.48532108766637594,0.0,0.0,0.0,0.0,0.0,0.0
image_03244.png,1,"[0, 0, 0, 0, 0, 0]",3244,0.0,3.427444557720321,1.6093791786927865,90.0,0.0,12.308006508588008,0.0,0.0,0.0,0.0,0.0,0.0
image_03245.png,1,"[0, 0, 0, 0, 0, 0]",3245,0.0,0.06586693882839256,1.1402068348614653,90.0,0.0,-1.568366494183348,0.0,0.0,0.0,0.0,0.0,0.0
image_03246.png,1,"[0, 0, 0, 0, 0, 0]",3246,0.0,9.268771429835859,0.4952683346463478,90.0,0.0,10.143154816855443,0.0,0.0,0.0,0.0,0.0,0.0
image_03247.png,1,"[0, 0, 0, 0, 0, 0]",3247,0.0,-8.550424524806076,0.3047606343840292,90.0,0.0,7.7591465431291065,0.0,0.0,0.0,0.0,0.0,0.0
image_03248.png,1,"[0, 0, 0, 0, 0, 0]",3248,0.0,13.940528103985834,-1.365716023448635,90.0,0.0,-11.532684857081891,0.0,0.0,0.0,0.0,0.0,0.0
image_03249.png,1,"[0, 0, 0, 0, 0, 0]",3249,0.0,12.232964857354062,3.4830657250265853,90.0,0.0,1.7732360582360187,0.0,0.0,0.0,0.0,0.0,0.0
image_03250.png,1,"[0, 0, 0, 0, 0, 0]",3250,0.0,7.186942702654335,5.357437875472946,90.0,0.0,1.3240150470644543,0.0,0.0,0.0,0.0,0.0,0.0
image_03251.png,1,"[0, 0, 0, 0, 0, 0]",3251,0.0,-5.8365565818301945,-1.2655707486512826,90.0,0.0,7.907831774770901,0.0,0.0,0.0,0.0,0.0,0.0
image_03252.png,1,"[0, 0, 0, 0, 0, 0]",3252,0.0,-11.19247048712468,3.3829542909432035,90.0,0.0,-15.750900576115713,0.0,0.0,0.0,0.0,0.0,0.0
image_03253.png,1,"[0, 0, 0, 0, 0, 0]",3253,0.0,8.00871442689212,2.3203604678573795,90.0,0.0,-3.5704396488918486,0.0,0.0,0.0,0.0,0.0,0.0
image_03254.png,1,"[0, 0, 0, 0, 0, 0]",3254,0.0,1.8897202835690834,3.7320597564822577,90.0,0.0,1.3843809727148422,0.0,0.0,0.0,0.0,0.0,0.0
image_03255.png,1,"[0, 0, 0, 0, 0, 0]",3255,0.0,-11.98964552036584,2.009326041499256,90.0,0.0,-4.772944740762669,0.0,0.0,0.0,0.0,0.0,0.0
image_03256.png,1,"[0, 0, 0, 0, 0, 0]",3256,0.0,-0.9908780676631679,-0.1309023849758204,90.0,0.0,6.6173898631240995,0.0,0.0,0.0,0.0,0.0,0.0
image_03257.png,1,"[0, 0, 0, 0, 0, 0]",3257,0.0,-1.4447801293739246,0.07291248485514634,90.0,0.0,-12.044170883400731,0.0,0.0,0.0,0.0,0.0,0.0
image_03258.png,1,"[0, 0, 0, 0, 0, 0]",3258,0.0,-5.253087768909239,5.484046546762637,90.0,0.0,4.410552036337032,0.0,0.0,0.0,0.0,0.0,0.0
image_03259.png,1,"[0, 0, 0, 0, 0, 0]",3259,0.0,3.9897289759305465,1.1378722507465469,90.0,0.0,5.605868010163257,0.0,0.0,0.0,0.0,0.0,0.0
image_03260.png,1,"[0, 0, 0, 0, 0, 0]",3260,0.0,-0.8598303618978136,3.0881685906417227,90.0,0.0,-0.2835672206093751,0.0,0.0,0.0,0.0,0.0,0.0
image_03261.png,1,"[0, 0, 0, 0, 0, 0]",3261,0.0,13.929378595932,4.684656370499852,90.0,0.0,2.545117801020849,0.0,0.0,0.0,0.0,0.0,0.0
image_03262.png,1,"[0, 0, 0, 0, 0, 0]",3262,0.0,-9.510168279895439,0.3342707727969536,90.0,0.0,-4.908026914498684,0.0,0.0,0.0,0.0,0.0,0.0
image_03263.png,1,"[0, 0, 0, 0, 0, 0]",3263,0.0,8.41598423888167,4.584186518163734,90.0,0.0,-2.3907974119895403,0.0,0.0,0.0,0.0,0.0,0.0
image_03264.png,1,"[0, 0, 0, 0, 0, 0]",3264,0.0,-11.824018382776046,0.45676864436375864,90.0,0.0,8.157832589198941,0.0,0.0,0.0,0.0,0.0,0.0
image_03265.png,1,"[0, 0, 0, 0, 0, 0]",3265,0.0,0.30380945628386513,3.1284069842770528,90.0,0.0,-7.256860346308234,0.0,0.0,0.0,0.0,0.0,0.0
image_03266.png,1,"[0, 0, 0, 0, 0, 0]",3266,0.0,-0.9381452529979839,1.9694057584822988,90.0,0.0,-18.547939756052212,0.0,0.0,0.0,0.0,0.0,0.0
image_03267.png,1,"[0, 0, 0, 0, 0, 0]",3267,0.0,5.612470764211132,2.69912624452064,90.0,0.0,10.31319615033612,0.0,0.0,0.0,0.0,0.0,0.0
image_03268.png,1,"[0, 0, 0, 0, 0, 0]",3268,0.0,0.6915348417951321,4.398080892633829,90.0,0.0,5.9567932137906,0.0,0.0,0.0,0.0,0.0,0.0
image_03269.png,1,"[0, 0, 0, 0, 0, 0]",3269,0.0,10.444543000935226,-0.20333659598656295,90.0,0.0,0.10018101802497616,0.0,0.0,0.0,0.0,0.0,0.0
image_03270.png,1,"[0, 0, 0, 0, 0, 0]",3270,0.0,-8.252290081419474,-0.7312711200400792,90.0,0.0,4.4135508377690185,0.0,0.0,0.0,0.0,0.0,0.0
image_03271.png,1,"[0, 0, 0, 0, 0, 0]",3271,0.0,11.568636326134182,4.3506324974117385,90.0,0.0,-1.3591991910851897,0.0,0.0,0.0,0.0,0.0,0.0
image_03272.png,1,"[0, 0, 0, 0, 0, 0]",3272,0.0,6.305031314296613,1.6214037603700255,90.0,0.0,-4.670056865196476,0.0,0.0,0.0,0.0,0.0,0.0
image_03273.png,1,"[0, 0, 0, 0, 0, 0]",3273,0.0,0.040617664392655684,-1.2909555981620708,90.0,0.0,-13.250982925572464,0.0,0.0,0.0,0.0,0.0,0.0
image_03274.png,1,"[0, 0, 0, 0, 0, 0]",3274,0.0,10.454327869150731,0.11614521609747097,90.0,0.0,10.48299412275388,0.0,0.0,0.0,0.0,0.0,0.0
image_03275.png,1,"[0, 0, 0, 0, 0, 0]",3275,0.0,8.65316713251211,-1.557653624676069,90.0,0.0,7.617034093832901,0.0,0.0,0.0,0.0,0.0,0.0
image_03276.png,1,"[0, 0, 0, 0, 0, 0]",3276,0.0,5.8991749111349066,2.3659880211208923,90.0,0.0,4.883900307567076,0.0,0.0,0.0,0.0,0.0,0.0
image_03277.png,1,"[0, 0, 0, 0, 0, 0]",3277,0.0,4.18145876766679,-1.5352903658244275,90.0,0.0,1.640366032186882,0.0,0.0,0.0,0.0,0.0,0.0
image_03278.png,1,"[0, 0, 0, 0, 0, 0]",3278,0.0,-1.7685870716232301,-0.1322111832036328,90.0,0.0,3.4550431920230023,0.0,0.0,0.0,0.0,0.0,0.0
image_03279.png,1,"[0, 0, 0, 0, 0, 0]",3279,0.0,-6.964713908280274,4.107580376775667,90.0,0.0,20.0,0.0,0.0,0.0,0.0,0.0,0.0
image_03280.png,1,"[0, 0, 0, 0, 0, 0]",3280,0.0,-6.518317223389076,2.2692974405222888,90.0,0.0,15.103188999779128,0.0,0.0,0.0,0.0,0.0,0.0
image_03281.png,1,"[0, 0, 0, 0, 0, 0]",3281,0.0,-3.172051718801427,-1.3931327516939969,90.0,0.0,-4.809466619439953,0.0,0.0,0.0,0.0,0.0,0.0
image_03282.png,1,"[0, 0, 0, 0, 0, 0]",3282,0.0,9.599567910228586,3.904014213109691,90.0,0.0,-12.271559974317967,0.0,0.0,0.0,0.0,0.0,0.0
image_03283.png,1,"[0, 0, 0, 0, 0, 0]",3283,0.0,-4.713418615515991,-1.9115532699038102,90.0,0.0,-14.022163600945458,0.0,0.0,0.0,0.0,0.0,0.0
image_03284.png,1,"[0, 0, 0, 0, 0, 0]",3284,0.0,-0.3093514709383456,-0.5146583703251701,90.0,0.0,18.12626816557951,0.0,0.0,0.0,0.0,0.0,0.0
image_03285.png,1,"[0, 0, 0, 0, 0, 0]",3285,0.0,-6.685911582480131,2.201628389246279,90.0,0.0,-3.7807949080835592,0.0,0.0,0.0,0.0,0.0,0.0
image_03286.png,1,"[0, 0, 0, 0, 0, 0]",3286,0.0,13.628349572482165,0.22969472204112318,90.0,0.0,11.84430922871619,0.0,0.0,0.0,0.0,0.0,0.0
image_03287.png,1,"[0, 0, 0, 0, 0, 0]",3287,0.0,-13.904252029366475,-0.08555566286663452,90.0,0.0,-20.0,0.0,0.0,0.0,0.0,0.0,0.0
image_03288.png,1,"[0, 0, 0, 0, 0, 0]",3288,0.0,-6.309207125251774,-1.63388264168848,90.0,0.0,8.131806023806817,0.0,0.0,0.0,0.0,0.0,0.0
image_03289.png,1,"[0, 0, 0, 0, 0, 0]",3289,0.0,4.830531730782326,4.271524872378672,90.0,0.0,-8.965096417609297,0.0,0.0,0.0,0.0,0.0,0.0
image_03290.png,1,"[0, 0, 0, 0, 0, 0]",3290,0.0,2.789813891856163,-0.9618716556506004,90.0,0.0,10.64653286720443,0.0,0.0,0.0,0.0,0.0,0.0
image_03291.png,1,"[0, 0, 0, 0, 0, 0]",3291,0.0,-1.1090875025983848,5.3832522344665,90.0,0.0,2.2158764183799806,0.0,0.0,0.0,0.0,0.0,0.0
image_03292.png,1,"[0, 0, 0, 0, 0, 0]",3292,0.0,5.77680103632261,4.000251571048901,90.0,0.0,7.944757386138552,0.0,0.0,0.0,0.0,0.0,0.0
image_03293.png,1,"[0, 0, 0, 0, 0, 0]",3293,0.0,4.626669958620411,-1.1756156005055822,90.0,0.0,-7.946518128770578,0.0,0.0,0.0,0.0,0.0,0.0
image_03294.png,1,"[0, 0, 0, 0, 0, 0]",3294,0.0,-1.9346055150019055,-0.22213912443609996,90.0,0.0,-9.064342922384762,0.0,0.0,0.0,0.0,0.0,0.0
image_03295.png,1,"[0, 0, 0, 0, 0, 0]",3295,0.0,1.9611458023750004,3.8991981639813336,90.0,0.0,-1.826112633897465,0.0,0.0,0.0,0.0,0.0,0.0
image_03296.png,1,"[0, 0, 0, 0, 0, 0]",3296,0.0,4.906523779906152,4.11869565892604,90.0,0.0,2.291768021193547,0.0,0.0,0.0,0.0,0.0,0.0
image_03297.png,1,"[0, 0, 0, 0, 0, 0]",3297,0.0,-7.63962956567309,3.9337418517782963,90.0,0.0,8.457941407692886,0.0,0.0,0.0,0.0,0.0,0.0
image_03298.png,1,"[0, 0, 0, 0, 0, 0]",3298,0.0,13.660602062407662,4.652634021715899,90.0,0.0,-2.019422157780374,0.0,0.0,0.0,0.0,0.0,0.0
image_03299.png,1,"[0, 0, 0, 0, 0, 0]",3299,0.0,7.689812227619214,3.68253181076998,90.0,0.0,-10.491618684282434,0.0,0.0,0.0,0.0,0.0,0.0
image_03300.png,1,"[0, 0, 0, 0, 0, 0]",3300,0.0,-6.736881009785847,0.6083276140068605,90.0,0.0,7.305238097580209,0.0,0.0,0.0,0.0,0.0,0.0
image_03301.png,1,"[0, 0, 0, 0, 0, 0]",3301,0.0,7.833004298987376,-1.7523430900485395,90.0,0.0,-5.7326295490240415,0.0,0.0,0.0,0.0,0.0,0.0
image_03302.png,1,"[0, 0, 0, 0, 0, 0]",3302,0.0,0.6050594035051091,3.803427904997311,90.0,0.0,5.931685874649981,0.0,0.0,0.0,0.0,0.0,0.0
image_03303.png,1,"[0, 0, 0, 0, 0, 0]",3303,0.0,2.7658562392750596,5.318048131201258,90.0,0.0,-6.195387077212648,0.0,0.0,0.0,0.0,0.0,0.0
image_03304.png,1,"[0, 0, 0, 0, 0, 0]",3304,0.0,-1.7589245545283845,2.3836694671588985,90.0,0.0,-9.571581307447111,0.0,0.0,0.0,0.0,0.0,0.0
image_03305.png,1,"[0, 0, 0, 0, 0, 0]",3305,0.0,4.3495006092908355,4.728119097567185,90.0,0.0,-3.277805475021965,0.0,0.0,0.0,0.0,0.0,0.0
image_03306.png,1,"[0, 0, 0, 0, 0, 0]",3306,0.0,-7.676881366337014,2.698465299926089,90.0,0.0,4.9051541810257016,0.0,0.0,0.0,0.0,0.0,0.0
image_03307.png,1,"[0, 0, 0, 0, 0, 0]",3307,0.0,-8.15536104423451,-0.3257618472406738,90.0,0.0,-5.248356429945393,0.0,0.0,0.0,0.0,0.0,0.0
image_03308.png,1,"[0, 0, 0, 0, 0, 0]",3308,0.0,-7.971917346473347,-1.4274605664346334,90.0,0.0,0.0520875844211761,0.0,0.0,0.0,0.0,0.0,0.0
image_03309.png,1,"[0, 0, 0, 0, 0, 0]",3309,0.0,2.1786273617606753,1.0258958730806262,90.0,0.0,8.552354615253561,0.0,0.0,0.0,0.0,0.0,0.0
image_03310.png,1,"[0, 0, 0, 0, 0, 0]",3310,0.0,13.843589439838674,4.689107922732411,90.0,0.0,-1.6424065732169717,0.0,0.0,0.0,0.0,0.0,0.0
image_03311.png,1,"[0, 0, 0, 0, 0, 0]",3311,0.0,-4.482601117257545,1.0694298310825352,90.0,0.0,-8.575837932317945,0.0,0.0,0.0,0.0,0.0,0.0
image_03312.png,1,"[0, 0, 0, 0, 0, 0]",3312,0.0,12.552657717790936,1.9047239970963186,90.0,0.0,-7.095303498179812,0.0,0.0,0.0,0.0,0.0,0.0
image_03313.png,1,"[0, 0, 0, 0, 0, 0]",3313,0.0,7.240386418179412,4.0405898314385515,90.0,0.0,-4.071233205184789,0.0,0.0,0.0,0.0,0.0,0.0
image_03314.png,1,"[0, 0, 0, 0, 0, 0]",3314,0.0,-9.107077664459567,2.8108283868965547,90.0,0.0,2.83176721637318,0.0,0.0,0.0,0.0,0.0,0.0
image_03315.png,1,"[0, 0, 0, 0, 0, 0]",3315,0.0,-2.2761853267631693,0.6840546375729009,90.0,0.0,-3.755708063737019,0.0,0.0,0.0,0.0,0.0,0.0
image_03316.png,1,"[0, 0, 0, 0, 0, 0]",3316,0.0,-6.231433547359629,0.7757970109536387,90.0,0.0,-2.6888598707437965,0.0,0.0,0.0,0.0,0.0,0.0
image_03317.png,1,"[0, 0, 0, 0, 0, 0]",3317,0.0,13.976355823021109,4.926767656621041,90.0,0.0,10.999963867439543,0.0,0.0,0.0,0.0,0.0,0.0
image_03318.png,1,"[0, 0, 0, 0, 0, 0]",3318,0.0,10.21875583519104,1.173359358600663,90.0,0.0,-7.641042800864505,0.0,0.0,0.0,0.0,0.0,0.0
image_03319.png,1,"[0, 0, 0, 0, 0, 0]",3319,0.0,2.743107478116272,0.8023835813642504,90.0,0.0,4.277215519167035,0.0,0.0,0.0,0.0,0.0,0.0
image_03320.png,1,"[0, 0, 0, 0, 0, 0]",3320,0.0,-3.30740863496613,0.6960246655996158,90.0,0.0,-7.214079174998786,0.0,0.0,0.0,0.0,0.0,0.0
image_03321.png,1,"[0, 0, 0, 0, 0, 0]",3321,0.0,10.181768545921564,-0.05449274022077999,90.0,0.0,-1.7345735677486014,0.0,0.0,0.0,0.0,0.0,0.0
image_03322.png,1,"[0, 0, 0, 0, 0, 0]",3322,0.0,2.4432606619405277,-1.2446742625130338,90.0,0.0,-1.3601469327907743,0.0,0.0,0.0,0.0,0.0,0.0
image_03323.png,1,"[0, 0, 0, 0, 0, 0]",3323,0.0,-3.569088232153419,3.01242670960246,90.0,0.0,-0.35711467515201306,0.0,0.0,0.0,0.0,0.0,0.0
image_03324.png,1,"[0, 0, 0, 0, 0, 0]",3324,0.0,2.2948892700536447,1.9256773006509231,90.0,0.0,-5.575287933697291,0.0,0.0,0.0,0.0,0.0,0.0
image_03325.png,1,"[0, 0, 0, 0, 0, 0]",3325,0.0,0.6555678457129304,-0.6559333315207252,90.0,0.0,-10.461571093706057,0.0,0.0,0.0,0.0,0.0,0.0
image_03326.png,1,"[0, 0, 0, 0, 0, 0]",3326,0.0,4.191531199919069,-0.357012309455615,90.0,0.0,-18.399187632806402,0.0,0.0,0.0,0.0,0.0,0.0
image_03327.png,1,"[0, 0, 0, 0, 0, 0]",3327,0.0,2.8524845314260574,4.7591906674779905,90.0,0.0,4.2559308407310645,0.0,0.0,0.0,0.0,0.0,0.0
image_03328.png,1,"[0, 0, 0, 0, 0, 0]",3328,0.0,-0.13945451282774002,0.07610331576581775,90.0,0.0,19.81926686117902,0.0,0.0,0.0,0.0,0.0,0.0
image_03329.png,1,"[0, 0, 0, 0, 0, 0]",3329,0.0,-7.966724430938257,-0.6523640293779069,90.0,0.0,-4.822355972180034,0.0,0.0,0.0,0.0,0.0,0.0
image_03330.png,1,"[0, 0, 0, 0, 0, 0]",3330,0.0,-5.058101621145283,4.219509285333867,90.0,0.0,-0.740153677208282,0.0,0.0,0.0,0.0,0.0,0.0
image_03331.png,1,"[0, 0, 0, 0, 0, 0]",3331,0.0,12.72289569442006,-1.2339084031114471,90.0,0.0,8.960444009646633,0.0,0.0,0.0,0.0,0.0,0.0
image_03332.png,1,"[0, 0, 0, 0, 0, 0]",3332,0.0,-4.280781767675791,-1.4359026032000937,90.0,0.0,0.9301577154564791,0.0,0.0,0.0,0.0,0.0,0.0
image_03333.png,1,"[0, 0, 0, 0, 0, 0]",3333,0.0,-12.515329454748866,-0.5115229996409982,90.0,0.0,13.83783170368396,0.0,0.0,0.0,0.0,0.0,0.0
image_03334.png,1,"[0, 0, 0, 0, 0, 0]",3334,0.0,0.20807814074237285,4.988811574619793,90.0,0.0,-11.138813386483797,0.0,0.0,0.0,0.0,0.0,0.0
image_03335.png,1,"[0, 0, 0, 0, 0, 0]",3335,0.0,-11.665144023427047,1.100716880347142,90.0,0.0,-2.182978525202126,0.0,0.0,0.0,0.0,0.0,0.0
image_03336.png,1,"[0, 0, 0, 0, 0, 0]",3336,0.0,11.68393970785602,-0.4066999624196306,90.0,0.0,-0.855099918978249,0.0,0.0,0.0,0.0,0.0,0.0
image_03337.png,1,"[0, 0, 0, 0, 0, 0]",3337,0.0,-6.877848678162536,4.25802754618319,90.0,0.0,-0.19243337488638412,0.0,0.0,0.0,0.0,0.0,0.0
image_03338.png,1,"[0, 0, 0, 0, 0, 0]",3338,0.0,11.88675390177422,3.4298996794390817,90.0,0.0,-2.3310884993308347,0.0,0.0,0.0,0.0,0.0,0.0
image_03339.png,1,"[0, 0, 0, 0, 0, 0]",3339,0.0,11.651984806642275,5.4044971233492936,90.0,0.0,-3.39167645105739,0.0,0.0,0.0,0.0,0.0,0.0
image_03340.png,1,"[0, 0, 0, 0, 0, 0]",3340,0.0,-0.6761202635808488,0.8831297977024968,90.0,0.0,-2.838233057799588,0.0,0.0,0.0,0.0,0.0,0.0
image_03341.png,1,"[0, 0, 0, 0, 0, 0]",3341,0.0,-4.408756189183549,2.300931037734104,90.0,0.0,-0.5254642097646806,0.0,0.0,0.0,0.0,0.0,0.0
image_03342.png,1,"[0, 0, 0, 0, 0, 0]",3342,0.0,-4.570506236252285,3.841803746316514,90.0,0.0,0.6940541094090195,0.0,0.0,0.0,0.0,0.0,0.0
image_03343.png,1,"[0, 0, 0, 0, 0, 0]",3343,0.0,-5.648248571877815,4.935794699084097,90.0,0.0,-4.213687924230832,0.0,0.0,0.0,0.0,0.0,0.0
image_03344.png,1,"[0, 0, 0, 0, 0, 0]",3344,0.0,-13.71527427184553,4.261211354640162,90.0,0.0,-8.629734298730737,0.0,0.0,0.0,0.0,0.0,0.0
image_03345.png,1,"[0, 0, 0, 0, 0, 0]",3345,0.0,-10.11363389945545,4.966880055150806,90.0,0.0,-9.542120376942316,0.0,0.0,0.0,0.0,0.0,0.0
image_03346.png,1,"[0, 0, 0, 0, 0, 0]",3346,0.0,-2.0281006779979975,0.6145008840803068,90.0,0.0,-6.689128009910424,0.0,0.0,0.0,0.0,0.0,0.0
image_03347.png,1,"[0, 0, 0, 0, 0, 0]",3347,0.0,-1.5163962886767592,5.0198429348004066,90.0,0.0,2.893397905411164,0.0,0.0,0.0,0.0,0.0,0.0
image_03348.png,1,"[0, 0, 0, 0, 0, 0]",3348,0.0,-9.0741635393925,1.7449860995937794,90.0,0.0,-3.61182232435454,0.0,0.0,0.0,0.0,0.0,0.0
image_03349.png,1,"[0, 0, 0, 0, 0, 0]",3349,0.0,-12.59577119611248,3.645391900316003,90.0,0.0,19.68071601612784,0.0,0.0,0.0,0.0,0.0,0.0
image_03350.png,1,"[0, 0, 0, 0, 0, 0]",3350,0.0,-5.357903963703706,2.1412104263668423,90.0,0.0,4.522478669487101,0.0,0.0,0.0,0.0,0.0,0.0
image_03351.png,1,"[0, 0, 0, 0, 0, 0]",3351,0.0,6.475919176103332,-0.6530904493648189,90.0,0.0,0.07689984389161464,0.0,0.0,0.0,0.0,0.0,0.0
image_03352.png,1,"[0, 0, 0, 0, 0, 0]",3352,0.0,-11.488270914473105,4.3029261308428755,90.0,0.0,5.093013456962104,0.0,0.0,0.0,0.0,0.0,0.0
image_03353.png,1,"[0, 0, 0, 0, 0, 0]",3353,0.0,-10.72436829858377,0.6812931422834216,90.0,0.0,1.4740346681320684,0.0,0.0,0.0,0.0,0.0,0.0
image_03354.png,1,"[0, 0, 0, 0, 0, 0]",3354,0.0,-4.083137649664394,3.8164567921681902,90.0,0.0,5.821696149375399,0.0,0.0,0.0,0.0,0.0,0.0
image_03355.png,1,"[0, 0, 0, 0, 0, 0]",3355,0.0,-1.1970307375835958,2.305203825656206,90.0,0.0,6.794481511940616,0.0,0.0,0.0,0.0,0.0,0.0
image_03356.png,1,"[0, 0, 0, 0, 0, 0]",3356,0.0,1.5686134312767592,5.370603781999632,90.0,0.0,-10.347909474927842,0.0,0.0,0.0,0.0,0.0,0.0
image_03357.png,1,"[0, 0, 0, 0, 0, 0]",3357,0.0,-1.9814870513822243,2.4688337198748442,90.0,0.0,-9.038648578036256,0.0,0.0,0.0,0.0,0.0,0.0
image_03358.png,1,"[0, 0, 0, 0, 0, 0]",3358,0.0,-6.08254119921898,2.1575423792952018,90.0,0.0,-1.971290510753691,0.0,0.0,0.0,0.0,0.0,0.0
image_03359.png,1,"[0, 0, 0, 0, 0, 0]",3359,0.0,9.819929826400355,-0.22536263074332163,90.0,0.0,0.9192488752993843,0.0,0.0,0.0,0.0,0.0,0.0
image_03360.png,1,"[0, 0, 0, 0, 0, 0]",3360,0.0,-2.6005045642659894,-0.48301594782041235,90.0,0.0,4.4517128017367185,0.0,0.0,0.0,0.0,0.0,0.0
image_03361.png,1,"[0, 0, 0, 0, 0, 0]",3361,0.0,6.36406159557243,1.595355663889352,90.0,0.0,3.628078454833357,0.0,0.0,0.0,0.0,0.0,0.0
image_03362.png,1,"[0, 0, 0, 0, 0, 0]",3362,0.0,5.561322028480049,1.1560596788878494,90.0,0.0,-0.4641489490546266,0.0,0.0,0.0,0.0,0.0,0.0
image_03363.png,1,"[0, 0, 0, 0, 0, 0]",3363,0.0,-8.828219506530019,2.4901585839523515,90.0,0.0,4.179270613100903,0.0,0.0,0.0,0.0,0.0,0.0
image_03364.png,1,"[0, 0, 0, 0, 0, 0]",3364,0.0,13.264058240587303,1.2761688543912206,90.0,0.0,-6.490956636869697,0.0,0.0,0.0,0.0,0.0,0.0
image_03365.png,1,"[0, 0, 0, 0, 0, 0]",3365,0.0,2.045663596454773,-0.20785669219980174,90.0,0.0,4.940182307072482,0.0,0.0,0.0,0.0,0.0,0.0
image_03366.png,1,"[0, 0, 0, 0, 0, 0]",3366,0.0,0.5458805990145876,-1.875804881745427,90.0,0.0,-8.401656430516063,0.0,0.0,0.0,0.0,0.0,0.0
image_03367.png,1,"[0, 0, 0, 0, 0, 0]",3367,0.0,-1.3472104550510267,-0.7076234354691084,90.0,0.0,-10.256144092503206,0.0,0.0,0.0,0.0,0.0,0.0
image_03368.png,1,"[0, 0, 0, 0, 0, 0]",3368,0.0,7.826083207114003,3.750947984110237,90.0,0.0,0.6106977231870853,0.0,0.0,0.0,0.0,0.0,0.0
image_03369.png,1,"[0, 0, 0, 0, 0, 0]",3369,0.0,-5.349208253882409,-0.10087228356150613,90.0,0.0,6.650841839386566,0.0,0.0,0.0,0.0,0.0,0.0
image_03370.png,1,"[0, 0, 0, 0, 0, 0]",3370,0.0,9.20778866425114,5.412538241725622,90.0,0.0,-9.53047784000324,0.0,0.0,0.0,0.0,0.0,0.0
image_03371.png,1,"[0, 0, 0, 0, 0, 0]",3371,0.0,-8.632997110830473,1.5652767101307052,90.0,0.0,-0.15014300807837058,0.0,0.0,0.0,0.0,0.0,0.0
image_03372.png,1,"[0, 0, 0, 0, 0, 0]",3372,0.0,8.953117981463315,3.631879925057272,90.0,0.0,-2.7293657851368627,0.0,0.0,0.0,0.0,0.0,0.0
image_03373.png,1,"[0, 0, 0, 0, 0, 0]",3373,0.0,-4.423820344720895,2.2638221948400865,90.0,0.0,5.140964213670942,0.0,0.0,0.0,0.0,0.0,0.0
image_03374.png,1,"[0, 0, 0, 0, 0, 0]",3374,0.0,-7.765526870613101,4.231859355137237,90.0,0.0,4.625292999522065,0.0,0.0,0.0,0.0,0.0,0.0
image_03375.png,1,"[0, 0, 0, 0, 0, 0]",3375,0.0,1.2433527647933147,0.6636135903230813,90.0,0.0,6.1037452730483865,0.0,0.0,0.0,0.0,0.0,0.0
image_03376.png,1,"[0, 0, 0, 0, 0, 0]",3376,0.0,4.576274574977546,2.069160419048881,90.0,0.0,4.5194093911309325,0.0,0.0,0.0,0.0,0.0,0.0
image_03377.png,1,"[0, 0, 0, 0, 0, 0]",3377,0.0,-13.03386749385865,2.4174690719476555,90.0,0.0,3.9352433698073552,0.0,0.0,0.0,0.0,0.0,0.0
image_03378.png,1,"[0, 0, 0, 0, 0, 0]",3378,0.0,-12.947278194955999,1.945530293233372,90.0,0.0,-6.521160207928534,0.0,0.0,0.0,0.0,0.0,0.0
image_03379.png,1,"[0, 0, 0, 0, 0, 0]",3379,0.0,-13.01854918055399,0.6583129233215028,90.0,0.0,6.707337422615638,0.0,0.0,0.0,0.0,0.0,0.0
image_03380.png,1,"[0, 0, 0, 0, 0, 0]",3380,0.0,2.9585328958768713,3.690366865512911,90.0,0.0,2.9044700989186203,0.0,0.0,0.0,0.0,0.0,0.0
image_03381.png,1,"[0, 0, 0, 0, 0, 0]",3381,0.0,6.683809198948879,-0.03204116640485433,90.0,0.0,-4.259672258438457,0.0,0.0,0.0,0.0,0.0,0.0
image_03382.png,1,"[0, 0, 0, 0, 0, 0]",3382,0.0,-11.871926607201374,-0.8867217436563011,90.0,0.0,-8.272897297426457,0.0,0.0,0.0,0.0,0.0,0.0
image_03383.png,1,"[0, 0, 0, 0, 0, 0]",3383,0.0,-7.174722680726461,1.2566901896716978,90.0,0.0,8.88214361438569,0.0,0.0,0.0,0.0,0.0,0.0
image_03384.png,1,"[0, 0, 0, 0, 0, 0]",3384,0.0,-12.639741890280902,1.7167647185439758,90.0,0.0,-2.7506729486783295,0.0,0.0,0.0,0.0,0.0,0.0
image_03385.png,1,"[0, 0, 0, 0, 0, 0]",3385,0.0,-2.6241349999457526,1.8129294275397223,90.0,0.0,5.504135260404763,0.0,0.0,0.0,0.0,0.0,0.0
image_03386.png,1,"[0, 0, 0, 0, 0, 0]",3386,0.0,-0.7181417699745225,1.7162667649216212,90.0,0.0,5.643424253927761,0.0,0.0,0.0,0.0,0.0,0.0
image_03387.png,1,"[0, 0, 0, 0, 0, 0]",3387,0.0,6.906419298741483,5.14469212578074,90.0,0.0,8.432777917107522,0.0,0.0,0.0,0.0,0.0,0.0
image_03388.png,1,"[0, 0, 0, 0, 0, 0]",3388,0.0,8.037422178278419,3.8706841508794083,90.0,0.0,7.3365466780145185,0.0,0.0,0.0,0.0,0.0,0.0
image_03389.png,1,"[0, 0, 0, 0, 0, 0]",3389,0.0,-5.263838531732574,1.0193990168260183,90.0,0.0,4.214045472616593,0.0,0.0,0.0,0.0,0.0,0.0
image_03390.png,1,"[0, 0, 0, 0, 0, 0]",3390,0.0,-11.609199557570562,4.095814614742638,90.0,0.0,-0.40404929298935044,0.0,0.0,0.0,0.0,0.0,0.0
image_03391.png,1,"[0, 0, 0, 0, 0, 0]",3391,0.0,9.640976656860815,-1.0079966412976948,90.0,0.0,1.5525942728393507,0.0,0.0,0.0,0.0,0.0,0.0
image_03392.png,1,"[0, 0, 0, 0, 0, 0]",3392,0.0,13.194475351978362,-0.5429268903563567,90.0,0.0,11.746913802274,0.0,0.0,0.0,0.0,0.0,0.0
image_03393.png,1,"[0, 0, 0, 0, 0, 0]",3393,0.0,1.6221954511373653,3.036203205986247,90.0,0.0,-7.180269244547401,0.0,0.0,0.0,0.0,0.0,0.0
image_03394.png,1,"[0, 0, 0, 0, 0, 0]",3394,0.0,9.383680117730563,-0.63265102461764,90.0,0.0,0.38822315469845686,0.0,0.0,0.0,0.0,0.0,0.0
image_03395.png,1,"[0, 0, 0, 0, 0, 0]",3395,0.0,-6.060244474813146,3.5331210811871054,90.0,0.0,0.7001912622295936,0.0,0.0,0.0,0.0,0.0,0.0
image_03396.png,1,"[0, 0, 0, 0, 0, 0]",3396,0.0,-9.26789148048644,4.663045806352469,90.0,0.0,14.654033578392628,0.0,0.0,0.0,0.0,0.0,0.0
image_03397.png,1,"[0, 0, 0, 0, 0, 0]",3397,0.0,-11.508573440255375,-0.4448048016414936,90.0,0.0,-2.45477429890977,0.0,0.0,0.0,0.0,0.0,0.0
image_03398.png,1,"[0, 0, 0, 0, 0, 0]",3398,0.0,-0.569417071782091,-1.481704662695976,90.0,0.0,17.60278623543543,0.0,0.0,0.0,0.0,0.0,0.0
image_03399.png,1,"[0, 0, 0, 0, 0, 0]",3399,0.0,-10.677498862251412,-1.0779229849895484,90.0,0.0,6.663954810007181,0.0,0.0,0.0,0.0,0.0,0.0
image_03400.png,1,"[0, 0, 0, 0, 0, 0]",3400,0.0,7.301000357040351,4.878140416538123,90.0,0.0,-2.2691742433486235,0.0,0.0,0.0,0.0,0.0,0.0
image_03401.png,1,"[0, 0, 0, 0, 0, 0]",3401,0.0,-13.519253373508192,2.7544908321300348,90.0,0.0,2.9542406095779676,0.0,0.0,0.0,0.0,0.0,0.0
image_03402.png,1,"[0, 0, 0, 0, 0, 0]",3402,0.0,-10.169396673213356,1.9798160507682914,90.0,0.0,12.042778550164687,0.0,0.0,0.0,0.0,0.0,0.0
image_03403.png,1,"[0, 0, 0, 0, 0, 0]",3403,0.0,-8.415119356939215,3.605361510843051,90.0,0.0,-1.646402312112102,0.0,0.0,0.0,0.0,0.0,0.0
image_03404.png,1,"[0, 0, 0, 0, 0, 0]",3404,0.0,-12.906785615010179,-1.9656339501657283,90.0,0.0,16.296186498525945,0.0,0.0,0.0,0.0,0.0,0.0
image_03405.png,1,"[0, 0, 0, 0, 0, 0]",3405,0.0,10.978404776371704,1.082044813041866,90.0,0.0,6.587204451109258,0.0,0.0,0.0,0.0,0.0,0.0
image_03406.png,1,"[0, 0, 0, 0, 0, 0]",3406,0.0,-6.736264214276616,3.760675253561372,90.0,0.0,11.55344334519217,0.0,0.0,0.0,0.0,0.0,0.0
image_03407.png,1,"[0, 0, 0, 0, 0, 0]",3407,0.0,11.933075359195264,-0.3072965527977325,90.0,0.0,3.8889142256663947,0.0,0.0,0.0,0.0,0.0,0.0
image_03408.png,1,"[0, 0, 0, 0, 0, 0]",3408,0.0,-12.572156253459383,-0.6556403923193814,90.0,0.0,-18.17152361408023,0.0,0.0,0.0,0.0,0.0,0.0
image_03409.png,1,"[0, 0, 0, 0, 0, 0]",3409,0.0,-4.107437003708057,-0.4918540101642068,90.0,0.0,2.162894009055837,0.0,0.0,0.0,0.0,0.0,0.0
image_03410.png,1,"[0, 0, 0, 0, 0, 0]",3410,0.0,5.159965972891143,4.189167662734305,90.0,0.0,0.23010135577916058,0.0,0.0,0.0,0.0,0.0,0.0
image_03411.png,1,"[0, 0, 0, 0, 0, 0]",3411,0.0,-5.765572355158412,0.7529223852513045,90.0,0.0,-12.859182340876627,0.0,0.0,0.0,0.0,0.0,0.0
image_03412.png,1,"[0, 0, 0, 0, 0, 0]",3412,0.0,13.272284293134547,-1.7786623166774633,90.0,0.0,-4.396705930547828,0.0,0.0,0.0,0.0,0.0,0.0
image_03413.png,1,"[0, 0, 0, 0, 0, 0]",3413,0.0,4.619302297661669,2.401301107259047,90.0,0.0,4.992400767122932,0.0,0.0,0.0,0.0,0.0,0.0
image_03414.png,1,"[0, 0, 0, 0, 0, 0]",3414,0.0,-5.082641587146881,5.365462643752888,90.0,0.0,0.0653943061211292,0.0,0.0,0.0,0.0,0.0,0.0
image_03415.png,1,"[0, 0, 0, 0, 0, 0]",3415,0.0,2.477956978168912,-1.9829701316999802,90.0,0.0,-5.1952209125184865,0.0,0.0,0.0,0.0,0.0,0.0
image_03416.png,1,"[0, 0, 0, 0, 0, 0]",3416,0.0,-7.510249957834148,4.33107590895444,90.0,0.0,11.591816546443757,0.0,0.0,0.0,0.0,0.0,0.0
image_03417.png,1,"[0, 0, 0, 0, 0, 0]",3417,0.0,0.2683723894019252,5.083730942464321,90.0,0.0,0.22307170187352174,0.0,0.0,0.0,0.0,0.0,0.0
image_03418.png,1,"[0, 0, 0, 0, 0, 0]",3418,0.0,12.434789724254088,-1.6831664448526689,90.0,0.0,-4.400968260535746,0.0,0.0,0.0,0.0,0.0,0.0
image_03419.png,1,"[0, 0, 0, 0, 0, 0]",3419,0.0,-13.569418570644586,2.159383049548751,90.0,0.0,-2.1912921537896186,0.0,0.0,0.0,0.0,0.0,0.0
image_03420.png,1,"[0, 0, 0, 0, 0, 0]",3420,0.0,6.961541751801143,2.6979865395709783,90.0,0.0,12.548100489413386,0.0,0.0,0.0,0.0,0.0,0.0
image_03421.png,1,"[0, 0, 0, 0, 0, 0]",3421,0.0,-11.625494298239971,4.835640811138099,90.0,0.0,1.0336210388375786,0.0,0.0,0.0,0.0,0.0,0.0
image_03422.png,1,"[0, 0, 0, 0, 0, 0]",3422,0.0,-5.3341318895385825,0.929670821949343,90.0,0.0,-3.8128946009632747,0.0,0.0,0.0,0.0,0.0,0.0
image_03423.png,1,"[0, 0, 0, 0, 0, 0]",3423,0.0,5.533314504530047,-0.6793901451720836,90.0,0.0,-12.903404903473282,0.0,0.0,0.0,0.0,0.0,0.0
image_03424.png,1,"[0, 0, 0, 0, 0, 0]",3424,0.0,9.491703936652357,5.1523338201761675,90.0,0.0,-13.289120176654292,0.0,0.0,0.0,0.0,0.0,0.0
image_03425.png,1,"[0, 0, 0, 0, 0, 0]",3425,0.0,4.404891611234795,3.3518071109247494,90.0,0.0,6.711386494183185,0.0,0.0,0.0,0.0,0.0,0.0
image_03426.png,1,"[0, 0, 0, 0, 0, 0]",3426,0.0,4.410884421434879,5.046045756442871,90.0,0.0,11.600277866538972,0.0,0.0,0.0,0.0,0.0,0.0
image_03427.png,1,"[0, 0, 0, 0, 0, 0]",3427,0.0,4.4422967785029925,3.2544761778975317,90.0,0.0,3.355109995556901,0.0,0.0,0.0,0.0,0.0,0.0
image_03428.png,1,"[0, 0, 0, 0, 0, 0]",3428,0.0,-1.4956916266783367,5.276677793149198,90.0,0.0,-4.043351529650122,0.0,0.0,0.0,0.0,0.0,0.0
image_03429.png,1,"[0, 0, 0, 0, 0, 0]",3429,0.0,-9.83271365221249,3.0090043198361576,90.0,0.0,-20.0,0.0,0.0,0.0,0.0,0.0,0.0
image_03430.png,1,"[0, 0, 0, 0, 0, 0]",3430,0.0,11.050680955466248,-1.2750674124489996,90.0,0.0,-4.733864947650482,0.0,0.0,0.0,0.0,0.0,0.0
image_03431.png,1,"[0, 0, 0, 0, 0, 0]",3431,0.0,-6.6489754099305145,5.425337745644048,90.0,0.0,-1.6788262445786208,0.0,0.0,0.0,0.0,0.0,0.0
image_03432.png,1,"[0, 0, 0, 0, 0, 0]",3432,0.0,-2.4529202722341807,-1.8718625601860535,90.0,0.0,3.779613016116476,0.0,0.0,0.0,0.0,0.0,0.0
image_03433.png,1,"[0, 0, 0, 0, 0, 0]",3433,0.0,-1.050445499971488,1.7045814977593245,90.0,0.0,0.05405119536534287,0.0,0.0,0.0,0.0,0.0,0.0
image_03434.png,1,"[0, 0, 0, 0, 0, 0]",3434,0.0,12.74550786694683,0.348244814972547,90.0,0.0,5.623185808835673,0.0,0.0,0.0,0.0,0.0,0.0
image_03435.png,1,"[0, 0, 0, 0, 0, 0]",3435,0.0,-1.5567340766290059,0.41081424137886247,90.0,0.0,2.879487935599055,0.0,0.0,0.0,0.0,0.0,0.0
image_03436.png,1,"[0, 0, 0, 0, 0, 0]",3436,0.0,-11.577893948997655,-0.0945775187898672,90.0,0.0,0.3250147437355679,0.0,0.0,0.0,0.0,0.0,0.0
image_03437.png,1,"[0, 0, 0, 0, 0, 0]",3437,0.0,8.444909507844145,-0.673543271766746,90.0,0.0,-0.9474272200193963,0.0,0.0,0.0,0.0,0.0,0.0
image_03438.png,1,"[0, 0, 0, 0, 0, 0]",3438,0.0,2.546914571215062,2.1196801843215187,90.0,0.0,14.64217075293092,0.0,0.0,0.0,0.0,0.0,0.0
image_03439.png,1,"[0, 0, 0, 0, 0, 0]",3439,0.0,1.1817442315845668,1.9523295966863423,90.0,0.0,-1.754768872225425,0.0,0.0,0.0,0.0,0.0,0.0
image_03440.png,1,"[0, 0, 0, 0, 0, 0]",3440,0.0,11.260489259364832,-1.121335027990024,90.0,0.0,4.737200656745981,0.0,0.0,0.0,0.0,0.0,0.0
image_03441.png,1,"[0, 0, 0, 0, 0, 0]",3441,0.0,-5.40224615819001,-1.3359330608703672,90.0,0.0,-2.748165359232222,0.0,0.0,0.0,0.0,0.0,0.0
image_03442.png,1,"[0, 0, 0, 0, 0, 0]",3442,0.0,-7.035890283551822,2.022918471522436,90.0,0.0,5.510052653293573,0.0,0.0,0.0,0.0,0.0,0.0
image_03443.png,1,"[0, 0, 0, 0, 0, 0]",3443,0.0,11.323668971760142,2.4621110256386887,90.0,0.0,-16.124434249109107,0.0,0.0,0.0,0.0,0.0,0.0
image_03444.png,1,"[0, 0, 0, 0, 0, 0]",3444,0.0,-3.4872736932302786,-0.9390474161043865,90.0,0.0,10.713774406960887,0.0,0.0,0.0,0.0,0.0,0.0
image_03445.png,1,"[0, 0, 0, 0, 0, 0]",3445,0.0,8.111175342077935,0.35654518600196194,90.0,0.0,1.897045141381213,0.0,0.0,0.0,0.0,0.0,0.0
image_03446.png,1,"[0, 0, 0, 0, 0, 0]",3446,0.0,-4.032681925737762,2.846499826762143,90.0,0.0,7.2002618889175345,0.0,0.0,0.0,0.0,0.0,0.0
image_03447.png,1,"[0, 0, 0, 0, 0, 0]",3447,0.0,5.983810352366476,0.40218774315176775,90.0,0.0,-1.3326976808495916,0.0,0.0,0.0,0.0,0.0,0.0
image_03448.png,1,"[0, 0, 0, 0, 0, 0]",3448,0.0,-0.5124091650819338,-0.02569296336926752,90.0,0.0,10.6387540805382,0.0,0.0,0.0,0.0,0.0,0.0
image_03449.png,1,"[0, 0, 0, 0, 0, 0]",3449,0.0,-11.969204590638327,2.4898082591854314,90.0,0.0,-6.5283478202706,0.0,0.0,0.0,0.0,0.0,0.0
image_03450.png,1,"[0, 0, 0, 0, 0, 0]",3450,0.0,-9.27388267644919,3.6237606030277743,90.0,0.0,-2.798544932624415,0.0,0.0,0.0,0.0,0.0,0.0
image_03451.png,1,"[0, 0, 0, 0, 0, 0]",3451,0.0,10.485189817210866,1.2405658703332256,90.0,0.0,8.956111980318536,0.0,0.0,0.0,0.0,0.0,0.0
image_03452.png,1,"[0, 0, 0, 0, 0, 0]",3452,0.0,7.694524451408604,1.5022053601823884,90.0,0.0,0.22227240612843996,0.0,0.0,0.0,0.0,0.0,0.0
image_03453.png,1,"[0, 0, 0, 0, 0, 0]",3453,0.0,1.8821584448252011,2.227223950366538,90.0,0.0,0.5604046192231631,0.0,0.0,0.0,0.0,0.0,0.0
image_03454.png,1,"[0, 0, 0, 0, 0, 0]",3454,0.0,-2.455850606501329,-1.1621548861503934,90.0,0.0,2.01574414606807,0.0,0.0,0.0,0.0,0.0,0.0
image_03455.png,1,"[0, 0, 0, 0, 0, 0]",3455,0.0,-2.483848029243674,-1.9202156105672732,90.0,0.0,-5.705562936748012,0.0,0.0,0.0,0.0,0.0,0.0
image_03456.png,1,"[0, 0, 0, 0, 0, 0]",3456,0.0,7.349050338310661,-1.5124509713107068,90.0,0.0,-11.880179394792211,0.0,0.0,0.0,0.0,0.0,0.0
image_03457.png,1,"[0, 0, 0, 0, 0, 0]",3457,0.0,-13.547186776200448,3.20714044040281,90.0,0.0,5.640090725902105,0.0,0.0,0.0,0.0,0.0,0.0
image_03458.png,1,"[0, 0, 0, 0, 0, 0]",3458,0.0,3.9389056901695056,1.6833835094248304,90.0,0.0,14.968194599033522,0.0,0.0,0.0,0.0,0.0,0.0
image_03459.png,1,"[0, 0, 0, 0, 0, 0]",3459,0.0,-3.153065484681129,0.2327784558046888,90.0,0.0,-6.077758580647608,0.0,0.0,0.0,0.0,0.0,0.0
image_03460.png,1,"[0, 0, 0, 0, 0, 0]",3460,0.0,2.198942111114178,2.932908109811673,90.0,0.0,-11.904414491620463,0.0,0.0,0.0,0.0,0.0,0.0
image_03461.png,1,"[0, 0, 0, 0, 0, 0]",3461,0.0,-5.020584618640186,4.477252306033708,90.0,0.0,-0.5897555413569623,0.0,0.0,0.0,0.0,0.0,0.0
image_03462.png,1,"[0, 0, 0, 0, 0, 0]",3462,0.0,1.1411976863919904,-1.2943536055828666,90.0,0.0,-8.146090749774965,0.0,0.0,0.0,0.0,0.0,0.0
image_03463.png,1,"[0, 0, 0, 0, 0, 0]",3463,0.0,8.363495442453441,0.32331626417361203,90.0,0.0,-10.269036360989166,0.0,0.0,0.0,0.0,0.0,0.0
image_03464.png,1,"[0, 0, 0, 0, 0, 0]",3464,0.0,12.062270556998804,5.288805611422724,90.0,0.0,-3.8659889072362232,0.0,0.0,0.0,0.0,0.0,0.0
image_03465.png,1,"[0, 0, 0, 0, 0, 0]",3465,0.0,13.865461478494993,2.1866110406335295,90.0,0.0,10.569400145452706,0.0,0.0,0.0,0.0,0.0,0.0
image_03466.png,1,"[0, 0, 0, 0, 0, 0]",3466,0.0,13.66344768127339,-1.1458946939228924,90.0,0.0,-11.509571007846931,0.0,0.0,0.0,0.0,0.0,0.0
image_03467.png,1,"[0, 0, 0, 0, 0, 0]",3467,0.0,-7.989673037129194,0.24886644469811525,90.0,0.0,-8.959323627972653,0.0,0.0,0.0,0.0,0.0,0.0
image_03468.png,1,"[0, 0, 0, 0, 0, 0]",3468,0.0,-9.838768928379722,-1.2016371706848787,90.0,0.0,3.0689629515552177,0.0,0.0,0.0,0.0,0.0,0.0
image_03469.png,1,"[0, 0, 0, 0, 0, 0]",3469,0.0,-4.937704582900793,-0.43332372143162523,90.0,0.0,-6.170503815046181,0.0,0.0,0.0,0.0,0.0,0.0
image_03470.png,1,"[0, 0, 0, 0, 0, 0]",3470,0.0,12.592231798917481,-0.825426191731748,90.0,0.0,-2.8635344336473314,0.0,0.0,0.0,0.0,0.0,0.0
image_03471.png,1,"[0, 0, 0, 0, 0, 0]",3471,0.0,13.288931016610604,-1.8963402392405246,90.0,0.0,2.040078649672534,0.0,0.0,0.0,0.0,0.0,0.0
image_03472.png,1,"[0, 0, 0, 0, 0, 0]",3472,0.0,-2.184488759591403,2.028566984145206,90.0,0.0,1.3118824291412254,0.0,0.0,0.0,0.0,0.0,0.0
image_03473.png,1,"[0, 0, 0, 0, 0, 0]",3473,0.0,-4.735193317758672,5.206482739639586,90.0,0.0,14.02151319257974,0.0,0.0,0.0,0.0,0.0,0.0
image_03474.png,1,"[0, 0, 0, 0, 0, 0]",3474,0.0,2.36935310002184,4.780535363056914,90.0,0.0,6.397367671225976,0.0,0.0,0.0,0.0,0.0,0.0
image_03475.png,1,"[0, 0, 0, 0, 0, 0]",3475,0.0,6.336598289208958,-0.6806405027769675,90.0,0.0,-11.17624815403533,0.0,0.0,0.0,0.0,0.0,0.0
image_03476.png,1,"[0, 0, 0, 0, 0, 0]",3476,0.0,13.20583293114126,3.6955361587334066,90.0,0.0,-5.662425264997877,0.0,0.0,0.0,0.0,0.0,0.0
image_03477.png,1,"[0, 0, 0, 0, 0, 0]",3477,0.0,4.320615203809339,-1.0671893401575812,90.0,0.0,9.403581909775506,0.0,0.0,0.0,0.0,0.0,0.0
image_03478.png,1,"[0, 0, 0, 0, 0, 0]",3478,0.0,1.8198386318933615,0.8747853818546827,90.0,0.0,3.474075743350156,0.0,0.0,0.0,0.0,0.0,0.0
image_03479.png,1,"[0, 0, 0, 0, 0, 0]",3479,0.0,-11.872761006500369,0.001863945824430946,90.0,0.0,-0.6246883116749009,0.0,0.0,0.0,0.0,0.0,0.0
image_03480.png,1,"[0, 0, 0, 0, 0, 0]",3480,0.0,1.7667976708530873,4.792271086116373,90.0,0.0,-10.024320157332767,0.0,0.0,0.0,0.0,0.0,0.0
image_03481.png,1,"[0, 0, 0, 0, 0, 0]",3481,0.0,6.1348007903976765,2.3672503883064078,90.0,0.0,-2.8154933911423634,0.0,0.0,0.0,0.0,0.0,0.0
image_03482.png,1,"[0, 0, 0, 0, 0, 0]",3482,0.0,12.91603659295825,-1.220292540204345,90.0,0.0,2.195851801567341,0.0,0.0,0.0,0.0,0.0,0.0
image_03483.png,1,"[0, 0, 0, 0, 0, 0]",3483,0.0,-3.0528105006364825,1.8800494607066667,90.0,0.0,-6.4232207790650735,0.0,0.0,0.0,0.0,0.0,0.0
image_03484.png,1,"[0, 0, 0, 0, 0, 0]",3484,0.0,6.20862766621606,2.421221340842129,90.0,0.0,6.119544224732776,0.0,0.0,0.0,0.0,0.0,0.0
image_03485.png,1,"[0, 0, 0, 0, 0, 0]",3485,0.0,0.4397089889159034,5.177221274843694,90.0,0.0,-8.27841422524826,0.0,0.0,0.0,0.0,0.0,0.0
image_03486.png,1,"[0, 0, 0, 0, 0, 0]",3486,0.0,-2.175950875140572,3.0487952447884643,90.0,0.0,12.799355679126297,0.0,0.0,0.0,0.0,0.0,0.0
image_03487.png,1,"[0, 0, 0, 0, 0, 0]",3487,0.0,-9.989676434388471,4.579485529647342,90.0,0.0,-15.646865379195363,0.0,0.0,0.0,0.0,0.0,0.0
image_03488.png,1,"[0, 0, 0, 0, 0, 0]",3488,0.0,-12.527724642755999,0.8756545763064381,90.0,0.0,-0.7112869547650033,0.0,0.0,0.0,0.0,0.0,0.0
image_03489.png,1,"[0, 0, 0, 0, 0, 0]",3489,0.0,10.097860763954941,3.9245065988348085,90.0,0.0,-3.1245752429348665,0.0,0.0,0.0,0.0,0.0,0.0
image_03490.png,1,"[0, 0, 0, 0, 0, 0]",3490,0.0,-9.81156322068179,0.2674023145271951,90.0,0.0,4.833458957836679,0.0,0.0,0.0,0.0,0.0,0.0
image_03491.png,1,"[0, 0, 0, 0, 0, 0]",3491,0.0,-3.91207799513343,3.3752405319759724,90.0,0.0,7.505720056258614,0.0,0.0,0.0,0.0,0.0,0.0
image_03492.png,1,"[0, 0, 0, 0, 0, 0]",3492,0.0,13.642746591679895,0.009125550916825098,90.0,0.0,-0.8696404546986433,0.0,0.0,0.0,0.0,0.0,0.0
image_03493.png,1,"[0, 0, 0, 0, 0, 0]",3493,0.0,7.732074813324758,5.112702136879174,90.0,0.0,-2.8528320968279743,0.0,0.0,0.0,0.0,0.0,0.0
image_03494.png,1,"[0, 0, 0, 0, 0, 0]",3494,0.0,-10.721912261274326,-0.2585021187969432,90.0,0.0,-0.07377455323900803,0.0,0.0,0.0,0.0,0.0,0.0
image_03495.png,1,"[0, 0, 0, 0, 0, 0]",3495,0.0,-6.697247980590134,1.3037926312739958,90.0,0.0,4.106943612491747,0.0,0.0,0.0,0.0,0.0,0.0
image_03496.png,1,"[0, 0, 0, 0, 0, 0]",3496,0.0,-8.050752636840002,1.0660636715793292,90.0,0.0,-0.2295289288769719,0.0,0.0,0.0,0.0,0.0,0.0
image_03497.png,1,"[0, 0, 0, 0, 0, 0]",3497,0.0,11.324774358675327,5.274341085698441,90.0,0.0,-4.827746466829027,0.0,0.0,0.0,0.0,0.0,0.0
image_03498.png,1,"[0, 0, 0, 0, 0, 0]",3498,0.0,-1.4871049288572138,-1.2150859413660977,90.0,0.0,4.0513600886698535,0.0,0.0,0.0,0.0,0.0,0.0
image_03499.png,1,"[0, 0, 0, 0, 0, 0]",3499,0.0,-12.052275500064667,5.049524772426386,90.0,0.0,-9.52893854568133,0.0,0.0,0.0,0.0,0.0,0.0
image_03500.png,1,"[0, 0, 0, 0, 0, 0]",3500,0.0,10.746071236871678,3.264726611701245,90.0,0.0,-19.62872073007342,0.0,0.0,0.0,0.0,0.0,0.0
image_03501.png,1,"[0, 0, 0, 0, 0, 0]",3501,0.0,12.290601259230101,-0.011620151624892827,90.0,0.0,7.552574474152689,0.0,0.0,0.0,0.0,0.0,0.0
image_03502.png,1,"[0, 0, 0, 0, 0, 0]",3502,0.0,-8.862498800896304,1.1443786729728624,90.0,0.0,10.474508124459529,0.0,0.0,0.0,0.0,0.0,0.0
image_03503.png,1,"[0, 0, 0, 0, 0, 0]",3503,0.0,-13.839049875349374,5.1825941230697605,90.0,0.0,-3.4478554028428476,0.0,0.0,0.0,0.0,0.0,0.0
image_03504.png,1,"[0, 0, 0, 0, 0, 0]",3504,0.0,-12.049314893143617,4.449199911130856,90.0,0.0,8.775951646898019,0.0,0.0,0.0,0.0,0.0,0.0
image_03505.png,1,"[0, 0, 0, 0, 0, 0]",3505,0.0,3.564029212483831,3.2890600908109766,90.0,0.0,10.418524784715798,0.0,0.0,0.0,0.0,0.0,0.0
image_03506.png,1,"[0, 0, 0, 0, 0, 0]",3506,0.0,-4.932577997310034,-1.9148089614022958,90.0,0.0,10.195407434976037,0.0,0.0,0.0,0.0,0.0,0.0
image_03507.png,1,"[0, 0, 0, 0, 0, 0]",3507,0.0,-3.087564845363552,5.025244293933619,90.0,0.0,4.34879199609444,0.0,0.0,0.0,0.0,0.0,0.0
image_03508.png,1,"[0, 0, 0, 0, 0, 0]",3508,0.0,3.5011261069382584,2.8627561771307617,90.0,0.0,15.90246980816474,0.0,0.0,0.0,0.0,0.0,0.0
image_03509.png,1,"[0, 0, 0, 0, 0, 0]",3509,0.0,-12.71766403798921,3.338459957386884,90.0,0.0,1.5307220667847632,0.0,0.0,0.0,0.0,0.0,0.0
image_03510.png,1,"[0, 0, 0, 0, 0, 0]",3510,0.0,-10.044340642345418,0.6984210933920973,90.0,0.0,-11.284582257583953,0.0,0.0,0.0,0.0,0.0,0.0
image_03511.png,1,"[0, 0, 0, 0, 0, 0]",3511,0.0,0.5260192449362933,4.620941840292568,90.0,0.0,-11.294950970254858,0.0,0.0,0.0,0.0,0.0,0.0
image_03512.png,1,"[0, 0, 0, 0, 0, 0]",3512,0.0,-6.640144942643559,3.2448887982420462,90.0,0.0,-7.058095120886525,0.0,0.0,0.0,0.0,0.0,0.0
image_03513.png,1,"[0, 0, 0, 0, 0, 0]",3513,0.0,-7.440636074980247,5.369263112417137,90.0,0.0,0.5723834125344167,0.0,0.0,0.0,0.0,0.0,0.0
image_03514.png,1,"[0, 0, 0, 0, 0, 0]",3514,0.0,5.724268982489754,1.3172087672182178,90.0,0.0,1.472226373202653,0.0,0.0,0.0,0.0,0.0,0.0
image_03515.png,1,"[0, 0, 0, 0, 0, 0]",3515,0.0,-9.043525898507141,2.401014752671011,90.0,0.0,6.332311894028837,0.0,0.0,0.0,0.0,0.0,0.0
image_03516.png,1,"[0, 0, 0, 0, 0, 0]",3516,0.0,-1.5916271439677203,4.533167387761358,90.0,0.0,-0.8669029381988821,0.0,0.0,0.0,0.0,0.0,0.0
image_03517.png,1,"[0, 0, 0, 0, 0, 0]",3517,0.0,2.488147689254461,-1.3349763695184975,90.0,0.0,11.18427984392433,0.0,0.0,0.0,0.0,0.0,0.0
image_03518.png,1,"[0, 0, 0, 0, 0, 0]",3518,0.0,-1.0952905822941545,5.417349904882353,90.0,0.0,4.231814274351504,0.0,0.0,0.0,0.0,0.0,0.0
image_03519.png,1,"[0, 0, 0, 0, 0, 0]",3519,0.0,-10.036667623885592,3.87518011685515,90.0,0.0,-4.866848127058736,0.0,0.0,0.0,0.0,0.0,0.0
image_03520.png,1,"[0, 0, 0, 0, 0, 0]",3520,0.0,-6.879260090657567,0.3226218670903438,90.0,0.0,-7.732829310437594,0.0,0.0,0.0,0.0,0.0,0.0
image_03521.png,1,"[0, 0, 0, 0, 0, 0]",3521,0.0,8.399391068944588,3.083480404688558,90.0,0.0,20.0,0.0,0.0,0.0,0.0,0.0,0.0
image_03522.png,1,"[0, 0, 0, 0, 0, 0]",3522,0.0,10.50800200626177,-1.276971049969955,90.0,0.0,-1.88056782800199,0.0,0.0,0.0,0.0,0.0,0.0
image_03523.png,1,"[0, 0, 0, 0, 0, 0]",3523,0.0,5.796587520441747,4.295944844890107,90.0,0.0,-1.7746977662333718,0.0,0.0,0.0,0.0,0.0,0.0
image_03524.png,1,"[0, 0, 0, 0, 0, 0]",3524,0.0,-8.160339990741079,-0.626856329434426,90.0,0.0,-15.167032648309629,0.0,0.0,0.0,0.0,0.0,0.0
image_03525.png,1,"[0, 0, 0, 0, 0, 0]",3525,0.0,1.2689152491150182,5.311240284511837,90.0,0.0,-2.0323871395755115,0.0,0.0,0.0,0.0,0.0,0.0
image_03526.png,1,"[0, 0, 0, 0, 0, 0]",3526,0.0,12.038549165890117,-1.8131379376576608,90.0,0.0,-9.471022005886292,0.0,0.0,0.0,0.0,0.0,0.0
image_03527.png,1,"[0, 0, 0, 0, 0, 0]",3527,0.0,2.669596496974272,-0.24173778280154767,90.0,0.0,2.015532728121831,0.0,0.0,0.0,0.0,0.0,0.0
image_03528.png,1,"[0, 0, 0, 0, 0, 0]",3528,0.0,7.15536308165769,-0.39419525013959,90.0,0.0,-0.6650012654019315,0.0,0.0,0.0,0.0,0.0,0.0
image_03529.png,1,"[0, 0, 0, 0, 0, 0]",3529,0.0,-11.711291222783842,0.03261414203249169,90.0,0.0,-13.370698275866795,0.0,0.0,0.0,0.0,0.0,0.0
image_03530.png,1,"[0, 0, 0, 0, 0, 0]",3530,0.0,9.864828685481939,-0.06561798029495769,90.0,0.0,3.011841459391008,0.0,0.0,0.0,0.0,0.0,0.0
image_03531.png,1,"[0, 0, 0, 0, 0, 0]",3531,0.0,-10.275423255677737,3.6301712871831286,90.0,0.0,2.940635890067186,0.0,0.0,0.0,0.0,0.0,0.0
image_03532.png,1,"[0, 0, 0, 0, 0, 0]",3532,0.0,-0.46518165890110197,2.6835075211402524,90.0,0.0,1.1455912166160827,0.0,0.0,0.0,0.0,0.0,0.0
image_03533.png,1,"[0, 0, 0, 0, 0, 0]",3533,0.0,12.63028077885987,1.6420980687203204,90.0,0.0,12.8129989226721,0.0,0.0,0.0,0.0,0.0,0.0
image_03534.png,1,"[0, 0, 0, 0, 0, 0]",3534,0.0,11.45258462347362,2.2987357971566658,90.0,0.0,-5.040757628395003,0.0,0.0,0.0,0.0,0.0,0.0
image_03535.png,1,"[0, 0, 0, 0, 0, 0]",3535,0.0,8.21749850926296,2.681151603861794,90.0,0.0,-3.779384492941175,0.0,0.0,0.0,0.0,0.0,0.0
image_03536.png,1,"[0, 0, 0, 0, 0, 0]",3536,0.0,8.47389341133946,4.429535320488742,90.0,0.0,8.972227521521836,0.0,0.0,0.0,0.0,0.0,0.0
image_03537.png,1,"[0, 0, 0, 0, 0, 0]",3537,0.0,13.097175043427768,1.3632229184747695,90.0,0.0,7.203077422421893,0.0,0.0,0.0,0.0,0.0,0.0
image_03538.png,1,"[0, 0, 0, 0, 0, 0]",3538,0.0,12.005002955212106,4.964342048803065,90.0,0.0,-3.709190583724494,0.0,0.0,0.0,0.0,0.0,0.0
image_03539.png,1,"[0, 0, 0, 0, 0, 0]",3539,0.0,-2.6505161188952115,3.552146636756225,90.0,0.0,1.70243223110892,0.0,0.0,0.0,0.0,0.0,0.0
image_03540.png,1,"[0, 0, 0, 0, 0, 0]",3540,0.0,-4.091472526014087,-0.3795978980485273,90.0,0.0,-9.711131795530795,0.0,0.0,0.0,0.0,0.0,0.0
image_03541.png,1,"[0, 0, 0, 0, 0, 0]",3541,0.0,-4.878332400369487,1.8301793437900957,90.0,0.0,10.621109360800501,0.0,0.0,0.0,0.0,0.0,0.0
image_03542.png,1,"[0, 0, 0, 0, 0, 0]",3542,0.0,-10.992891726048526,-1.2071885685699029,90.0,0.0,6.58171338021298,0.0,0.0,0.0,0.0,0.0,0.0
image_03543.png,1,"[0, 0, 0, 0, 0, 0]",3543,0.0,0.6357987603032242,-1.4344877096933142,90.0,0.0,-10.264510361302104,0.0,0.0,0.0,0.0,0.0,0.0
image_03544.png,1,"[0, 0, 0, 0, 0, 0]",3544,0.0,11.622803155479993,4.478829125880366,90.0,0.0,11.591416659518314,0.0,0.0,0.0,0.0,0.0,0.0
image_03545.png,1,"[0, 0, 0, 0, 0, 0]",3545,0.0,-10.248831606644131,3.289967679594308,90.0,0.0,1.284519443337624,0.0,0.0,0.0,0.0,0.0,0.0
image_03546.png,1,"[0, 0, 0, 0, 0, 0]",3546,0.0,-6.334482773061609,2.1438550617819923,90.0,0.0,1.4768788804696569,0.0,0.0,0.0,0.0,0.0,0.0
image_03547.png,1,"[0, 0, 0, 0, 0, 0]",3547,0.0,6.038002354200863,-0.633110603142407,90.0,0.0,-1.1052012359231391,0.0,0.0,0.0,0.0,0.0,0.0
image_03548.png,1,"[0, 0, 0, 0, 0, 0]",3548,0.0,-7.983526477917337,1.2373503678162097,90.0,0.0,8.923611131841302,0.0,0.0,0.0,0.0,0.0,0.0
image_03549.png,1,"[0, 0, 0, 0, 0, 0]",3549,0.0,7.6871838191793955,3.370563145298381,90.0,0.0,-2.7444119038313786,0.0,0.0,0.0,0.0,0.0,0.0
image_03550.png,1,"[0, 0, 0, 0, 0, 0]",3550,0.0,-8.705719289242893,3.8352446685587873,90.0,0.0,-1.8615514145834713,0.0,0.0,0.0,0.0,0.0,0.0
image_03551.png,1,"[0, 0, 0, 0, 0, 0]",3551,0.0,11.008020510683863,-0.04066751027574966,90.0,0.0,-0.4960165997355905,0.0,0.0,0.0,0.0,0.0,0.0
image_03552.png,1,"[0, 0, 0, 0, 0, 0]",3552,0.0,-8.398076025686123,3.298778048477444,90.0,0.0,0.6943414566118766,0.0,0.0,0.0,0.0,0.0,0.0
image_03553.png,1,"[0, 0, 0, 0, 0, 0]",3553,0.0,7.061583788133163,0.8311777432645155,90.0,0.0,12.90221354377961,0.0,0.0,0.0,0.0,0.0,0.0
image_03554.png,1,"[0, 0, 0, 0, 0, 0]",3554,0.0,-0.4791701850828858,3.1146487459205288,90.0,0.0,-5.1821373691917145,0.0,0.0,0.0,0.0,0.0,0.0
image_03555.png,1,"[0, 0, 0, 0, 0, 0]",3555,0.0,-6.4791551231245705,-1.7421713977066802,90.0,0.0,0.4603555346841959,0.0,0.0,0.0,0.0,0.0,0.0
image_03556.png,1,"[0, 0, 0, 0, 0, 0]",3556,0.0,12.784236827665772,-0.36148102482966404,90.0,0.0,-0.8860891462685954,0.0,0.0,0.0,0.0,0.0,0.0
image_03557.png,1,"[0, 0, 0, 0, 0, 0]",3557,0.0,-12.58053983980463,3.4108427022866055,90.0,0.0,-11.905750170368169,0.0,0.0,0.0,0.0,0.0,0.0
image_03558.png,1,"[0, 0, 0, 0, 0, 0]",3558,0.0,-9.71543393010262,2.9160030368500065,90.0,0.0,-1.1039481070689081,0.0,0.0,0.0,0.0,0.0,0.0
image_03559.png,1,"[0, 0, 0, 0, 0, 0]",3559,0.0,11.525087455502089,4.232390520358658,90.0,0.0,-1.10689695374391,0.0,0.0,0.0,0.0,0.0,0.0
image_03560.png,1,"[0, 0, 0, 0, 0, 0]",3560,0.0,8.70817974943251,0.6927609945264632,90.0,0.0,-3.730147374838006,0.0,0.0,0.0,0.0,0.0,0.0
image_03561.png,1,"[0, 0, 0, 0, 0, 0]",3561,0.0,-0.6820679492339821,1.9005820919899459,90.0,0.0,1.531549214352275,0.0,0.0,0.0,0.0,0.0,0.0
image_03562.png,1,"[0, 0, 0, 0, 0, 0]",3562,0.0,10.660154586536393,3.5317357274834498,90.0,0.0,-12.075357488450452,0.0,0.0,0.0,0.0,0.0,0.0
image_03563.png,1,"[0, 0, 0, 0, 0, 0]",3563,0.0,1.2957920268242589,-0.4342383968536614,90.0,0.0,0.25612963308791425,0.0,0.0,0.0,0.0,0.0,0.0
image_03564.png,1,"[0, 0, 0, 0, 0, 0]",3564,0.0,-1.715699083814279,5.18687550223086,90.0,0.0,9.320436136597126,0.0,0.0,0.0,0.0,0.0,0.0
image_03565.png,1,"[0, 0, 0, 0, 0, 0]",3565,0.0,4.11724333526864,1.9292335554269693,90.0,0.0,-6.296954463800375,0.0,0.0,0.0,0.0,0.0,0.0
image_03566.png,1,"[0, 0, 0, 0, 0, 0]",3566,0.0,0.8912731335842352,3.334819636301013,90.0,0.0,-19.628782064421532,0.0,0.0,0.0,0.0,0.0,0.0
image_03567.png,1,"[0, 0, 0, 0, 0, 0]",3567,0.0,10.65248856274573,-1.175871241595529,90.0,0.0,-11.13750550578512,0.0,0.0,0.0,0.0,0.0,0.0
image_03568.png,1,"[0, 0, 0, 0, 0, 0]",3568,0.0,2.4633857744579046,1.8422661998065837,90.0,0.0,-4.603848131146446,0.0,0.0,0.0,0.0,0.0,0.0
image_03569.png,1,"[0, 0, 0, 0, 0, 0]",3569,0.0,7.107243598253696,4.212304443225086,90.0,0.0,10.934898821904232,0.0,0.0,0.0,0.0,0.0,0.0
image_03570.png,1,"[0, 0, 0, 0, 0, 0]",3570,0.0,4.371939396568287,3.633694686885703,90.0,0.0,-8.522643545834116,0.0,0.0,0.0,0.0,0.0,0.0
image_03571.png,1,"[0, 0, 0, 0, 0, 0]",3571,0.0,8.102562410688904,4.930882297759088,90.0,0.0,18.181951839262577,0.0,0.0,0.0,0.0,0.0,0.0
image_03572.png,1,"[0, 0, 0, 0, 0, 0]",3572,0.0,-7.298374989450622,-1.4639491518047398,90.0,0.0,6.0300341645984545,0.0,0.0,0.0,0.0,0.0,0.0
image_03573.png,1,"[0, 0, 0, 0, 0, 0]",3573,0.0,-4.391936287678419,0.6928312838452135,90.0,0.0,4.819362729487599,0.0,0.0,0.0,0.0,0.0,0.0
image_03574.png,1,"[0, 0, 0, 0, 0, 0]",3574,0.0,5.870001875742567,4.337723941805601,90.0,0.0,-6.064227886717627,0.0,0.0,0.0,0.0,0.0,0.0
image_03575.png,1,"[0, 0, 0, 0, 0, 0]",3575,0.0,2.8723405451941773,5.394609835023316,90.0,0.0,4.813760777876559,0.0,0.0,0.0,0.0,0.0,0.0
image_03576.png,1,"[0, 0, 0, 0, 0, 0]",3576,0.0,5.734432127062597,0.16969915797099633,90.0,0.0,4.394269292391266,0.0,0.0,0.0,0.0,0.0,0.0
image_03577.png,1,"[0, 0, 0, 0, 0, 0]",3577,0.0,-1.6671914547886786,3.6548329048662698,90.0,0.0,11.070510587472379,0.0,0.0,0.0,0.0,0.0,0.0
image_03578.png,1,"[0, 0, 0, 0, 0, 0]",3578,0.0,5.8106880979197655,1.333670328235113,90.0,0.0,9.922924730881906,0.0,0.0,0.0,0.0,0.0,0.0
image_03579.png,1,"[0, 0, 0, 0, 0, 0]",3579,0.0,2.513297696421205,4.866562310126007,90.0,0.0,3.2521537137906287,0.0,0.0,0.0,0.0,0.0,0.0
image_03580.png,1,"[0, 0, 0, 0, 0, 0]",3580,0.0,-11.2870194492709,2.807518924003076,90.0,0.0,-0.13837155300423415,0.0,0.0,0.0,0.0,0.0,0.0
image_03581.png,1,"[0, 0, 0, 0, 0, 0]",3581,0.0,-3.9311820366852217,0.5848957548896361,90.0,0.0,8.413950492723105,0.0,0.0,0.0,0.0,0.0,0.0
image_03582.png,1,"[0, 0, 0, 0, 0, 0]",3582,0.0,4.637446448173392,-1.7122226950232762,90.0,0.0,9.48158403294,0.0,0.0,0.0,0.0,0.0,0.0
image_03583.png,1,"[0, 0, 0, 0, 0, 0]",3583,0.0,5.732139708962293,-0.19740993279948849,90.0,0.0,-6.933412656630898,0.0,0.0,0.0,0.0,0.0,0.0
image_03584.png,1,"[0, 0, 0, 0, 0, 0]",3584,0.0,-10.458788570331834,2.668539305660932,90.0,0.0,-8.165529005466173,0.0,0.0,0.0,0.0,0.0,0.0
image_03585.png,1,"[0, 0, 0, 0, 0, 0]",3585,0.0,6.083225468798844,-1.5800668219903824,90.0,0.0,-6.0238373846241435,0.0,0.0,0.0,0.0,0.0,0.0
image_03586.png,1,"[0, 0, 0, 0, 0, 0]",3586,0.0,-8.06239227213797,2.3742803120407494,90.0,0.0,-12.444187258063842,0.0,0.0,0.0,0.0,0.0,0.0
image_03587.png,1,"[0, 0, 0, 0, 0, 0]",3587,0.0,11.157247490636259,5.288978465376365,90.0,0.0,7.233823998239257,0.0,0.0,0.0,0.0,0.0,0.0
image_03588.png,1,"[0, 0, 0, 0, 0, 0]",3588,0.0,-7.1259873684488895,4.130467972584709,90.0,0.0,-8.328388835775208,0.0,0.0,0.0,0.0,0.0,0.0
image_03589.png,1,"[0, 0, 0, 0, 0, 0]",3589,0.0,-10.246805498967632,1.3812278444399158,90.0,0.0,1.694270416541851,0.0,0.0,0.0,0.0,0.0,0.0
image_03590.png,1,"[0, 0, 0, 0, 0, 0]",3590,0.0,12.398830636953015,0.41484000864253545,90.0,0.0,6.582354131362185,0.0,0.0,0.0,0.0,0.0,0.0
image_03591.png,1,"[0, 0, 0, 0, 0, 0]",3591,0.0,1.276034434077161,2.5835569716070905,90.0,0.0,-5.362039401624979,0.0,0.0,0.0,0.0,0.0,0.0
image_03592.png,1,"[0, 0, 0, 0, 0, 0]",3592,0.0,-3.142747768567503,-0.548313844125722,90.0,0.0,3.288641850930283,0.0,0.0,0.0,0.0,0.0,0.0
image_03593.png,1,"[0, 0, 0, 0, 0, 0]",3593,0.0,-1.444029771312394,0.6415113673289294,90.0,0.0,9.259292549132502,0.0,0.0,0.0,0.0,0.0,0.0
image_03594.png,1,"[0, 0, 0, 0, 0, 0]",3594,0.0,13.786454561268116,-1.9344993185701131,90.0,0.0,-3.348470513220455,0.0,0.0,0.0,0.0,0.0,0.0
image_03595.png,1,"[0, 0, 0, 0, 0, 0]",3595,0.0,2.5016229110064216,2.772098299655629,90.0,0.0,-3.759378730573618,0.0,0.0,0.0,0.0,0.0,0.0
image_03596.png,1,"[0, 0, 0, 0, 0, 0]",3596,0.0,-10.97645686750829,2.6335196616223575,90.0,0.0,9.544811985584415,0.0,0.0,0.0,0.0,0.0,0.0
image_03597.png,1,"[0, 0, 0, 0, 0, 0]",3597,0.0,-1.7716558032809075,-1.125503822696117,90.0,0.0,7.881255087586035,0.0,0.0,0.0,0.0,0.0,0.0
image_03598.png,1,"[0, 0, 0, 0, 0, 0]",3598,0.0,5.58840961216481,4.166351331017406,90.0,0.0,10.684041857022724,0.0,0.0,0.0,0.0,0.0,0.0
image_03599.png,1,"[0, 0, 0, 0, 0, 0]",3599,0.0,12.632040087001613,2.9755647497571527,90.0,0.0,5.454583200858397,0.0,0.0,0.0,0.0,0.0,0.0
image_03600.png,1,"[0, 0, 0, 0, 0, 0]",3600,0.0,-6.031016365783444,2.7984261845123415,90.0,0.0,-9.91134444507296,0.0,0.0,0.0,0.0,0.0,0.0
image_03601.png,1,"[0, 0, 0, 0, 0, 0]",3601,0.0,0.18055682978711474,3.820657769853577,90.0,0.0,-9.301441878564322,0.0,0.0,0.0,0.0,0.0,0.0
image_03602.png,1,"[0, 0, 0, 0, 0, 0]",3602,0.0,-0.1892276454775157,2.8249527332622186,90.0,0.0,1.8602135105365891,0.0,0.0,0.0,0.0,0.0,0.0
image_03603.png,1,"[0, 0, 0, 0, 0, 0]",3603,0.0,3.6473463888931263,-0.8285553551607885,90.0,0.0,8.012600868434381,0.0,0.0,0.0,0.0,0.0,0.0
image_03604.png,1,"[0, 0, 0, 0, 0, 0]",3604,0.0,-4.835217399115564,1.0978106628391124,90.0,0.0,-2.6868380228468975,0.0,0.0,0.0,0.0,0.0,0.0
image_03605.png,1,"[0, 0, 0, 0, 0, 0]",3605,0.0,-0.622283764264786,-1.664224472520655,90.0,0.0,-13.774266849528235,0.0,0.0,0.0,0.0,0.0,0.0
image_03606.png,1,"[0, 0, 0, 0, 0, 0]",3606,0.0,-6.250880226100776,0.07575223857467028,90.0,0.0,-8.64675233630283,0.0,0.0,0.0,0.0,0.0,0.0
image_03607.png,1,"[0, 0, 0, 0, 0, 0]",3607,0.0,11.402473726222404,2.4256370711445383,90.0,0.0,-1.8784151557307682,0.0,0.0,0.0,0.0,0.0,0.0
image_03608.png,1,"[0, 0, 0, 0, 0, 0]",3608,0.0,-1.9849954715835167,2.955234200593803,90.0,0.0,-12.517673335682334,0.0,0.0,0.0,0.0,0.0,0.0
image_03609.png,1,"[0, 0, 0, 0, 0, 0]",3609,0.0,9.166692271248394,-1.9186917796249996,90.0,0.0,4.777535848326124,0.0,0.0,0.0,0.0,0.0,0.0
image_03610.png,1,"[0, 0, 0, 0, 0, 0]",3610,0.0,2.059693871453362,3.0887470671818322,90.0,0.0,4.764220786710122,0.0,0.0,0.0,0.0,0.0,0.0
image_03611.png,1,"[0, 0, 0, 0, 0, 0]",3611,0.0,12.045262473937449,4.736539846572371,90.0,0.0,-11.58975220668604,0.0,0.0,0.0,0.0,0.0,0.0
image_03612.png,1,"[0, 0, 0, 0, 0, 0]",3612,0.0,-5.015305653697268,0.05843269926945549,90.0,0.0,-20.0,0.0,0.0,0.0,0.0,0.0,0.0
image_03613.png,1,"[0, 0, 0, 0, 0, 0]",3613,0.0,13.317336532693446,4.967804348643259,0.0,0.0,-0.7613196251881249,0.0,0.0,0.0,0.0,0.0,0.0
image_03614.png,1,"[0, 0, 0, 0, 0, 0]",3614,0.0,9.904103938067756,4.831515798308479,90.0,0.0,2.0269097219081673,0.0,0.0,0.0,0.0,0.0,0.0
image_03615.png,1,"[0, 0, 0, 0, 0, 0]",3615,0.0,13.125374925014967,1.8597846499754276,0.0,0.0,14.749187287923656,0.0,0.0,0.0,0.0,0.0,0.0
image_03616.png,1,"[0, 0, 0, 0, 0, 0]",3616,0.0,11.1041437123843,3.4259112982619646,90.0,0.0,2.887291528736622,0.0,0.0,0.0,0.0,0.0,0.0
image_03617.png,1,"[0, 0, 0, 0, 0, 0]",3617,0.0,3.7370186500004365,1.9678729548371634,90.0,0.0,-1.411097891359544,0.0,0.0,0.0,0.0,0.0,0.0
image_03618.png,1,"[0, 0, 0, 0, 0, 0]",3618,0.0,2.0855390940079417,2.9148129113334784,90.0,0.0,-9.411352449208968,0.0,0.0,0.0,0.0,0.0,0.0
image_03619.png,1,"[0, 0, 0, 0, 0, 0]",3619,0.0,-11.556435396216784,0.36492677017985065,90.0,0.0,-10.384991818812999,0.0,0.0,0.0,0.0,0.0,0.0
image_03620.png,1,"[0, 0, 0, 0, 0, 0]",3620,0.0,-12.30071097432392,2.9680366104176708,90.0,0.0,2.8701890520111863,0.0,0.0,0.0,0.0,0.0,0.0
image_03621.png,1,"[0, 0, 0, 0, 0, 0]",3621,0.0,-3.7196448859912294,2.8469659524220505,90.0,0.0,-6.819563306540167,0.0,0.0,0.0,0.0,0.0,0.0
image_03622.png,1,"[0, 0, 0, 0, 0, 0]",3622,0.0,-11.51659608570705,3.1436857444690425,90.0,0.0,-1.4890570392373403,0.0,0.0,0.0,0.0,0.0,0.0
image_03623.png,1,"[0, 0, 0, 0, 0, 0]",3623,0.0,0.601184856240323,1.3515331235515764,90.0,0.0,-6.5238845653942565,0.0,0.0,0.0,0.0,0.0,0.0
image_03624.png,1,"[0, 0, 0, 0, 0, 0]",3624,0.0,-3.897655540140974,-1.4274833910433065,90.0,0.0,-4.369453964776701,0.0,0.0,0.0,0.0,0.0,0.0
image_03625.png,1,"[0, 0, 0, 0, 0, 0]",3625,0.0,3.349570775398419,2.120268580223734,90.0,0.0,-6.578408304609181,0.0,0.0,0.0,0.0,0.0,0.0
image_03626.png,1,"[0, 0, 0, 0, 0, 0]",3626,0.0,11.052786229960041,0.5647061976649881,90.0,0.0,-4.73871005103453,0.0,0.0,0.0,0.0,0.0,0.0
image_03627.png,1,"[0, 0, 0, 0, 0, 0]",3627,0.0,-1.9547262406156989,5.322492558198379,90.0,0.0,12.747632695754398,0.0,0.0,0.0,0.0,0.0,0.0
image_03628.png,1,"[0, 0, 0, 0, 0, 0]",3628,0.0,-7.376765375918865,1.853322295348108,90.0,0.0,9.383750496035475,0.0,0.0,0.0,0.0,0.0,0.0
image_03629.png,1,"[0, 0, 0, 0, 0, 0]",3629,0.0,-9.730165349289294,-0.7835478877648476,90.0,0.0,-6.830358177654276,0.0,0.0,0.0,0.0,0.0,0.0
image_03630.png,1,"[0, 0, 0, 0, 0, 0]",3630,0.0,7.502151944020255,0.3554116289973175,90.0,0.0,-17.58886959577247,0.0,0.0,0.0,0.0,0.0,0.0
image_03631.png,1,"[0, 0, 0, 0, 0, 0]",3631,0.0,5.090236259007533,4.779362737002777,90.0,0.0,-2.76597977245539,0.0,0.0,0.0,0.0,0.0,0.0
image_03632.png,1,"[0, 0, 0, 0, 0, 0]",3632,0.0,-8.727589528216129,-0.4681306725950085,90.0,0.0,-6.438005686128886,0.0,0.0,0.0,0.0,0.0,0.0
image_03633.png,1,"[0, 0, 0, 0, 0, 0]",3633,0.0,-7.38695085005196,-0.9402203294669729,90.0,0.0,5.540388697765711,0.0,0.0,0.0,0.0,0.0,0.0
image_03634.png,1,"[0, 0, 0, 0, 0, 0]",3634,0.0,-6.380848605178258,2.6150688276659997,90.0,0.0,-0.07253063647356137,0.0,0.0,0.0,0.0,0.0,0.0
image_03635.png,1,"[0, 0, 0, 0, 0, 0]",3635,0.0,4.64994371133848,4.0357993390273155,90.0,0.0,12.217353212130618,0.0,0.0,0.0,0.0,0.0,0.0
image_03636.png,1,"[0, 0, 0, 0, 0, 0]",3636,0.0,-4.329494476782912,2.5507880128907576,90.0,0.0,1.0598825962175378,0.0,0.0,0.0,0.0,0.0,0.0
image_03637.png,1,"[0, 0, 0, 0, 0, 0]",3637,0.0,7.315187774743677,-1.6742646230063525,90.0,0.0,13.023863447396758,0.0,0.0,0.0,0.0,0.0,0.0
image_03638.png,1,"[0, 0, 0, 0, 0, 0]",3638,0.0,-4.406358007514996,-1.6699287014984694,90.0,0.0,-2.650098449596443,0.0,0.0,0.0,0.0,0.0,0.0
image_03639.png,1,"[0, 0, 0, 0, 0, 0]",3639,0.0,10.821835632873388,0.30338897227341377,0.0,0.0,3.0315388503516756,0.0,0.0,0.0,0.0,0.0,0.0
image_03640.png,1,"[0, 0, 0, 0, 0, 0]",3640,0.0,9.561620990538664,0.940594320945396,90.0,0.0,-0.07929373793707757,0.0,0.0,0.0,0.0,0.0,0.0
image_03641.png,1,"[0, 0, 0, 0, 0, 0]",3641,0.0,8.030349192721552,-1.0376877723769908,90.0,0.0,-1.4298646599748333,0.0,0.0,0.0,0.0,0.0,0.0
image_03642.png,1,"[0, 0, 0, 0, 0, 0]",3642,0.0,-4.63007643449366,2.8152642564076977,90.0,0.0,-0.3848306930444896,0.0,0.0,0.0,0.0,0.0,0.0
image_03643.png,1,"[0, 0, 0, 0, 0, 0]",3643,0.0,2.779016621628287,4.129058634867027,90.0,0.0,1.4102453362309166,0.0,0.0,0.0,0.0,0.0,0.0
image_03644.png,1,"[0, 0, 0, 0, 0, 0]",3644,0.0,1.4628470048143924,-1.8102612911827456,90.0,0.0,-15.031649047177545,0.0,0.0,0.0,0.0,0.0,0.0
image_03645.png,1,"[0, 0, 0, 0, 0, 0]",3645,0.0,5.682503463533678,-0.2960113057711571,90.0,0.0,-0.7521190001562796,0.0,0.0,0.0,0.0,0.0,0.0
image_03646.png,1,"[0, 0, 0, 0, 0, 0]",3646,0.0,-3.8219477870406564,1.514415907791745,90.0,0.0,3.518977077251828,0.0,0.0,0.0,0.0,0.0,0.0
image_03647.png,1,"[0, 0, 0, 0, 0, 0]",3647,0.0,10.053989202159528,4.731430731204665,0.0,0.0,-5.907420034336485,0.0,0.0,0.0,0.0,0.0,0.0
image_03648.png,1,"[0, 0, 0, 0, 0, 0]",3648,0.0,-4.279340801948422,0.6721397870658357,90.0,0.0,-9.676904061689616,0.0,0.0,0.0,0.0,0.0,0.0
image_03649.png,1,"[0, 0, 0, 0, 0, 0]",3649,0.0,9.862027594481106,3.7763299048559222,0.0,0.0,-20.0,0.0,0.0,0.0,0.0,0.0,0.0
image_03650.png,1,"[0, 0, 0, 0, 0, 0]",3650,0.0,9.766046790641838,5.378499706949391,0.0,0.0,7.492995912582362,0.0,0.0,0.0,0.0,0.0,0.0
image_03651.png,1,"[0, 0, 0, 0, 0, 0]",3651,0.0,1.8039939690672213,2.9039471900210563,90.0,0.0,-6.341482699123692,0.0,0.0,0.0,0.0,0.0,0.0
image_03652.png,1,"[0, 0, 0, 0, 0, 0]",3652,0.0,9.574085182963358,2.127745722831304,0.0,0.0,9.458045348750487,0.0,0.0,0.0,0.0,0.0,0.0
image_03653.png,1,"[0, 0, 0, 0, 0, 0]",3653,0.0,6.916603315989136,4.786074144347147,90.0,0.0,-1.0341470434505324,0.0,0.0,0.0,0.0,0.0,0.0
image_03654.png,1,"[0, 0, 0, 0, 0, 0]",3654,0.0,9.382123575284936,1.3664803332011028,0.0,0.0,3.700950713751065,0.0,0.0,0.0,0.0,0.0,0.0
image_03655.png,1,"[0, 0, 0, 0, 0, 0]",3655,0.0,9.286142771445668,1.9702905566407574,0.0,0.0,-16.504233528763482,0.0,0.0,0.0,0.0,0.0,0.0
image_03656.png,1,"[0, 0, 0, 0, 0, 0]",3656,0.0,9.190161967606457,3.312153927531252,0.0,0.0,12.374596908245246,0.0,0.0,0.0,0.0,0.0,0.0
image_03657.png,1,"[0, 0, 0, 0, 0, 0]",3657,0.0,-6.57016834712482,1.014788517141712,90.0,0.0,0.5740966331734364,0.0,0.0,0.0,0.0,0.0,0.0
image_03658.png,1,"[0, 0, 0, 0, 0, 0]",3658,0.0,8.998200359927978,4.831158618241541,0.0,0.0,7.000744270512304,0.0,0.0,0.0,0.0,0.0,0.0
image_03659.png,1,"[0, 0, 0, 0, 0, 0]",3659,0.0,8.902219556088767,3.147930476728927,0.0,0.0,-3.496449437680737,0.0,0.0,0.0,0.0,0.0,0.0
image_03660.png,1,"[0, 0, 0, 0, 0, 0]",3660,0.0,8.806238752249556,2.0262139564995456,0.0,0.0,0.11998908484097909,0.0,0.0,0.0,0.0,0.0,0.0
image_03661.png,1,"[0, 0, 0, 0, 0, 0]",3661,0.0,-6.534746235579874,0.3210936118290033,90.0,0.0,5.159659495919067,0.0,0.0,0.0,0.0,0.0,0.0
image_03662.png,1,"[0, 0, 0, 0, 0, 0]",3662,0.0,3.1765231477008484,0.8121163765082562,90.0,0.0,-8.069338934870018,0.0,0.0,0.0,0.0,0.0,0.0
image_03663.png,1,"[0, 0, 0, 0, 0, 0]",3663,0.0,0.4596574383585761,-0.4538310620448853,90.0,0.0,9.952367204616586,0.0,0.0,0.0,0.0,0.0,0.0
image_03664.png,1,"[0, 0, 0, 0, 0, 0]",3664,0.0,8.422315536892597,1.7928088359572234,0.0,0.0,-4.188096627519258,0.0,0.0,0.0,0.0,0.0,0.0
image_03665.png,1,"[0, 0, 0, 0, 0, 0]",3665,0.0,-4.023454913379396,-1.867645838416397,90.0,0.0,-18.69740600118389,0.0,0.0,0.0,0.0,0.0,0.0
image_03666.png,1,"[0, 0, 0, 0, 0, 0]",3666,0.0,2.2384893701594635,1.38662334555901,90.0,0.0,0.9204793685659013,0.0,0.0,0.0,0.0,0.0,0.0
image_03667.png,1,"[0, 0, 0, 0, 0, 0]",3667,0.0,-1.8791257971562771,-1.3091975772228044,90.0,0.0,4.262644020103184,0.0,0.0,0.0,0.0,0.0,0.0
image_03668.png,1,"[0, 0, 0, 0, 0, 0]",3668,0.0,6.618458864653277,3.5651110421422203,90.0,0.0,-2.3249447390466873,0.0,0.0,0.0,0.0,0.0,0.0
image_03669.png,1,"[0, 0, 0, 0, 0, 0]",3669,0.0,-0.211695998466773,-1.2529678295815256,90.0,0.0,-4.3811105524542,0.0,0.0,0.0,0.0,0.0,0.0
image_03670.png,1,"[0, 0, 0, 0, 0, 0]",3670,0.0,7.846430713857217,4.603796467016505,0.0,0.0,11.452851885474516,0.0,0.0,0.0,0.0,0.0,0.0
image_03671.png,1,"[0, 0, 0, 0, 0, 0]",3671,0.0,-1.0803814912185317,4.963019279795265,90.0,0.0,3.2331883001367543,0.0,0.0,0.0,0.0,0.0,0.0
image_03672.png,1,"[0, 0, 0, 0, 0, 0]",3672,0.0,6.444057052202382,4.3498953026882985,90.0,0.0,7.452433319677284,0.0,0.0,0.0,0.0,0.0,0.0
image_03673.png,1,"[0, 0, 0, 0, 0, 0]",3673,0.0,-6.135641396386831,-1.5700177251411331,90.0,0.0,2.262253161477648,0.0,0.0,0.0,0.0,0.0,0.0
image_03674.png,1,"[0, 0, 0, 0, 0, 0]",3674,0.0,7.462507498500258,4.868698775924752,0.0,0.0,1.4739267852069038,0.0,0.0,0.0,0.0,0.0,0.0
image_03675.png,1,"[0, 0, 0, 0, 0, 0]",3675,0.0,7.366526694661047,5.130955765760961,0.0,0.0,0.6693986954910136,0.0,0.0,0.0,0.0,0.0,0.0
image_03676.png,1,"[0, 0, 0, 0, 0, 0]",3676,0.0,7.270545890821836,3.2369016621446125,0.0,0.0,-3.3089717796806473,0.0,0.0,0.0,0.0,0.0,0.0
image_03677.png,1,"[0, 0, 0, 0, 0, 0]",3677,0.0,7.174565086982568,5.2245989993557425,0.0,0.0,4.767713414237207,0.0,0.0,0.0,0.0,0.0,0.0
image_03678.png,1,"[0, 0, 0, 0, 0, 0]",3678,0.0,7.078584283143357,5.280070148942427,0.0,0.0,-4.708878289681222,0.0,0.0,0.0,0.0,0.0,0.0
image_03679.png,1,"[0, 0, 0, 0, 0, 0]",3679,0.0,-3.8709763259690675,1.8313349452877734,90.0,0.0,-4.63011312515696,0.0,0.0,0.0,0.0,0.0,0.0
image_03680.png,1,"[0, 0, 0, 0, 0, 0]",3680,0.0,6.886622675464878,4.527877772535037,0.0,0.0,-11.837486244346543,0.0,0.0,0.0,0.0,0.0,0.0
image_03681.png,1,"[0, 0, 0, 0, 0, 0]",3681,0.0,6.790641871625667,-0.02334422140816672,0.0,0.0,-9.523291815659066,0.0,0.0,0.0,0.0,0.0,0.0
image_03682.png,1,"[0, 0, 0, 0, 0, 0]",3682,0.0,-4.596288319790318,3.0420845017668023,90.0,0.0,-14.010502330450386,0.0,0.0,0.0,0.0,0.0,0.0
image_03683.png,1,"[0, 0, 0, 0, 0, 0]",3683,0.0,6.5986802639471875,-0.27592243452824206,0.0,0.0,-2.3945553742776275,0.0,0.0,0.0,0.0,0.0,0.0
image_03684.png,1,"[0, 0, 0, 0, 0, 0]",3684,0.0,-0.9816132125246213,2.965103552296065,90.0,0.0,-1.2046893141191914,0.0,0.0,0.0,0.0,0.0,0.0
image_03685.png,1,"[0, 0, 0, 0, 0, 0]",3685,0.0,1.0892233346200442,-0.0885176864165178,90.0,0.0,1.9496043332574307,0.0,0.0,0.0,0.0,0.0,0.0
image_03686.png,1,"[0, 0, 0, 0, 0, 0]",3686,0.0,2.0560274545840684,5.4792545728485935,90.0,0.0,1.2835366599641878,0.0,0.0,0.0,0.0,0.0,0.0
image_03687.png,1,"[0, 0, 0, 0, 0, 0]",3687,0.0,-0.6461459666968352,1.938467817575721,90.0,0.0,-12.716818559747178,0.0,0.0,0.0,0.0,0.0,0.0
image_03688.png,1,"[0, 0, 0, 0, 0, 0]",3688,0.0,6.118776244751018,-0.044130078495608016,0.0,0.0,-1.7109516544748395,0.0,0.0,0.0,0.0,0.0,0.0
image_03689.png,1,"[0, 0, 0, 0, 0, 0]",3689,0.0,4.29689311911855,4.265154623483813,90.0,0.0,-2.2130961712420887,0.0,0.0,0.0,0.0,0.0,0.0
image_03690.png,1,"[0, 0, 0, 0, 0, 0]",3690,0.0,5.926814637072539,2.3379642513026173,0.0,0.0,-5.88897590659942,0.0,0.0,0.0,0.0,0.0,0.0
image_03691.png,1,"[0, 0, 0, 0, 0, 0]",3691,0.0,3.896728109617257,-1.7622821099758237,90.0,0.0,-4.553407350454437,0.0,0.0,0.0,0.0,0.0,0.0
image_03692.png,1,"[0, 0, 0, 0, 0, 0]",3692,0.0,5.734853029394117,0.06718457482254969,0.0,0.0,7.244374559292727,0.0,0.0,0.0,0.0,0.0,0.0
image_03693.png,1,"[0, 0, 0, 0, 0, 0]",3693,0.0,3.8429534322821723,4.212964495975299,90.0,0.0,-14.540981701178874,0.0,0.0,0.0,0.0,0.0,0.0
image_03694.png,1,"[0, 0, 0, 0, 0, 0]",3694,0.0,5.5428914217156375,1.1636306019568754,0.0,0.0,-6.133268065216633,0.0,0.0,0.0,0.0,0.0,0.0
image_03695.png,1,"[0, 0, 0, 0, 0, 0]",3695,0.0,4.034832462746692,-0.8819556687840535,90.0,0.0,9.650701589078892,0.0,0.0,0.0,0.0,0.0,0.0
image_03696.png,1,"[0, 0, 0, 0, 0, 0]",3696,0.0,5.350929814037158,1.8786161456057298,0.0,0.0,4.043297892406239,0.0,0.0,0.0,0.0,0.0,0.0
image_03697.png,1,"[0, 0, 0, 0, 0, 0]",3697,0.0,-1.4384087993222323,-1.9320591545224612,90.0,0.0,4.653258031308805,0.0,0.0,0.0,0.0,0.0,0.0
image_03698.png,1,"[0, 0, 0, 0, 0, 0]",3698,0.0,-2.691269052349469,4.740496479267667,90.0,0.0,-12.19198223672515,0.0,0.0,0.0,0.0,0.0,0.0
image_03699.png,1,"[0, 0, 0, 0, 0, 0]",3699,0.0,1.5813803627245946,2.9872234726942892,90.0,0.0,1.7534312422689793,0.0,0.0,0.0,0.0,0.0,0.0
image_03700.png,1,"[0, 0, 0, 0, 0, 0]",3700,0.0,2.3279080581884273,4.132525772051373,90.0,0.0,-8.371243221524317,0.0,0.0,0.0,0.0,0.0,0.0
image_03701.png,1,"[0, 0, 0, 0, 0, 0]",3701,0.0,0.7180681107431752,-1.2444599988175944,90.0,0.0,-3.574512589231079,0.0,0.0,0.0,0.0,0.0,0.0
image_03702.png,1,"[0, 0, 0, 0, 0, 0]",3702,0.0,4.775044991001778,2.8327505960647494,0.0,0.0,-7.0730984086827275,0.0,0.0,0.0,0.0,0.0,0.0
image_03703.png,1,"[0, 0, 0, 0, 0, 0]",3703,0.0,3.0574167180478042,1.6416736897249447,90.0,0.0,12.062702008096876,0.0,0.0,0.0,0.0,0.0,0.0
image_03704.png,1,"[0, 0, 0, 0, 0, 0]",3704,0.0,4.454203894470908,4.697727872714579,90.0,0.0,0.1315616455446264,0.0,0.0,0.0,0.0,0.0,0.0
image_03705.png,1,"[0, 0, 0, 0, 0, 0]",3705,0.0,4.4871025794840875,-1.2044908879994636,0.0,0.0,12.539716240179471,0.0,0.0,0.0,0.0,0.0,0.0
image_03706.png,1,"[0, 0, 0, 0, 0, 0]",3706,0.0,4.391121775644876,2.698301925000181,0.0,0.0,7.384118445565585,0.0,0.0,0.0,0.0,0.0,0.0
image_03707.png,1,"[0, 0, 0, 0, 0, 0]",3707,0.0,4.295140971805608,1.726346195645272,0.0,0.0,0.8579571000419622,0.0,0.0,0.0,0.0,0.0,0.0
image_03708.png,1,"[0, 0, 0, 0, 0, 0]",3708,0.0,4.199160167966397,1.9723425240788517,0.0,0.0,-7.496440227319812,0.0,0.0,0.0,0.0,0.0,0.0
image_03709.png,1,"[0, 0, 0, 0, 0, 0]",3709,0.0,4.103179364127129,1.4327429479716418,0.0,0.0,-1.5673804102533928,0.0,0.0,0.0,0.0,0.0,0.0
image_03710.png,1,"[0, 0, 0, 0, 0, 0]",3710,0.0,4.007198560287918,-0.8987499325468349,0.0,0.0,17.379612505295647,0.0,0.0,0.0,0.0,0.0,0.0
image_03711.png,1,"[0, 0, 0, 0, 0, 0]",3711,0.0,3.911217756448707,-1.2402352027500159,0.0,0.0,5.149154719525247,0.0,0.0,0.0,0.0,0.0,0.0
image_03712.png,1,"[0, 0, 0, 0, 0, 0]",3712,0.0,3.815236952609439,4.494214890711463,0.0,0.0,-2.038438342630166,0.0,0.0,0.0,0.0,0.0,0.0
image_03713.png,1,"[0, 0, 0, 0, 0, 0]",3713,0.0,3.719256148770228,3.2303927929571614,0.0,0.0,2.588037018393429,0.0,0.0,0.0,0.0,0.0,0.0
image_03714.png,1,"[0, 0, 0, 0, 0, 0]",3714,0.0,3.6232753449310167,1.6784227408012136,0.0,0.0,4.283914838448283,0.0,0.0,0.0,0.0,0.0,0.0
image_03715.png,1,"[0, 0, 0, 0, 0, 0]",3715,0.0,3.5272945410917487,-1.0989960745499068,0.0,0.0,8.055855067359563,0.0,0.0,0.0,0.0,0.0,0.0
image_03716.png,1,"[0, 0, 0, 0, 0, 0]",3716,0.0,3.4313137372525375,4.403468614129506,0.0,0.0,-7.716890870725474,0.0,0.0,0.0,0.0,0.0,0.0
image_03717.png,1,"[0, 0, 0, 0, 0, 0]",3717,0.0,3.3353329334132695,3.2377192388008194,0.0,0.0,-1.7534656527523642,0.0,0.0,0.0,0.0,0.0,0.0
image_03718.png,1,"[0, 0, 0, 0, 0, 0]",3718,0.0,3.2393521295740584,5.334130518954531,0.0,0.0,6.298077845740167,0.0,0.0,0.0,0.0,0.0,0.0
image_03719.png,1,"[0, 0, 0, 0, 0, 0]",3719,0.0,3.1433713257348472,-1.826009617378576,0.0,0.0,-1.4709985566592567,0.0,0.0,0.0,0.0,0.0,0.0
image_03720.png,1,"[0, 0, 0, 0, 0, 0]",3720,0.0,3.0473905218955792,-0.8702770355186482,0.0,0.0,6.653455969533351,0.0,0.0,0.0,0.0,0.0,0.0
image_03721.png,1,"[0, 0, 0, 0, 0, 0]",3721,0.0,-1.4414050227442132,2.082766495045961,90.0,0.0,17.770531654156926,0.0,0.0,0.0,0.0,0.0,0.0
image_03722.png,1,"[0, 0, 0, 0, 0, 0]",3722,0.0,2.855428914217157,5.343029533929577,0.0,0.0,2.3086092889776686,0.0,0.0,0.0,0.0,0.0,0.0
image_03723.png,1,"[0, 0, 0, 0, 0, 0]",3723,0.0,2.759448110377889,1.745869066893908,0.0,0.0,-4.843388260865431,0.0,0.0,0.0,0.0,0.0,0.0
image_03724.png,1,"[0, 0, 0, 0, 0, 0]",3724,0.0,2.663467306538678,2.0335234836526475,0.0,0.0,1.8863634294840967,0.0,0.0,0.0,0.0,0.0,0.0
image_03725.png,1,"[0, 0, 0, 0, 0, 0]",3725,0.0,2.5674865026994667,-1.9206693781600515,0.0,0.0,2.8031542121438204,0.0,0.0,0.0,0.0,0.0,0.0
image_03726.png,1,"[0, 0, 0, 0, 0, 0]",3726,0.0,-0.7193678092935158,3.258150677370688,90.0,0.0,-19.176551890571854,0.0,0.0,0.0,0.0,0.0,0.0
image_03727.png,1,"[0, 0, 0, 0, 0, 0]",3727,0.0,1.3831112095865237,3.434429692278206,90.0,0.0,-9.089639980468949,0.0,0.0,0.0,0.0,0.0,0.0
image_03728.png,1,"[0, 0, 0, 0, 0, 0]",3728,0.0,2.2795440911817195,2.7138713578021756,0.0,0.0,1.9079852606282492,0.0,0.0,0.0,0.0,0.0,0.0
image_03729.png,1,"[0, 0, 0, 0, 0, 0]",3729,0.0,2.1835632873425084,4.240325854729007,0.0,0.0,6.545191827566402,0.0,0.0,0.0,0.0,0.0,0.0
image_03730.png,1,"[0, 0, 0, 0, 0, 0]",3730,0.0,2.0875824835032972,1.4212561993856618,0.0,0.0,6.338870716028699,0.0,0.0,0.0,0.0,0.0,0.0
image_03731.png,1,"[0, 0, 0, 0, 0, 0]",3731,0.0,1.9916016796640292,-0.3967149761525737,0.0,0.0,-2.0163847206968013,0.0,0.0,0.0,0.0,0.0,0.0
image_03732.png,1,"[0, 0, 0, 0, 0, 0]",3732,0.0,1.895620875824818,3.4010156799655435,0.0,0.0,-3.6182925904789145,0.0,0.0,0.0,0.0,0.0,0.0
image_03733.png,1,"[0, 0, 0, 0, 0, 0]",3733,0.0,1.799640071985607,-1.4615098646849165,0.0,0.0,-6.388886080913972,0.0,0.0,0.0,0.0,0.0,0.0
image_03734.png,1,"[0, 0, 0, 0, 0, 0]",3734,0.0,0.489163526296295,0.9983174372539896,90.0,0.0,8.419630976039969,0.0,0.0,0.0,0.0,0.0,0.0
image_03735.png,1,"[0, 0, 0, 0, 0, 0]",3735,0.0,1.6076784643071278,2.834231697498785,0.0,0.0,-0.3512845476098343,0.0,0.0,0.0,0.0,0.0,0.0
image_03736.png,1,"[0, 0, 0, 0, 0, 0]",3736,0.0,1.5116976604678598,2.4457677135551634,0.0,0.0,4.766156611352549,0.0,0.0,0.0,0.0,0.0,0.0
image_03737.png,1,"[0, 0, 0, 0, 0, 0]",3737,0.0,1.4157168566286487,-0.679278994594062,0.0,0.0,5.06569807284872,0.0,0.0,0.0,0.0,0.0,0.0
image_03738.png,1,"[0, 0, 0, 0, 0, 0]",3738,0.0,1.3197360527894375,4.743089472703289,0.0,0.0,17.301758760771037,0.0,0.0,0.0,0.0,0.0,0.0
image_03739.png,1,"[0, 0, 0, 0, 0, 0]",3739,0.0,1.2237552489501695,4.1799377382799205,0.0,0.0,-15.066314916077395,0.0,0.0,0.0,0.0,0.0,0.0
image_03740.png,1,"[0, 0, 0, 0, 0, 0]",3740,0.0,1.1277744451109584,4.145923482627849,0.0,0.0,-14.221933379356432,0.0,0.0,0.0,0.0,0.0,0.0
image_03741.png,1,"[0, 0, 0, 0, 0, 0]",3741,0.0,1.0317936412717472,-0.6003236674409975,0.0,0.0,-6.681511864590112,0.0,0.0,0.0,0.0,0.0,0.0
image_03742.png,1,"[0, 0, 0, 0, 0, 0]",3742,0.0,0.9358128374324792,3.041112053728769,0.0,0.0,-3.9973434925515727,0.0,0.0,0.0,0.0,0.0,0.0
image_03743.png,1,"[0, 0, 0, 0, 0, 0]",3743,0.0,0.8398320335932681,3.553960938945436,0.0,0.0,4.39131466774348,0.0,0.0,0.0,0.0,0.0,0.0
image_03744.png,1,"[0, 0, 0, 0, 0, 0]",3744,0.0,0.7438512297540001,3.5155468677243276,0.0,0.0,-0.1402146439047344,0.0,0.0,0.0,0.0,0.0,0.0
image_03745.png,1,"[0, 0, 0, 0, 0, 0]",3745,0.0,0.6478704259147889,1.1614939137254,0.0,0.0,12.306950202326423,0.0,0.0,0.0,0.0,0.0,0.0
image_03746.png,1,"[0, 0, 0, 0, 0, 0]",3746,0.0,0.5518896220755778,1.763839991095145,0.0,0.0,-5.421166911058107,0.0,0.0,0.0,0.0,0.0,0.0
image_03747.png,1,"[0, 0, 0, 0, 0, 0]",3747,0.0,0.4559088182363098,1.9096619229168224,0.0,0.0,5.995945011385858,0.0,0.0,0.0,0.0,0.0,0.0
image_03748.png,1,"[0, 0, 0, 0, 0, 0]",3748,0.0,0.35992801439709865,5.367444261080118,0.0,0.0,-7.370055487500896,0.0,0.0,0.0,0.0,0.0,0.0
image_03749.png,1,"[0, 0, 0, 0, 0, 0]",3749,0.0,0.2639472105578875,5.479095702912647,0.0,0.0,-10.61301662284969,0.0,0.0,0.0,0.0,0.0,0.0
image_03750.png,1,"[0, 0, 0, 0, 0, 0]",3750,0.0,0.1679664067186195,3.7970147545669866,0.0,0.0,6.047846066912688,0.0,0.0,0.0,0.0,0.0,0.0
image_03751.png,1,"[0, 0, 0, 0, 0, 0]",3751,0.0,0.07198560287940836,4.683183657042917,0.0,0.0,4.668650469388288,0.0,0.0,0.0,0.0,0.0,0.0
image_03752.png,1,"[0, 0, 0, 0, 0, 0]",3752,0.0,0.023995200959802787,-1.991049630943406,90.0,0.0,-3.2870509415810107,0.0,0.0,0.0,0.0,0.0,0.0
image_03753.png,1,"[0, 0, 0, 0, 0, 0]",3753,0.0,0.11997600479907078,1.6757685283943302,90.0,0.0,-2.1837832805022046,0.0,0.0,0.0,0.0,0.0,0.0
image_03754.png,1,"[0, 0, 0, 0, 0, 0]",3754,0.0,0.21595680863828193,4.159196326436668,90.0,0.0,-5.285503383445589,0.0,0.0,0.0,0.0,0.0,0.0
image_03755.png,1,"[0, 0, 0, 0, 0, 0]",3755,0.0,0.3119376124775499,4.250525087518197,90.0,0.0,-12.670591141114535,0.0,0.0,0.0,0.0,0.0,0.0
image_03756.png,1,"[0, 0, 0, 0, 0, 0]",3756,0.0,0.40791841631676107,0.8564594750150865,90.0,0.0,10.854397851773248,0.0,0.0,0.0,0.0,0.0,0.0
image_03757.png,1,"[0, 0, 0, 0, 0, 0]",3757,0.0,0.5038992201559722,-1.510173026789455,90.0,0.0,4.594776233217838,0.0,0.0,0.0,0.0,0.0,0.0
image_03758.png,1,"[0, 0, 0, 0, 0, 0]",3758,0.0,0.5998800239952402,5.397759255093201,90.0,0.0,-6.096135945016387,0.0,0.0,0.0,0.0,0.0,0.0
image_03759.png,1,"[0, 0, 0, 0, 0, 0]",3759,0.0,0.6958608278344514,3.2657729596235168,90.0,0.0,-14.557541366262614,0.0,0.0,0.0,0.0,0.0,0.0
image_03760.png,1,"[0, 0, 0, 0, 0, 0]",3760,0.0,0.7918416316736625,-0.6898545884904277,90.0,0.0,-4.219042301194075,0.0,0.0,0.0,0.0,0.0,0.0
image_03761.png,1,"[0, 0, 0, 0, 0, 0]",3761,0.0,0.8878224355129305,1.165342227119397,90.0,0.0,-13.896716889660159,0.0,0.0,0.0,0.0,0.0,0.0
image_03762.png,1,"[0, 0, 0, 0, 0, 0]",3762,0.0,0.9838032393521416,-0.9214033718805288,90.0,0.0,2.1523993426326866,0.0,0.0,0.0,0.0,0.0,0.0
image_03763.png,1,"[0, 0, 0, 0, 0, 0]",3763,0.0,1.0797840431914096,1.6255847813918813,90.0,0.0,-10.514859747879845,0.0,0.0,0.0,0.0,0.0,0.0
image_03764.png,1,"[0, 0, 0, 0, 0, 0]",3764,0.0,1.1757648470306208,2.610311670914972,90.0,0.0,7.193295047461167,0.0,0.0,0.0,0.0,0.0,0.0
image_03765.png,1,"[0, 0, 0, 0, 0, 0]",3765,0.0,1.271745650869832,1.0476638168237002,90.0,0.0,-6.711052277145214,0.0,0.0,0.0,0.0,0.0,0.0
image_03766.png,1,"[0, 0, 0, 0, 0, 0]",3766,0.0,1.3677264547091,-0.4046718431087728,90.0,0.0,5.1170098836458715,0.0,0.0,0.0,0.0,0.0,0.0
image_03767.png,1,"[0, 0, 0, 0, 0, 0]",3767,0.0,1.463707258548311,4.098698116136157,90.0,0.0,1.1858380013024346,0.0,0.0,0.0,0.0,0.0,0.0
image_03768.png,1,"[0, 0, 0, 0, 0, 0]",3768,0.0,1.5596880623875222,-1.6099604059942672,90.0,0.0,6.426544047905368,0.0,0.0,0.0,0.0,0.0,0.0
image_03769.png,1,"[0, 0, 0, 0, 0, 0]",3769,0.0,1.6556688662267902,0.2337706949040026,90.0,0.0,11.936715716880073,0.0,0.0,0.0,0.0,0.0,0.0
image_03770.png,1,"[0, 0, 0, 0, 0, 0]",3770,0.0,1.7516496700660014,1.7457602895352062,90.0,0.0,-1.6188953453291672,0.0,0.0,0.0,0.0,0.0,0.0
image_03771.png,1,"[0, 0, 0, 0, 0, 0]",3771,0.0,1.8476304739052694,-0.49433333979726846,90.0,0.0,-14.85073266830037,0.0,0.0,0.0,0.0,0.0,0.0
image_03772.png,1,"[0, 0, 0, 0, 0, 0]",3772,0.0,1.9436112777444805,1.3858584648745444,90.0,0.0,1.6166577196691867,0.0,0.0,0.0,0.0,0.0,0.0
image_03773.png,1,"[0, 0, 0, 0, 0, 0]",3773,0.0,2.0395920815836917,2.384355434713984,90.0,0.0,1.1372919912949881,0.0,0.0,0.0,0.0,0.0,0.0
image_03774.png,1,"[0, 0, 0, 0, 0, 0]",3774,0.0,2.1355728854229596,3.575083278092074,90.0,0.0,2.7299901792600316,0.0,0.0,0.0,0.0,0.0,0.0
image_03775.png,1,"[0, 0, 0, 0, 0, 0]",3775,0.0,2.231553689262171,-1.1251017096541378,90.0,0.0,-6.318246184029424,0.0,0.0,0.0,0.0,0.0,0.0
image_03776.png,1,"[0, 0, 0, 0, 0, 0]",3776,0.0,2.327534493101382,1.7323079742937968,90.0,0.0,-6.106123098888172,0.0,0.0,0.0,0.0,0.0,0.0
image_03777.png,1,"[0, 0, 0, 0, 0, 0]",3777,0.0,2.42351529694065,2.3764710324622946,90.0,0.0,-0.08661060417149508,0.0,0.0,0.0,0.0,0.0,0.0
image_03778.png,1,"[0, 0, 0, 0, 0, 0]",3778,0.0,2.519496100779861,2.530177693672777,90.0,0.0,5.489108570258728,0.0,0.0,0.0,0.0,0.0,0.0
image_03779.png,1,"[0, 0, 0, 0, 0, 0]",3779,0.0,2.6154769046190722,3.8117040805252405,90.0,0.0,14.026969577916283,0.0,0.0,0.0,0.0,0.0,0.0
image_03780.png,1,"[0, 0, 0, 0, 0, 0]",3780,0.0,2.71145770845834,4.372977671078341,90.0,0.0,-5.837654861105972,0.0,0.0,0.0,0.0,0.0,0.0
image_03781.png,1,"[0, 0, 0, 0, 0, 0]",3781,0.0,2.8074385122975514,0.2444326450488421,90.0,0.0,-2.8664814356690256,0.0,0.0,0.0,0.0,0.0,0.0
image_03782.png,1,"[0, 0, 0, 0, 0, 0]",3782,0.0,2.9034193161368194,-1.5277610302185032,90.0,0.0,5.588327508392997,0.0,0.0,0.0,0.0,0.0,0.0
image_03783.png,1,"[0, 0, 0, 0, 0, 0]",3783,0.0,2.9994001199760305,1.8890136497011056,90.0,0.0,16.74992268012316,0.0,0.0,0.0,0.0,0.0,0.0
image_03784.png,1,"[0, 0, 0, 0, 0, 0]",3784,0.0,3.0953809238152417,-0.3598820466803234,90.0,0.0,-0.8038853515635861,0.0,0.0,0.0,0.0,0.0,0.0
image_03785.png,1,"[0, 0, 0, 0, 0, 0]",3785,0.0,3.1913617276545097,4.244833699483008,90.0,0.0,-10.802265754947067,0.0,0.0,0.0,0.0,0.0,0.0
image_03786.png,1,"[0, 0, 0, 0, 0, 0]",3786,0.0,3.287342531493721,2.91134497461526,90.0,0.0,-14.255536243282421,0.0,0.0,0.0,0.0,0.0,0.0
image_03787.png,1,"[0, 0, 0, 0, 0, 0]",3787,0.0,3.383323335332932,2.0974167398857144,90.0,0.0,3.281389840117034,0.0,0.0,0.0,0.0,0.0,0.0
image_03788.png,1,"[0, 0, 0, 0, 0, 0]",3788,0.0,-0.88806145636552,5.339274384556233,0.0,0.0,13.15653830509773,0.0,0.0,0.0,0.0,0.0,0.0
image_03789.png,1,"[0, 0, 0, 0, 0, 0]",3789,0.0,3.575284943011411,2.629603205075159,90.0,0.0,9.002165076267987,0.0,0.0,0.0,0.0,0.0,0.0
image_03790.png,1,"[0, 0, 0, 0, 0, 0]",3790,0.0,3.671265746850679,2.295166504803757,90.0,0.0,6.187890929920195,0.0,0.0,0.0,0.0,0.0,0.0
image_03791.png,1,"[0, 0, 0, 0, 0, 0]",3791,0.0,3.7672465506898902,2.0140243833090548,90.0,0.0,-8.96657594398876,0.0,0.0,0.0,0.0,0.0,0.0
image_03792.png,1,"[0, 0, 0, 0, 0, 0]",3792,0.0,3.8632273545291014,0.2852890133697721,90.0,0.0,-10.298513561531584,0.0,0.0,0.0,0.0,0.0,0.0
image_03793.png,1,"[0, 0, 0, 0, 0, 0]",3793,0.0,2.901212814427204,2.2297082182424672,0.0,0.0,5.050016798141794,0.0,0.0,0.0,0.0,0.0,0.0
image_03794.png,1,"[0, 0, 0, 0, 0, 0]",3794,0.0,1.2311815692941863,1.2414020307283309,0.0,0.0,-0.7530671213772576,0.0,0.0,0.0,0.0,0.0,0.0
image_03795.png,1,"[0, 0, 0, 0, 0, 0]",3795,0.0,4.151169766046792,-1.7565985599276785,90.0,0.0,-6.471007388051446,0.0,0.0,0.0,0.0,0.0,0.0
image_03796.png,1,"[0, 0, 0, 0, 0, 0]",3796,0.0,1.301094807007324,1.2115112513665403,0.0,0.0,0.44999357244285726,0.0,0.0,0.0,0.0,0.0,0.0
image_03797.png,1,"[0, 0, 0, 0, 0, 0]",3797,0.0,4.343131373725271,-0.6077495099759922,90.0,0.0,3.4941807566784933,0.0,0.0,0.0,0.0,0.0,0.0
image_03798.png,1,"[0, 0, 0, 0, 0, 0]",3798,0.0,-1.7890472726133027,2.905242809240389,0.0,0.0,8.765186036246297,0.0,0.0,0.0,0.0,0.0,0.0
image_03799.png,1,"[0, 0, 0, 0, 0, 0]",3799,0.0,-4.1029580215829355,2.833700146086829,0.0,0.0,-0.032579505984490706,0.0,0.0,0.0,0.0,0.0,0.0
image_03800.png,1,"[0, 0, 0, 0, 0, 0]",3800,0.0,1.8487478361493714,0.24593635240841838,0.0,0.0,11.001057904128526,0.0,0.0,0.0,0.0,0.0,0.0
image_03801.png,1,"[0, 0, 0, 0, 0, 0]",3801,0.0,4.727054589082229,5.299184412081435,90.0,0.0,5.3798095197146205,0.0,0.0,0.0,0.0,0.0,0.0
image_03802.png,1,"[0, 0, 0, 0, 0, 0]",3802,0.0,4.82303539292144,2.2367983128787854,90.0,0.0,4.507668999497713,0.0,0.0,0.0,0.0,0.0,0.0
image_03803.png,1,"[0, 0, 0, 0, 0, 0]",3803,0.0,4.919016196760651,-1.2576951117019153,90.0,0.0,-4.752715565345785,0.0,0.0,0.0,0.0,0.0,0.0
image_03804.png,1,"[0, 0, 0, 0, 0, 0]",3804,0.0,5.014997000599919,1.232780100075784,90.0,0.0,-5.177542799544639,0.0,0.0,0.0,0.0,0.0,0.0
image_03805.png,1,"[0, 0, 0, 0, 0, 0]",3805,0.0,0.892264283388208,3.668322765497445,0.0,0.0,-0.21997497872994687,0.0,0.0,0.0,0.0,0.0,0.0
image_03806.png,1,"[0, 0, 0, 0, 0, 0]",3806,0.0,4.140635722280102,-1.1161742024494172,0.0,0.0,-0.06157655568978731,0.0,0.0,0.0,0.0,0.0,0.0
image_03807.png,1,"[0, 0, 0, 0, 0, 0]",3807,0.0,3.3686722282292862,4.180607169959654,0.0,0.0,5.6081474492847425,0.0,0.0,0.0,0.0,0.0,0.0
image_03808.png,1,"[0, 0, 0, 0, 0, 0]",3808,0.0,5.398920215956821,1.0140729799027604,90.0,0.0,2.7578338950401284,0.0,0.0,0.0,0.0,0.0,0.0
image_03809.png,1,"[0, 0, 0, 0, 0, 0]",3809,0.0,4.4058595075304225,-1.4957378103191659,0.0,0.0,15.119392773783353,0.0,0.0,0.0,0.0,0.0,0.0
image_03810.png,1,"[0, 0, 0, 0, 0, 0]",3810,0.0,-3.6080448022358524,5.07079887874386,0.0,0.0,-4.120893036848223,0.0,0.0,0.0,0.0,0.0,0.0
image_03811.png,1,"[0, 0, 0, 0, 0, 0]",3811,0.0,5.686862627474511,5.265141067776068,90.0,0.0,1.2109663705618268,0.0,0.0,0.0,0.0,0.0,0.0
image_03812.png,1,"[0, 0, 0, 0, 0, 0]",3812,0.0,2.629413506172284,4.884817871890076,0.0,0.0,8.91121964737876,0.0,0.0,0.0,0.0,0.0,0.0
image_03813.png,1,"[0, 0, 0, 0, 0, 0]",3813,0.0,2.7831878336918408,4.595011373252487,0.0,0.0,6.141060365221187,0.0,0.0,0.0,0.0,0.0,0.0
image_03814.png,1,"[0, 0, 0, 0, 0, 0]",3814,0.0,5.974805038992201,1.9703200418147553,90.0,0.0,-4.98723758244158,0.0,0.0,0.0,0.0,0.0,0.0
image_03815.png,1,"[0, 0, 0, 0, 0, 0]",3815,0.0,6.070785842831469,3.7392926413359877,90.0,0.0,10.06043208866357,0.0,0.0,0.0,0.0,0.0,0.0
image_03816.png,1,"[0, 0, 0, 0, 0, 0]",3816,0.0,3.7953994736716723,-0.1910099921816082,0.0,0.0,0.9612786613620112,0.0,0.0,0.0,0.0,0.0,0.0
image_03817.png,1,"[0, 0, 0, 0, 0, 0]",3817,0.0,6.2627474505099485,0.7225718379351473,90.0,0.0,5.277358399376933,0.0,0.0,0.0,0.0,0.0,0.0
image_03818.png,1,"[0, 0, 0, 0, 0, 0]",3818,0.0,-1.8600498426745702,2.790861182057305,0.0,0.0,-7.485348637582784,0.0,0.0,0.0,0.0,0.0,0.0
image_03819.png,1,"[0, 0, 0, 0, 0, 0]",3819,0.0,6.454709058188371,-1.0784497247169782,90.0,0.0,6.697247941830624,0.0,0.0,0.0,0.0,0.0,0.0
image_03820.png,1,"[0, 0, 0, 0, 0, 0]",3820,0.0,6.550689862027639,4.118935721178812,90.0,0.0,1.7508353138616735,0.0,0.0,0.0,0.0,0.0,0.0
image_03821.png,1,"[0, 0, 0, 0, 0, 0]",3821,0.0,6.405304494904719,0.17922717012359124,0.0,0.0,-8.9411188466412,0.0,0.0,0.0,0.0,0.0,0.0
image_03822.png,1,"[0, 0, 0, 0, 0, 0]",3822,0.0,-2.3235085621948883,0.7808982205133024,0.0,0.0,17.227016986110694,0.0,0.0,0.0,0.0,0.0,0.0
image_03823.png,1,"[0, 0, 0, 0, 0, 0]",3823,0.0,6.63799832951959,3.7273226631976453,0.0,0.0,-18.714593121841354,0.0,0.0,0.0,0.0,0.0,0.0
image_03824.png,1,"[0, 0, 0, 0, 0, 0]",3824,0.0,6.93461307738454,3.2535547939267264,90.0,0.0,-5.451755886271159,0.0,0.0,0.0,0.0,0.0,0.0
image_03825.png,1,"[0, 0, 0, 0, 0, 0]",3825,0.0,7.030593881223751,-1.3152018028740677,90.0,0.0,0.12809122866022737,0.0,0.0,0.0,0.0,0.0,0.0
image_03826.png,1,"[0, 0, 0, 0, 0, 0]",3826,0.0,7.126574685063019,0.4207188867773808,90.0,0.0,16.000559825402924,0.0,0.0,0.0,0.0,0.0,0.0
image_03827.png,1,"[0, 0, 0, 0, 0, 0]",3827,0.0,7.2225554889022305,4.356825668344874,90.0,0.0,0.1525228197806911,0.0,0.0,0.0,0.0,0.0,0.0
image_03828.png,1,"[0, 0, 0, 0, 0, 0]",3828,0.0,7.3185362927414985,-0.5022875084128242,90.0,0.0,-2.039363750447371,0.0,0.0,0.0,0.0,0.0,0.0
image_03829.png,1,"[0, 0, 0, 0, 0, 0]",3829,0.0,-6.825762768772108,5.028414278626573,0.0,0.0,-9.610344235009416,0.0,0.0,0.0,0.0,0.0,0.0
image_03830.png,1,"[0, 0, 0, 0, 0, 0]",3830,0.0,-4.020124775019653,-1.8637625405743705,0.0,0.0,-0.3311085915068133,0.0,0.0,0.0,0.0,0.0,0.0
image_03831.png,1,"[0, 0, 0, 0, 0, 0]",3831,0.0,3.1828547301698507,-1.763895145753236,0.0,0.0,-12.14628270747347,0.0,0.0,0.0,0.0,0.0,0.0
image_03832.png,1,"[0, 0, 0, 0, 0, 0]",3832,0.0,2.69843219964239,1.3207378242331491,0.0,0.0,1.1194215525856337,0.0,0.0,0.0,0.0,0.0,0.0
image_03833.png,1,"[0, 0, 0, 0, 0, 0]",3833,0.0,7.798440311937611,3.6644737753296246,90.0,0.0,8.492541809823118,0.0,0.0,0.0,0.0,0.0,0.0
image_03834.png,1,"[0, 0, 0, 0, 0, 0]",3834,0.0,-7.221910420402963,0.9999737460455638,0.0,0.0,-0.176006138860727,0.0,0.0,0.0,0.0,0.0,0.0
image_03835.png,1,"[0, 0, 0, 0, 0, 0]",3835,0.0,7.99040191961609,-0.40697905333500306,90.0,0.0,2.3836800717011717,0.0,0.0,0.0,0.0,0.0,0.0
image_03836.png,1,"[0, 0, 0, 0, 0, 0]",3836,0.0,-3.1228735155652885,-0.41079726103308056,0.0,0.0,7.953541690266517,0.0,0.0,0.0,0.0,0.0,0.0
image_03837.png,1,"[0, 0, 0, 0, 0, 0]",3837,0.0,-6.835754174840616,0.38491831427849776,0.0,0.0,-2.4423064914454025,0.0,0.0,0.0,0.0,0.0,0.0
image_03838.png,1,"[0, 0, 0, 0, 0, 0]",3838,0.0,-1.5987276502045944,-0.527621499501099,0.0,0.0,-8.172884512041538,0.0,0.0,0.0,0.0,0.0,0.0
image_03839.png,1,"[0, 0, 0, 0, 0, 0]",3839,0.0,1.1247161276477229,-0.21589323417178008,0.0,0.0,5.815428641480776,0.0,0.0,0.0,0.0,0.0,0.0
image_03840.png,1,"[0, 0, 0, 0, 0, 0]",3840,0.0,4.113047568082024,-0.06400483918015842,0.0,0.0,-6.757965747944061,0.0,0.0,0.0,0.0,0.0,0.0
image_03841.png,1,"[0, 0, 0, 0, 0, 0]",3841,0.0,0.590254438859958,1.3627348745118817,0.0,0.0,-2.916638840395186,0.0,0.0,0.0,0.0,0.0,0.0
image_03842.png,1,"[0, 0, 0, 0, 0, 0]",3842,0.0,-0.0661473563141044,1.0772355975398549,0.0,0.0,-2.683235386129339,0.0,0.0,0.0,0.0,0.0,0.0
image_03843.png,1,"[0, 0, 0, 0, 0, 0]",3843,0.0,8.75824835032995,2.4701022938836994,90.0,0.0,7.890572303884369,0.0,0.0,0.0,0.0,0.0,0.0
image_03844.png,1,"[0, 0, 0, 0, 0, 0]",3844,0.0,8.854229154169161,2.5957114067966547,90.0,0.0,-4.276677520868861,0.0,0.0,0.0,0.0,0.0,0.0
image_03845.png,1,"[0, 0, 0, 0, 0, 0]",3845,0.0,-5.868950839374605,-0.9442312667943671,0.0,0.0,3.001216434565297,0.0,0.0,0.0,0.0,0.0,0.0
image_03846.png,1,"[0, 0, 0, 0, 0, 0]",3846,0.0,-1.5226470524213838,-1.8458414410087154,0.0,0.0,9.411694941994153,0.0,0.0,0.0,0.0,0.0,0.0
image_03847.png,1,"[0, 0, 0, 0, 0, 0]",3847,0.0,-4.168254110331674,4.871195999957948,0.0,0.0,-9.26052683963955,0.0,0.0,0.0,0.0,0.0,0.0
image_03848.png,1,"[0, 0, 0, 0, 0, 0]",3848,0.0,9.23815236952612,5.091077496352358,90.0,0.0,-5.61347988766551,0.0,0.0,0.0,0.0,0.0,0.0
image_03849.png,1,"[0, 0, 0, 0, 0, 0]",3849,0.0,-7.227041760181379,-1.7850140758807405,0.0,0.0,14.741209433933253,0.0,0.0,0.0,0.0,0.0,0.0
image_03850.png,1,"[0, 0, 0, 0, 0, 0]",3850,0.0,9.430113977204599,4.1488839766017485,90.0,0.0,-4.568041563887463,0.0,0.0,0.0,0.0,0.0,0.0
image_03851.png,1,"[0, 0, 0, 0, 0, 0]",3851,0.0,-7.045250482913232,-0.9036677540222842,0.0,0.0,-9.423556149888414,0.0,0.0,0.0,0.0,0.0,0.0
image_03852.png,1,"[0, 0, 0, 0, 0, 0]",3852,0.0,7.9820242186270605,-1.9949950418056273,0.0,0.0,11.660310568316307,0.0,0.0,0.0,0.0,0.0,0.0
image_03853.png,1,"[0, 0, 0, 0, 0, 0]",3853,0.0,-9.243543013741359,-0.09306053934725211,0.0,0.0,-3.4942756717726433,0.0,0.0,0.0,0.0,0.0,0.0
image_03854.png,1,"[0, 0, 0, 0, 0, 0]",3854,0.0,-3.058717241520796,5.374365463901868,0.0,0.0,-2.5646426790927785,0.0,0.0,0.0,0.0,0.0,0.0
image_03855.png,1,"[0, 0, 0, 0, 0, 0]",3855,0.0,-5.455663760486573,1.2485839137908554,0.0,0.0,15.531012792003299,0.0,0.0,0.0,0.0,0.0,0.0
image_03856.png,1,"[0, 0, 0, 0, 0, 0]",3856,0.0,5.483550343296855,-0.19806236892052587,0.0,0.0,4.71915683630136,0.0,0.0,0.0,0.0,0.0,0.0
image_03857.png,1,"[0, 0, 0, 0, 0, 0]",3857,0.0,0.2853797661872761,1.8463196805106166,0.0,0.0,5.745667278656209,0.0,0.0,0.0,0.0,0.0,0.0
image_03858.png,1,"[0, 0, 0, 0, 0, 0]",3858,0.0,-1.2726126099706363,0.09647959764962133,0.0,0.0,1.6734988323617785,0.0,0.0,0.0,0.0,0.0,0.0
image_03859.png,1,"[0, 0, 0, 0, 0, 0]",3859,0.0,10.29394121175767,4.1095954505038925,90.0,0.0,2.364616690939853,0.0,0.0,0.0,0.0,0.0,0.0
image_03860.png,1,"[0, 0, 0, 0, 0, 0]",3860,0.0,9.391348503837904,-0.5620517511436398,0.0,0.0,1.861717578375991,0.0,0.0,0.0,0.0,0.0,0.0
image_03861.png,1,"[0, 0, 0, 0, 0, 0]",3861,0.0,0.24451531502322155,4.036159840598827,0.0,0.0,12.160535840811558,0.0,0.0,0.0,0.0,0.0,0.0
image_03862.png,1,"[0, 0, 0, 0, 0, 0]",3862,0.0,-2.9702689885284457,-1.949519181877283,0.0,0.0,-1.0159155870376722,0.0,0.0,0.0,0.0,0.0,0.0
image_03863.png,1,"[0, 0, 0, 0, 0, 0]",3863,0.0,2.755891718986213,1.6206418925732335,0.0,0.0,-0.9929151933086449,0.0,0.0,0.0,0.0,0.0,0.0
image_03864.png,1,"[0, 0, 0, 0, 0, 0]",3864,0.0,5.391507443028885,2.6706589573383015,0.0,0.0,-1.4397404023464166,0.0,0.0,0.0,0.0,0.0,0.0
image_03865.png,1,"[0, 0, 0, 0, 0, 0]",3865,0.0,10.86982603479305,1.8491113248550617,90.0,0.0,-6.242934338440461,0.0,0.0,0.0,0.0,0.0,0.0
image_03866.png,1,"[0, 0, 0, 0, 0, 0]",3866,0.0,1.7922245630589728,2.645784060506677,0.0,0.0,7.50808364038455,0.0,0.0,0.0,0.0,0.0,0.0
image_03867.png,1,"[0, 0, 0, 0, 0, 0]",3867,0.0,11.06178764247153,2.901558565893925,90.0,0.0,-6.467237107808637,0.0,0.0,0.0,0.0,0.0,0.0
image_03868.png,1,"[0, 0, 0, 0, 0, 0]",3868,0.0,0.3694332878619804,2.54736776429142,0.0,0.0,9.8883451991563,0.0,0.0,0.0,0.0,0.0,0.0
image_03869.png,1,"[0, 0, 0, 0, 0, 0]",3869,0.0,11.016219246396034,4.777801437409367,0.0,0.0,7.491585584439207,0.0,0.0,0.0,0.0,0.0,0.0
image_03870.png,1,"[0, 0, 0, 0, 0, 0]",3870,0.0,-2.4735713377236266,0.17333383713059325,0.0,0.0,5.447818928701579,0.0,0.0,0.0,0.0,0.0,0.0
image_03871.png,1,"[0, 0, 0, 0, 0, 0]",3871,0.0,-8.212385104991867,-1.3051187765223151,0.0,0.0,9.860806593795015,0.0,0.0,0.0,0.0,0.0,0.0
image_03872.png,1,"[0, 0, 0, 0, 0, 0]",3872,0.0,2.1173894730092826,-1.4496198989089177,0.0,0.0,-3.9948588184335274,0.0,0.0,0.0,0.0,0.0,0.0
image_03873.png,1,"[0, 0, 0, 0, 0, 0]",3873,0.0,-0.7974654198029754,-1.0029108770540092,0.0,0.0,-8.525937662958606,0.0,0.0,0.0,0.0,0.0,0.0
image_03874.png,1,"[0, 0, 0, 0, 0, 0]",3874,0.0,-6.336265914225194,2.0574223893971677,0.0,0.0,8.589060138010842,0.0,0.0,0.0,0.0,0.0,0.0
image_03875.png,1,"[0, 0, 0, 0, 0, 0]",3875,0.0,-8.685805486103703,-0.16451254251096303,0.0,0.0,-9.918925213759895,0.0,0.0,0.0,0.0,0.0,0.0
image_03876.png,1,"[0, 0, 0, 0, 0, 0]",3876,0.0,11.9256148770246,0.010874039749356967,90.0,0.0,0.27041000400050325,0.0,0.0,0.0,0.0,0.0,0.0
image_03877.png,1,"[0, 0, 0, 0, 0, 0]",3877,0.0,-3.5137249769694705,4.8844093176752565,0.0,0.0,20.0,0.0,0.0,0.0,0.0,0.0,0.0
image_03878.png,1,"[0, 0, 0, 0, 0, 0]",3878,0.0,-2.474833617460476,2.9619037821857903,0.0,0.0,8.769152217662416,0.0,0.0,0.0,0.0,0.0,0.0
image_03879.png,1,"[0, 0, 0, 0, 0, 0]",3879,0.0,3.455842024229831,4.123394184285162,0.0,0.0,0.6837354714578086,0.0,0.0,0.0,0.0,0.0,0.0
image_03880.png,1,"[0, 0, 0, 0, 0, 0]",3880,0.0,-10.334646529251586,-0.10575637693799145,0.0,0.0,6.466470732424859,0.0,0.0,0.0,0.0,0.0,0.0
image_03881.png,1,"[0, 0, 0, 0, 0, 0]",3881,0.0,7.194999597098295,-0.8651004876183457,0.0,0.0,2.803034724200216,0.0,0.0,0.0,0.0,0.0,0.0
image_03882.png,1,"[0, 0, 0, 0, 0, 0]",3882,0.0,-4.716294898426042,3.5522985237279325,0.0,0.0,-2.6373860754009946,0.0,0.0,0.0,0.0,0.0,0.0
image_03883.png,1,"[0, 0, 0, 0, 0, 0]",3883,0.0,9.758414366274735,3.7764669049100785,0.0,0.0,6.476350236996527,0.0,0.0,0.0,0.0,0.0,0.0
image_03884.png,1,"[0, 0, 0, 0, 0, 0]",3884,0.0,10.777915330225014,-0.16399282100232937,0.0,0.0,-7.63162046574013,0.0,0.0,0.0,0.0,0.0,0.0
image_03885.png,1,"[0, 0, 0, 0, 0, 0]",3885,0.0,-7.470173383764461,2.5715198809796904,0.0,0.0,-13.657675099009968,0.0,0.0,0.0,0.0,0.0,0.0
image_03886.png,1,"[0, 0, 0, 0, 0, 0]",3886,0.0,-9.012657725248346,1.8333421747861722,0.0,0.0,-1.3277665699031618,0.0,0.0,0.0,0.0,0.0,0.0
image_03887.png,1,"[0, 0, 0, 0, 0, 0]",3887,0.0,12.98140371925615,1.7603807166482497,90.0,0.0,-2.8321945308884406,0.0,0.0,0.0,0.0,0.0,0.0
image_03888.png,1,"[0, 0, 0, 0, 0, 0]",3888,0.0,-3.3105846127050356,3.8782404756149456,0.0,0.0,-3.4291587919969713,0.0,0.0,0.0,0.0,0.0,0.0
image_03889.png,1,"[0, 0, 0, 0, 0, 0]",3889,0.0,-11.10866146417031,0.4391854931103363,0.0,0.0,-5.597738898369055,0.0,0.0,0.0,0.0,0.0,0.0
image_03890.png,1,"[0, 0, 0, 0, 0, 0]",3890,0.0,3.797527547247931,-0.5505104881207992,0.0,0.0,-4.187799300110858,0.0,0.0,0.0,0.0,0.0,0.0
image_03891.png,1,"[0, 0, 0, 0, 0, 0]",3891,0.0,9.104658811765603,0.8436723776620694,0.0,0.0,-3.602311289723901,0.0,0.0,0.0,0.0,0.0,0.0
image_03892.png,1,"[0, 0, 0, 0, 0, 0]",3892,0.0,-3.0762252729305644,1.1313680548137461,0.0,0.0,14.458817826102424,0.0,0.0,0.0,0.0,0.0,0.0
image_03893.png,1,"[0, 0, 0, 0, 0, 0]",3893,0.0,-2.386509817575586,1.02271124834046,0.0,0.0,-5.310107157773372,0.0,0.0,0.0,0.0,0.0,0.0
image_03894.png,1,"[0, 0, 0, 0, 0, 0]",3894,0.0,10.157488965189614,0.24218071719582923,0.0,0.0,4.507124755660756,0.0,0.0,0.0,0.0,0.0,0.0
image_03895.png,1,"[0, 0, 0, 0, 0, 0]",3895,0.0,-5.562788959796222,4.007689990006363,0.0,0.0,6.189286474047551,0.0,0.0,0.0,0.0,0.0,0.0
image_03896.png,1,"[0, 0, 0, 0, 0, 0]",3896,0.0,6.699648826866962,-0.23577250420896334,0.0,0.0,-2.654119471986197,0.0,0.0,0.0,0.0,0.0,0.0
image_03897.png,1,"[0, 0, 0, 0, 0, 0]",3897,0.0,12.13216625174094,4.46964212769419,0.0,0.0,2.1368599501653054,0.0,0.0,0.0,0.0,0.0,0.0
image_03898.png,1,"[0, 0, 0, 0, 0, 0]",3898,0.0,7.073203230681273,-0.7426107801787865,0.0,0.0,5.635984867960059,0.0,0.0,0.0,0.0,0.0,0.0
image_03899.png,1,"[0, 0, 0, 0, 0, 0]",3899,0.0,-3.1354070923368837,-0.11674074669633017,0.0,0.0,-12.714924261468907,0.0,0.0,0.0,0.0,0.0,0.0
image_03900.png,1,"[0, 0, 0, 0, 0, 0]",3900,0.0,4.5349396860835895,2.4612079529615967,0.0,0.0,-10.979943397351011,0.0,0.0,0.0,0.0,0.0,0.0
image_03901.png,1,"[0, 0, 0, 0, 0, 0]",3901,0.0,-13.00851610943333,1.5345941777553032,0.0,0.0,-3.0581299197019454,0.0,0.0,0.0,0.0,0.0,0.0
image_03902.png,1,"[0, 0, 0, 0, 0, 0]",3902,0.0,-3.584891425866765,-1.0038783909002214,0.0,0.0,2.8526591589947548,0.0,0.0,0.0,0.0,0.0,0.0
image_03903.png,1,"[0, 0, 0, 0, 0, 0]",3903,0.0,11.976092221328436,3.4481041467643365,0.0,0.0,-16.082866079741656,0.0,0.0,0.0,0.0,0.0,0.0
image_03904.png,1,"[0, 0, 0, 0, 0, 0]",3904,0.0,1.1634014355211733,0.4779644680132713,0.0,0.0,-13.434194605634218,0.0,0.0,0.0,0.0,0.0,0.0
image_03905.png,1,"[0, 0, 0, 0, 0, 0]",3905,0.0,0.8744928778518641,-1.8716816323122347,0.0,0.0,1.1932656048845114,0.0,0.0,0.0,0.0,0.0,0.0
image_03906.png,1,"[0, 0, 0, 0, 0, 0]",3906,0.0,-11.12435039213274,3.846276133580214,0.0,0.0,-11.39111756889608,0.0,0.0,0.0,0.0,0.0,0.0
image_03907.png,1,"[0, 0, 0, 0, 0, 0]",3907,0.0,12.981065059629117,2.681400827127799,0.0,0.0,0.3335804703178426,0.0,0.0,0.0,0.0,0.0,0.0
image_03908.png,1,"[0, 0, 0, 0, 0, 0]",3908,0.0,4.014325537008958,4.826332948339084,0.0,0.0,-7.030288982304583,0.0,0.0,0.0,0.0,0.0,0.0
image_03909.png,1,"[0, 0, 0, 0, 0, 0]",3909,0.0,9.68217059678723,4.560688217690843,0.0,0.0,-3.101309544703164,0.0,0.0,0.0,0.0,0.0,0.0
image_03910.png,1,"[0, 0, 0, 0, 0, 0]",3910,0.0,7.847458084737028,2.7425112890054413,0.0,0.0,-10.709182662554579,0.0,0.0,0.0,0.0,0.0,0.0
image_03911.png,1,"[0, 0, 0, 0, 0, 0]",3911,0.0,12.548894617916531,-1.8006365210238844,0.0,0.0,-8.082347749130935,0.0,0.0,0.0,0.0,0.0,0.0
image_03912.png,1,"[0, 0, 0, 0, 0, 0]",3912,0.0,-0.36212245770335727,1.0888295303828666,0.0,0.0,1.266101663791233,0.0,0.0,0.0,0.0,0.0,0.0
image_03913.png,1,"[0, 0, 0, 0, 0, 0]",3913,0.0,-7.202560671809351,3.031039501414024,0.0,0.0,5.966257386789968,0.0,0.0,0.0,0.0,0.0,0.0
image_03914.png,1,"[0, 0, 0, 0, 0, 0]",3914,0.0,0.00021352772515115248,1.7061441023100588,0.0,0.0,-5.995243533720866,0.0,0.0,0.0,0.0,0.0,0.0
image_03915.png,1,"[0, 0, 0, 0, 0, 0]",3915,0.0,6.6217907075046725,2.2525244155593294,0.0,0.0,0.7534644059431647,0.0,0.0,0.0,0.0,0.0,0.0
image_03916.png,1,"[0, 0, 0, 0, 0, 0]",3916,0.0,-1.0227723848794383,0.012763938112558826,0.0,0.0,4.940443329402011,0.0,0.0,0.0,0.0,0.0,0.0
image_03917.png,1,"[0, 0, 0, 0, 0, 0]",3917,0.0,8.038782202910795,5.047666740222692,0.0,0.0,-1.348774166209478,0.0,0.0,0.0,0.0,0.0,0.0
image_03918.png,1,"[0, 0, 0, 0, 0, 0]",3918,0.0,6.025224156169628,-1.354289484638799,0.0,0.0,-3.2046583418731625,0.0,0.0,0.0,0.0,0.0,0.0
image_03919.png,1,"[0, 0, 0, 0, 0, 0]",3919,0.0,9.452998879650188,0.0889406598443423,0.0,0.0,-7.148074447614034,0.0,0.0,0.0,0.0,0.0,0.0
image_03920.png,1,"[0, 0, 0, 0, 0, 0]",3920,0.0,-2.5054358869965867,2.3053959612541775,0.0,0.0,-2.5109024046866697,0.0,0.0,0.0,0.0,0.0,0.0
image_03921.png,1,"[0, 0, 0, 0, 0, 0]",3921,0.0,-6.859839480247572,3.8963081051586945,0.0,0.0,-5.011187175846047,0.0,0.0,0.0,0.0,0.0,0.0
image_03922.png,1,"[0, 0, 0, 0, 0, 0]",3922,0.0,-13.811925416337317,-1.1221626195117418,0.0,0.0,15.948761399799794,0.0,0.0,0.0,0.0,0.0,0.0
image_03923.png,1,"[0, 0, 0, 0, 0, 0]",3923,0.0,-0.9011728375839283,-1.2395920875631763,0.0,0.0,-7.022931917715834,0.0,0.0,0.0,0.0,0.0,0.0
image_03924.png,1,"[0, 0, 0, 0, 0, 0]",3924,0.0,3.386989319871347,-0.2589378823818178,0.0,0.0,-6.998964983279599,0.0,0.0,0.0,0.0,0.0,0.0
image_03925.png,1,"[0, 0, 0, 0, 0, 0]",3925,0.0,-10.191511565065923,5.117548086517782,0.0,0.0,-15.622066437258399,0.0,0.0,0.0,0.0,0.0,0.0
image_03926.png,1,"[0, 0, 0, 0, 0, 0]",3926,0.0,5.050300561909026,-1.9749199410440532,0.0,0.0,-9.191459703383012,0.0,0.0,0.0,0.0,0.0,0.0
image_03927.png,1,"[0, 0, 0, 0, 0, 0]",3927,0.0,-11.851490413170026,2.5090929125796126,0.0,0.0,-5.007490186926499,0.0,0.0,0.0,0.0,0.0,0.0
image_03928.png,1,"[0, 0, 0, 0, 0, 0]",3928,0.0,-11.7052061880118,1.0066859937818915,0.0,0.0,-8.598815780134025,0.0,0.0,0.0,0.0,0.0,0.0
image_03929.png,1,"[0, 0, 0, 0, 0, 0]",3929,0.0,-13.738700394990786,3.644835206323374,0.0,0.0,2.384678662869315,0.0,0.0,0.0,0.0,0.0,0.0
image_03930.png,1,"[0, 0, 0, 0, 0, 0]",3930,0.0,-7.9006361094354105,-1.3186363900454876,0.0,0.0,-7.139636254734175,0.0,0.0,0.0,0.0,0.0,0.0
image_03931.png,1,"[0, 0, 0, 0, 0, 0]",3931,0.0,1.2264599135142262,3.7193707108389527,0.0,0.0,-1.6986782255586355,0.0,0.0,0.0,0.0,0.0,0.0
image_03932.png,1,"[0, 0, 0, 0, 0, 0]",3932,0.0,13.738224576381413,1.0036097841651404,0.0,0.0,5.585540374851614,0.0,0.0,0.0,0.0,0.0,0.0
image_03933.png,1,"[0, 0, 0, 0, 0, 0]",3933,0.0,-13.148114091241737,2.957976959252445,0.0,0.0,2.6762109807325603,0.0,0.0,0.0,0.0,0.0,0.0
image_03934.png,1,"[0, 0, 0, 0, 0, 0]",3934,0.0,9.802010372988924,1.5245041278955918,0.0,0.0,9.334093925605732,0.0,0.0,0.0,0.0,0.0,0.0
image_03935.png,1,"[0, 0, 0, 0, 0, 0]",3935,0.0,-12.494112330319325,1.4882783994585171,0.0,0.0,-5.454405033523164,0.0,0.0,0.0,0.0,0.0,0.0
image_03936.png,1,"[0, 0, 0, 0, 0, 0]",3936,0.0,-10.990785712794604,5.127885908083646,0.0,0.0,-5.631615667356687,0.0,0.0,0.0,0.0,0.0,0.0
image_03937.png,1,"[0, 0, 0, 0, 0, 0]",3937,0.0,3.382457162834001,-1.2569751275697774,0.0,0.0,-6.333095166786952,0.0,0.0,0.0,0.0,0.0,0.0
image_03938.png,1,"[0, 0, 0, 0, 0, 0]",3938,0.0,12.243472975497085,0.4416683732261233,0.0,0.0,-5.026172179445517,0.0,0.0,0.0,0.0,0.0,0.0
image_03939.png,1,"[0, 0, 0, 0, 0, 0]",3939,0.0,8.202556001781886,4.0036401773897365,0.0,0.0,11.80314808169105,0.0,0.0,0.0,0.0,0.0,0.0
image_03940.png,1,"[0, 0, 0, 0, 0, 0]",3940,0.0,2.07783102558502,4.657490301581236,0.0,0.0,1.5719774316803328,0.0,0.0,0.0,0.0,0.0,0.0
image_03941.png,1,"[0, 0, 0, 0, 0, 0]",3941,0.0,-4.062893367464454,-1.395205662553436,0.0,0.0,-3.88583986051274,0.0,0.0,0.0,0.0,0.0,0.0
image_03942.png,1,"[0, 0, 0, 0, 0, 0]",3942,0.0,1.7974117656625168,-0.40727907609139,0.0,0.0,-5.15019206395107,0.0,0.0,0.0,0.0,0.0,0.0
image_03943.png,1,"[0, 0, 0, 0, 0, 0]",3943,0.0,7.407812579581957,-0.8183220477219513,0.0,0.0,-11.796247277567842,0.0,0.0,0.0,0.0,0.0,0.0
image_03944.png,1,"[0, 0, 0, 0, 0, 0]",3944,0.0,-0.22377464201360908,-0.3204267835920944,0.0,0.0,-5.470621697659597,0.0,0.0,0.0,0.0,0.0,0.0
image_03945.png,1,"[0, 0, 0, 0, 0, 0]",3945,0.0,-5.809736299827691,1.3253905906701835,0.0,0.0,2.832850745007179,0.0,0.0,0.0,0.0,0.0,0.0
image_03946.png,1,"[0, 0, 0, 0, 0, 0]",3946,0.0,3.405722964435782,2.445937851542096,0.0,0.0,-10.89944207997887,0.0,0.0,0.0,0.0,0.0,0.0
image_03947.png,1,"[0, 0, 0, 0, 0, 0]",3947,0.0,-5.889900577803317,3.429506386444503,0.0,0.0,14.083960920556194,0.0,0.0,0.0,0.0,0.0,0.0
image_03948.png,1,"[0, 0, 0, 0, 0, 0]",3948,0.0,10.751353117663015,3.7002088862079665,0.0,0.0,2.123460274698216,0.0,0.0,0.0,0.0,0.0,0.0
image_03949.png,1,"[0, 0, 0, 0, 0, 0]",3949,0.0,-8.231269909122787,0.23999001900949724,0.0,0.0,9.324770555420887,0.0,0.0,0.0,0.0,0.0,0.0
image_03950.png,1,"[0, 0, 0, 0, 0, 0]",3950,0.0,10.938199733655523,1.74359620202069,0.0,0.0,-6.844608169207786,0.0,0.0,0.0,0.0,0.0,0.0
image_03951.png,1,"[0, 0, 0, 0, 0, 0]",3951,0.0,9.715098168062326,3.9928015907819265,0.0,0.0,-14.55327722752302,0.0,0.0,0.0,0.0,0.0,0.0
image_03952.png,1,"[0, 0, 0, 0, 0, 0]",3952,0.0,9.280033801594989,1.7197022519750296,0.0,0.0,7.968983207608865,0.0,0.0,0.0,0.0,0.0,0.0
image_03953.png,1,"[0, 0, 0, 0, 0, 0]",3953,0.0,-8.009407637717402,2.6261427621960323,0.0,0.0,2.9463779522546774,0.0,0.0,0.0,0.0,0.0,0.0
image_03954.png,1,"[0, 0, 0, 0, 0, 0]",3954,0.0,9.76695526553766,-1.542334655460492,0.0,0.0,-2.244999917512062,0.0,0.0,0.0,0.0,0.0,0.0
image_03955.png,1,"[0, 0, 0, 0, 0, 0]",3955,0.0,-13.80340581545174,4.1644125937622825,0.0,0.0,9.365759348027751,0.0,0.0,0.0,0.0,0.0,0.0
image_03956.png,1,"[0, 0, 0, 0, 0, 0]",3956,0.0,5.396460681989993,3.1801026961795973,0.0,0.0,-1.9219110750312434,0.0,0.0,0.0,0.0,0.0,0.0
image_03957.png,1,"[0, 0, 0, 0, 0, 0]",3957,0.0,-10.93218379635205,1.4533316042191449,0.0,0.0,3.651467084564002,0.0,0.0,0.0,0.0,0.0,0.0
image_03958.png,1,"[0, 0, 0, 0, 0, 0]",3958,0.0,7.9874375897811944,-1.4305722016808111,0.0,0.0,4.869648300458451,0.0,0.0,0.0,0.0,0.0,0.0
image_03959.png,1,"[0, 0, 0, 0, 0, 0]",3959,0.0,9.686090949834671,3.828850203957481,0.0,0.0,10.113124245485624,0.0,0.0,0.0,0.0,0.0,0.0
image_03960.png,1,"[0, 0, 0, 0, 0, 0]",3960,0.0,1.1591170311830012,-0.3835572566658283,0.0,0.0,13.480300501023882,0.0,0.0,0.0,0.0,0.0,0.0
image_03961.png,1,"[0, 0, 0, 0, 0, 0]",3961,0.0,0.24318014236021668,0.7940172098927789,0.0,0.0,9.424084796157286,0.0,0.0,0.0,0.0,0.0,0.0
image_03962.png,1,"[0, 0, 0, 0, 0, 0]",3962,0.0,1.9523129668592318,-1.9966449831364552,0.0,0.0,-5.9482250198880005,0.0,0.0,0.0,0.0,0.0,0.0
image_03963.png,1,"[0, 0, 0, 0, 0, 0]",3963,0.0,1.971457118919659,0.38218730696485004,0.0,0.0,5.879345415060101,0.0,0.0,0.0,0.0,0.0,0.0
image_03964.png,1,"[0, 0, 0, 0, 0, 0]",3964,0.0,11.75127827961434,3.4883136912844686,0.0,0.0,10.444704915606556,0.0,0.0,0.0,0.0,0.0,0.0
image_03965.png,1,"[0, 0, 0, 0, 0, 0]",3965,0.0,8.460298823975677,2.566087241336393,0.0,0.0,2.293807489818325,0.0,0.0,0.0,0.0,0.0,0.0
image_03966.png,1,"[0, 0, 0, 0, 0, 0]",3966,0.0,4.76294381668346,2.8169304095339287,0.0,0.0,-5.081546622955276,0.0,0.0,0.0,0.0,0.0,0.0
image_03967.png,1,"[0, 0, 0, 0, 0, 0]",3967,0.0,-6.46092144052686,2.3698397354356695,0.0,0.0,10.355301096283357,0.0,0.0,0.0,0.0,0.0,0.0
image_03968.png,1,"[0, 0, 0, 0, 0, 0]",3968,0.0,11.632203915414962,-0.9069203256761029,0.0,0.0,2.418962721091823,0.0,0.0,0.0,0.0,0.0,0.0
image_03969.png,1,"[0, 0, 0, 0, 0, 0]",3969,0.0,7.368617790421666,4.761897341341847,0.0,0.0,-1.24924981768884,0.0,0.0,0.0,0.0,0.0,0.0
image_03970.png,1,"[0, 0, 0, 0, 0, 0]",3970,0.0,-10.845774506941396,2.697498059729945,0.0,0.0,-8.413934191797045,0.0,0.0,0.0,0.0,0.0,0.0
image_03971.png,1,"[0, 0, 0, 0, 0, 0]",3971,0.0,-12.296524624402721,0.04404390774012512,0.0,0.0,0.03023709653975272,0.0,0.0,0.0,0.0,0.0,0.0
image_03972.png,1,"[0, 0, 0, 0, 0, 0]",3972,0.0,0.36223772501647744,0.2855917388340856,0.0,0.0,3.5296511380410602,0.0,0.0,0.0,0.0,0.0,0.0
image_03973.png,1,"[0, 0, 0, 0, 0, 0]",3973,0.0,4.390320880337498,0.48174611880615537,0.0,0.0,5.275085548400393,0.0,0.0,0.0,0.0,0.0,0.0
image_03974.png,1,"[0, 0, 0, 0, 0, 0]",3974,0.0,-5.3640564137037074,0.7270505329882933,0.0,0.0,8.941693519716832,0.0,0.0,0.0,0.0,0.0,0.0
image_03975.png,1,"[0, 0, 0, 0, 0, 0]",3975,0.0,-9.832463964627152,4.322175125948825,0.0,0.0,-3.855676447491178,0.0,0.0,0.0,0.0,0.0,0.0
image_03976.png,1,"[0, 0, 0, 0, 0, 0]",3976,0.0,3.5136277319204723,2.689589664878943,0.0,0.0,-8.328530262249103,0.0,0.0,0.0,0.0,0.0,0.0
image_03977.png,1,"[0, 0, 0, 0, 0, 0]",3977,0.0,10.11131999498184,3.1124701416127802,0.0,0.0,3.0933676944884385,0.0,0.0,0.0,0.0,0.0,0.0
image_03978.png,1,"[0, 0, 0, 0, 0, 0]",3978,0.0,-8.40470889024678,3.304681422668301,0.0,0.0,-4.753678258619957,0.0,0.0,0.0,0.0,0.0,0.0
image_03979.png,1,"[0, 0, 0, 0, 0, 0]",3979,0.0,11.017327897389606,2.4578212451742667,0.0,0.0,0.5549095878069488,0.0,0.0,0.0,0.0,0.0,0.0
image_03980.png,1,"[0, 0, 0, 0, 0, 0]",3980,0.0,-13.20971419932647,3.350417964954575,0.0,0.0,6.038048630380643,0.0,0.0,0.0,0.0,0.0,0.0
image_03981.png,1,"[0, 0, 0, 0, 0, 0]",3981,0.0,4.1036695146858975,-1.3998108483047327,0.0,0.0,-5.206511604770902,0.0,0.0,0.0,0.0,0.0,0.0
image_03982.png,1,"[0, 0, 0, 0, 0, 0]",3982,0.0,9.581939622813984,2.0489959021279116,0.0,0.0,3.8237269082373175,0.0,0.0,0.0,0.0,0.0,0.0
image_03983.png,1,"[0, 0, 0, 0, 0, 0]",3983,0.0,5.689294045594394,0.29431072992502916,0.0,0.0,-6.216690250633042,0.0,0.0,0.0,0.0,0.0,0.0
image_03984.png,1,"[0, 0, 0, 0, 0, 0]",3984,0.0,-6.107737732415373,2.544214560363889,0.0,0.0,-0.6639451198396786,0.0,0.0,0.0,0.0,0.0,0.0
image_03985.png,1,"[0, 0, 0, 0, 0, 0]",3985,0.0,-1.8756335876628185,-0.28985380743744193,0.0,0.0,-4.533331442231875,0.0,0.0,0.0,0.0,0.0,0.0
image_03986.png,1,"[0, 0, 0, 0, 0, 0]",3986,0.0,3.820178379416717,4.43136856605068,0.0,0.0,5.295155654313723,0.0,0.0,0.0,0.0,0.0,0.0
image_03987.png,1,"[0, 0, 0, 0, 0, 0]",3987,0.0,-13.696242189969794,3.5458232727796197,0.0,0.0,-4.591789213514095,0.0,0.0,0.0,0.0,0.0,0.0
image_03988.png,1,"[0, 0, 0, 0, 0, 0]",3988,0.0,4.450340765789491,3.2926827388089963,0.0,0.0,17.49582460640401,0.0,0.0,0.0,0.0,0.0,0.0
image_03989.png,1,"[0, 0, 0, 0, 0, 0]",3989,0.0,-13.49484426713073,0.2133335952682769,0.0,0.0,-11.921702870412856,0.0,0.0,0.0,0.0,0.0,0.0
image_03990.png,1,"[0, 0, 0, 0, 0, 0]",3990,0.0,-9.085295062810431,-0.34959845770644304,0.0,0.0,0.5786458370499935,0.0,0.0,0.0,0.0,0.0,0.0
image_03991.png,1,"[0, 0, 0, 0, 0, 0]",3991,0.0,-0.9866614956527329,2.4254190866923473,0.0,0.0,6.161534796340497,0.0,0.0,0.0,0.0,0.0,0.0
image_03992.png,1,"[0, 0, 0, 0, 0, 0]",3992,0.0,9.05956362752488,3.4565684461990127,0.0,0.0,1.921586609652286,0.0,0.0,0.0,0.0,0.0,0.0
image_03993.png,1,"[0, 0, 0, 0, 0, 0]",3993,0.0,-4.835370427930826,3.550919014764622,0.0,0.0,-8.06008326641662,0.0,0.0,0.0,0.0,0.0,0.0
image_03994.png,1,"[0, 0, 0, 0, 0, 0]",3994,0.0,13.531504532556134,4.512318632446996,0.0,0.0,-15.28961913908934,0.0,0.0,0.0,0.0,0.0,0.0
image_03995.png,1,"[0, 0, 0, 0, 0, 0]",3995,0.0,4.659244100138089,0.6872949794187759,0.0,0.0,-1.692090376864712,0.0,0.0,0.0,0.0,0.0,0.0
image_03996.png,1,"[0, 0, 0, 0, 0, 0]",3996,0.0,7.38937277980002,4.513881551212611,0.0,0.0,-1.591287056300079,0.0,0.0,0.0,0.0,0.0,0.0
image_03997.png,1,"[0, 0, 0, 0, 0, 0]",3997,0.0,1.4756650123858606,1.3878658801476433,0.0,0.0,0.5461066086800375,0.0,0.0,0.0,0.0,0.0,0.0
image_03998.png,1,"[0, 0, 0, 0, 0, 0]",3998,0.0,2.332122773392882,3.54738455712586,0.0,0.0,-2.0801720676980953,0.0,0.0,0.0,0.0,0.0,0.0
image_03999.png,1,"[0, 0, 0, 0, 0, 0]",3999,0.0,10.332946825577181,5.238688290550612,0.0,0.0,-10.989183056863677,0.0,0.0,0.0,0.0,0.0,0.0
image_04000.png,1,"[0, 0, 0, 0, 0, 0]",4000,0.0,-7.358807064022201,0.8528839547408311,0.0,0.0,0.47647429707485983,0.0,0.0,0.0,0.0,0.0,0.0
image_04001.png,1,"[0, 0, 0, 0, 0, 0]",4001,0.0,4.1419021835071845,1.8987430120440054,0.0,0.0,-0.6437556601082719,0.0,0.0,0.0,0.0,0.0,0.0
image_04002.png,1,"[0, 0, 0, 0, 0, 0]",4002,0.0,4.813826568745256,-1.657266179532026,0.0,0.0,-10.69679778176008,0.0,0.0,0.0,0.0,0.0,0.0
image_04003.png,1,"[0, 0, 0, 0, 0, 0]",4003,0.0,-13.828449628546608,5.173654401544339,0.0,0.0,8.94283669675346,0.0,0.0,0.0,0.0,0.0,0.0
image_04004.png,1,"[0, 0, 0, 0, 0, 0]",4004,0.0,-5.585976381195863,1.6437705748297842,0.0,0.0,2.2441812101843994,0.0,0.0,0.0,0.0,0.0,0.0
image_04005.png,1,"[0, 0, 0, 0, 0, 0]",4005,0.0,-13.494648609223958,-1.7723926528989753,0.0,0.0,8.237740835057407,0.0,0.0,0.0,0.0,0.0,0.0
image_04006.png,1,"[0, 0, 0, 0, 0, 0]",4006,0.0,10.302016944816756,0.2407345461017778,0.0,0.0,-2.0524621603904594,0.0,0.0,0.0,0.0,0.0,0.0
image_04007.png,1,"[0, 0, 0, 0, 0, 0]",4007,0.0,-2.9886175405272866,2.2922249649021014,0.0,0.0,-6.648841761832265,0.0,0.0,0.0,0.0,0.0,0.0
image_04008.png,1,"[0, 0, 0, 0, 0, 0]",4008,0.0,-5.074088361906519,3.846411904109404,0.0,0.0,-6.613737842626751,0.0,0.0,0.0,0.0,0.0,0.0
image_04009.png,1,"[0, 0, 0, 0, 0, 0]",4009,0.0,-11.60250884647894,-1.3431794935492405,0.0,0.0,5.496354120432534,0.0,0.0,0.0,0.0,0.0,0.0
image_04010.png,1,"[0, 0, 0, 0, 0, 0]",4010,0.0,9.295991873727395,4.285490221574282,0.0,0.0,4.9358733747505505,0.0,0.0,0.0,0.0,0.0,0.0
image_04011.png,1,"[0, 0, 0, 0, 0, 0]",4011,0.0,-13.115392883173627,0.5824956728588409,0.0,0.0,-0.2680565312646007,0.0,0.0,0.0,0.0,0.0,0.0
image_04012.png,1,"[0, 0, 0, 0, 0, 0]",4012,0.0,-10.15371902131561,1.3245655744394487,0.0,0.0,9.094292359917524,0.0,0.0,0.0,0.0,0.0,0.0
image_04013.png,1,"[0, 0, 0, 0, 0, 0]",4013,0.0,-4.8448800169033035,5.001834661409351,0.0,0.0,-9.46974811288798,0.0,0.0,0.0,0.0,0.0,0.0
image_04014.png,1,"[0, 0, 0, 0, 0, 0]",4014,0.0,9.835787377307334,3.6537663894342307,0.0,0.0,-0.6217747340353933,0.0,0.0,0.0,0.0,0.0,0.0
image_04015.png,1,"[0, 0, 0, 0, 0, 0]",4015,0.0,-8.780791783226718,1.3113954854168877,0.0,0.0,-4.392194002383838,0.0,0.0,0.0,0.0,0.0,0.0
image_04016.png,1,"[0, 0, 0, 0, 0, 0]",4016,0.0,0.27871148880298335,1.6425958715133393,0.0,0.0,-3.4928410060074526,0.0,0.0,0.0,0.0,0.0,0.0
image_04017.png,1,"[0, 0, 0, 0, 0, 0]",4017,0.0,-8.296998322692332,4.8066308976853875,0.0,0.0,-13.95722716457116,0.0,0.0,0.0,0.0,0.0,0.0
image_04018.png,1,"[0, 0, 0, 0, 0, 0]",4018,0.0,6.376279337568519,-1.4169918503466072,0.0,0.0,6.290636616143985,0.0,0.0,0.0,0.0,0.0,0.0
image_04019.png,1,"[0, 0, 0, 0, 0, 0]",4019,0.0,6.198351017244278,4.284864662501883,0.0,0.0,0.740092366606933,0.0,0.0,0.0,0.0,0.0,0.0
image_04020.png,1,"[0, 0, 0, 0, 0, 0]",4020,0.0,-7.714931010744252,3.895678579423353,0.0,0.0,-6.094484122126092,0.0,0.0,0.0,0.0,0.0,0.0
image_04021.png,1,"[0, 0, 0, 0, 0, 0]",4021,0.0,3.7123853625608945,5.438953658766185,0.0,0.0,1.50322414596745,0.0,0.0,0.0,0.0,0.0,0.0
image_04022.png,1,"[0, 0, 0, 0, 0, 0]",4022,0.0,-3.6229315462510385,-0.6690125301252408,0.0,0.0,4.678186216385791,0.0,0.0,0.0,0.0,0.0,0.0
image_04023.png,1,"[0, 0, 0, 0, 0, 0]",4023,0.0,-0.4525785213270552,2.553769116605263,0.0,0.0,-10.751851140064831,0.0,0.0,0.0,0.0,0.0,0.0
image_04024.png,1,"[0, 0, 0, 0, 0, 0]",4024,0.0,5.667336289109414,4.426005681309361,0.0,0.0,9.098039559093587,0.0,0.0,0.0,0.0,0.0,0.0
image_04025.png,1,"[0, 0, 0, 0, 0, 0]",4025,0.0,3.923045889524005,0.10245403200295344,0.0,0.0,4.6796531479169445,0.0,0.0,0.0,0.0,0.0,0.0
image_04026.png,1,"[0, 0, 0, 0, 0, 0]",4026,0.0,6.654484957305755,1.1702309493632805,0.0,0.0,-9.695248350367587,0.0,0.0,0.0,0.0,0.0,0.0
image_04027.png,1,"[0, 0, 0, 0, 0, 0]",4027,0.0,0.31272609853571254,-0.45965097630114915,0.0,0.0,-10.869077411590728,0.0,0.0,0.0,0.0,0.0,0.0
image_04028.png,1,"[0, 0, 0, 0, 0, 0]",4028,0.0,0.006750765353316979,2.6129367643148633,0.0,0.0,-13.120927604150124,0.0,0.0,0.0,0.0,0.0,0.0
image_04029.png,1,"[0, 0, 0, 0, 0, 0]",4029,0.0,1.8689416943678339,4.141194505464103,0.0,0.0,8.557108514631313,0.0,0.0,0.0,0.0,0.0,0.0
image_04030.png,1,"[0, 0, 0, 0, 0, 0]",4030,0.0,12.156257049209486,4.014144153971317,0.0,0.0,-4.257922213117625,0.0,0.0,0.0,0.0,0.0,0.0
image_04031.png,1,"[0, 0, 0, 0, 0, 0]",4031,0.0,-5.706139914077596,4.10007844363475,0.0,0.0,6.22330052907097,0.0,0.0,0.0,0.0,0.0,0.0
image_04032.png,1,"[0, 0, 0, 0, 0, 0]",4032,0.0,-8.323303552746466,2.646960091305881,0.0,0.0,4.397419866394277,0.0,0.0,0.0,0.0,0.0,0.0
image_04033.png,1,"[0, 0, 0, 0, 0, 0]",4033,0.0,1.8295164348334012,-1.1244884779048334,0.0,0.0,-3.831323867532444,0.0,0.0,0.0,0.0,0.0,0.0
image_04034.png,1,"[0, 0, 0, 0, 0, 0]",4034,0.0,10.738703451375713,-1.8352782336476179,0.0,0.0,3.3786249871234846,0.0,0.0,0.0,0.0,0.0,0.0
image_04035.png,1,"[0, 0, 0, 0, 0, 0]",4035,0.0,1.8195271068531298,4.104980259344478,0.0,0.0,0.06100995885908357,0.0,0.0,0.0,0.0,0.0,0.0
image_04036.png,1,"[0, 0, 0, 0, 0, 0]",4036,0.0,-3.3928638431927993,2.4163285814323006,0.0,0.0,-1.519852912839946,0.0,0.0,0.0,0.0,0.0,0.0
image_04037.png,1,"[0, 0, 0, 0, 0, 0]",4037,0.0,-8.077502606023202,4.553891980054543,0.0,0.0,13.305448753913996,0.0,0.0,0.0,0.0,0.0,0.0
image_04038.png,1,"[0, 0, 0, 0, 0, 0]",4038,0.0,4.766858559698477,1.590681421298588,0.0,0.0,-3.015930968299655,0.0,0.0,0.0,0.0,0.0,0.0
image_04039.png,1,"[0, 0, 0, 0, 0, 0]",4039,0.0,10.526510287254581,0.8098673503018388,0.0,0.0,-13.648737967713926,0.0,0.0,0.0,0.0,0.0,0.0
image_04040.png,1,"[0, 0, 0, 0, 0, 0]",4040,0.0,-13.909748355454056,2.4467968207394755,0.0,0.0,10.950059808889758,0.0,0.0,0.0,0.0,0.0,0.0
image_04041.png,1,"[0, 0, 0, 0, 0, 0]",4041,0.0,-2.587190407645039,1.1236847546166322,0.0,0.0,-12.624791805052526,0.0,0.0,0.0,0.0,0.0,0.0
image_04042.png,1,"[0, 0, 0, 0, 0, 0]",4042,0.0,-10.974122051816849,4.986203481418552,0.0,0.0,-5.298664946221544,0.0,0.0,0.0,0.0,0.0,0.0
image_04043.png,1,"[0, 0, 0, 0, 0, 0]",4043,0.0,-13.345536286377396,-1.7388407100148449,0.0,0.0,-5.306270057458151,0.0,0.0,0.0,0.0,0.0,0.0
image_04044.png,1,"[0, 0, 0, 0, 0, 0]",4044,0.0,-8.300688384649447,2.656650554174928,0.0,0.0,4.0203952875873545,0.0,0.0,0.0,0.0,0.0,0.0
image_04045.png,1,"[0, 0, 0, 0, 0, 0]",4045,0.0,-9.700176248105947,1.2457427958749965,0.0,0.0,5.830571221626489,0.0,0.0,0.0,0.0,0.0,0.0
image_04046.png,1,"[0, 0, 0, 0, 0, 0]",4046,0.0,-9.918748438405402,2.0037700377247356,0.0,0.0,5.881484570548934,0.0,0.0,0.0,0.0,0.0,0.0
image_04047.png,1,"[0, 0, 0, 0, 0, 0]",4047,0.0,-8.398279496699644,1.876231989688343,0.0,0.0,-5.1855680444673125,0.0,0.0,0.0,0.0,0.0,0.0
image_04048.png,1,"[0, 0, 0, 0, 0, 0]",4048,0.0,-12.082987388928572,3.8013215695380405,0.0,0.0,7.03079546891425,0.0,0.0,0.0,0.0,0.0,0.0
image_04049.png,1,"[0, 0, 0, 0, 0, 0]",4049,0.0,2.956035876530791,4.124730379433956,0.0,0.0,2.050941755961882,0.0,0.0,0.0,0.0,0.0,0.0
image_04050.png,1,"[0, 0, 0, 0, 0, 0]",4050,0.0,12.801677704812782,4.307760541453385,0.0,0.0,-3.7290968427858466,0.0,0.0,0.0,0.0,0.0,0.0
image_04051.png,1,"[0, 0, 0, 0, 0, 0]",4051,0.0,-13.663606342343726,0.8716711532965271,0.0,0.0,-3.592093313736794,0.0,0.0,0.0,0.0,0.0,0.0
image_04052.png,1,"[0, 0, 0, 0, 0, 0]",4052,0.0,-2.5438033508872024,3.514065292036457,0.0,0.0,2.192092636681926,0.0,0.0,0.0,0.0,0.0,0.0
image_04053.png,1,"[0, 0, 0, 0, 0, 0]",4053,0.0,1.7570635863186652,-1.951201180819881,0.0,0.0,20.0,0.0,0.0,0.0,0.0,0.0,0.0
image_04054.png,1,"[0, 0, 0, 0, 0, 0]",4054,0.0,1.6961456633817136,1.5341159697698492,0.0,0.0,-1.4632088345322052,0.0,0.0,0.0,0.0,0.0,0.0
image_04055.png,1,"[0, 0, 0, 0, 0, 0]",4055,0.0,10.96748881988168,5.009447522932316,0.0,0.0,-0.7304779579979461,0.0,0.0,0.0,0.0,0.0,0.0
image_04056.png,1,"[0, 0, 0, 0, 0, 0]",4056,0.0,11.418085927049603,-0.7419192453728325,0.0,0.0,4.1037051871212915,0.0,0.0,0.0,0.0,0.0,0.0
image_04057.png,1,"[0, 0, 0, 0, 0, 0]",4057,0.0,11.037228537742806,0.08178276928347472,0.0,0.0,-11.084117245248354,0.0,0.0,0.0,0.0,0.0,0.0
image_04058.png,1,"[0, 0, 0, 0, 0, 0]",4058,0.0,1.4298018883499424,3.4423200376412737,0.0,0.0,-2.3619677821872873,0.0,0.0,0.0,0.0,0.0,0.0
image_04059.png,1,"[0, 0, 0, 0, 0, 0]",4059,0.0,-7.768826226279316,3.879291818373118,0.0,0.0,1.5384345652954492,0.0,0.0,0.0,0.0,0.0,0.0
image_04060.png,1,"[0, 0, 0, 0, 0, 0]",4060,0.0,4.5733380068558915,-1.6415276425035241,0.0,0.0,8.176936261406478,0.0,0.0,0.0,0.0,0.0,0.0
image_04061.png,1,"[0, 0, 0, 0, 0, 0]",4061,0.0,-10.729477559150027,3.157314607871638,0.0,0.0,2.256367317234001,0.0,0.0,0.0,0.0,0.0,0.0
image_04062.png,1,"[0, 0, 0, 0, 0, 0]",4062,0.0,0.13374683338106053,4.585707871995206,0.0,0.0,-6.831405015065162,0.0,0.0,0.0,0.0,0.0,0.0
image_04063.png,1,"[0, 0, 0, 0, 0, 0]",4063,0.0,-5.354597496212406,-1.582334142193598,0.0,0.0,-6.872029938275159,0.0,0.0,0.0,0.0,0.0,0.0
image_04064.png,1,"[0, 0, 0, 0, 0, 0]",4064,0.0,0.7108669409949044,0.7717133367076068,0.0,0.0,-2.6133935742149363,0.0,0.0,0.0,0.0,0.0,0.0
image_04065.png,1,"[0, 0, 0, 0, 0, 0]",4065,0.0,9.757076109770473,5.204493040305007,0.0,0.0,-12.340726632694816,0.0,0.0,0.0,0.0,0.0,0.0
image_04066.png,1,"[0, 0, 0, 0, 0, 0]",4066,0.0,1.6995594111527623,2.940930830801742,0.0,0.0,-5.820830360913962,0.0,0.0,0.0,0.0,0.0,0.0
image_04067.png,1,"[0, 0, 0, 0, 0, 0]",4067,0.0,8.165164828854827,4.535204417337454,0.0,0.0,-9.604477210020928,0.0,0.0,0.0,0.0,0.0,0.0
image_04068.png,1,"[0, 0, 0, 0, 0, 0]",4068,0.0,-12.451771086886993,4.610594919074857,0.0,0.0,-1.280361973480923,0.0,0.0,0.0,0.0,0.0,0.0
image_04069.png,1,"[0, 0, 0, 0, 0, 0]",4069,0.0,-12.180536129348283,1.1079875150033311,0.0,0.0,4.52694947741213,0.0,0.0,0.0,0.0,0.0,0.0
image_04070.png,1,"[0, 0, 0, 0, 0, 0]",4070,0.0,-3.2977664944699683,2.950022957188728,0.0,0.0,-5.925112616222216,0.0,0.0,0.0,0.0,0.0,0.0
image_04071.png,1,"[0, 0, 0, 0, 0, 0]",4071,0.0,5.421979582996613,1.9418096198834607,0.0,0.0,-4.846302272111494,0.0,0.0,0.0,0.0,0.0,0.0
image_04072.png,1,"[0, 0, 0, 0, 0, 0]",4072,0.0,-4.925088426641807,-0.6418139677011416,0.0,0.0,1.820764592687384,0.0,0.0,0.0,0.0,0.0,0.0
image_04073.png,1,"[0, 0, 0, 0, 0, 0]",4073,0.0,-6.854140332122682,2.3598178797089098,0.0,0.0,-8.479996535881604,0.0,0.0,0.0,0.0,0.0,0.0
image_04074.png,1,"[0, 0, 0, 0, 0, 0]",4074,0.0,6.790957687803434,-0.5925137403774352,0.0,0.0,3.1829850325778497,0.0,0.0,0.0,0.0,0.0,0.0
image_04075.png,1,"[0, 0, 0, 0, 0, 0]",4075,0.0,-9.703398229030483,5.441570572122068,0.0,0.0,-6.3542273001398195,0.0,0.0,0.0,0.0,0.0,0.0
image_04076.png,1,"[0, 0, 0, 0, 0, 0]",4076,0.0,-12.926234006381435,1.087311685761505,0.0,0.0,-15.343633216719198,0.0,0.0,0.0,0.0,0.0,0.0
image_04077.png,1,"[0, 0, 0, 0, 0, 0]",4077,0.0,4.323516988040957,0.4110582386701598,0.0,0.0,15.186604657230804,0.0,0.0,0.0,0.0,0.0,0.0
image_04078.png,1,"[0, 0, 0, 0, 0, 0]",4078,0.0,-7.358298908845015,2.950268032551781,0.0,0.0,-1.067795503332745,0.0,0.0,0.0,0.0,0.0,0.0
image_04079.png,1,"[0, 0, 0, 0, 0, 0]",4079,0.0,-11.996507015473483,1.6865387486794048,0.0,0.0,2.2832363282904304,0.0,0.0,0.0,0.0,0.0,0.0
image_04080.png,1,"[0, 0, 0, 0, 0, 0]",4080,0.0,1.9110524364144226,-1.6465552460527006,0.0,0.0,-10.42710025021565,0.0,0.0,0.0,0.0,0.0,0.0
image_04081.png,1,"[0, 0, 0, 0, 0, 0]",4081,0.0,-8.336663098035828,1.567310227338091,0.0,0.0,-4.0942727654340105,0.0,0.0,0.0,0.0,0.0,0.0
image_04082.png,1,"[0, 0, 0, 0, 0, 0]",4082,0.0,-5.825691782858456,-0.9503994585984172,0.0,0.0,-12.25912086507526,0.0,0.0,0.0,0.0,0.0,0.0
image_04083.png,1,"[0, 0, 0, 0, 0, 0]",4083,0.0,-11.361209565583366,-1.7257017099821508,0.0,0.0,5.078563851220238,0.0,0.0,0.0,0.0,0.0,0.0
image_04084.png,1,"[0, 0, 0, 0, 0, 0]",4084,0.0,8.597363590112892,4.4922531666518,0.0,0.0,-0.2165632190315988,0.0,0.0,0.0,0.0,0.0,0.0
image_04085.png,1,"[0, 0, 0, 0, 0, 0]",4085,0.0,0.23514439869715176,1.0288801255790605,0.0,0.0,4.065902331158201,0.0,0.0,0.0,0.0,0.0,0.0
image_04086.png,1,"[0, 0, 0, 0, 0, 0]",4086,0.0,-3.4593889569595717,-1.8494721092056825,0.0,0.0,-10.207580907203878,0.0,0.0,0.0,0.0,0.0,0.0
image_04087.png,1,"[0, 0, 0, 0, 0, 0]",4087,0.0,12.808775014782526,4.353517967461793,0.0,0.0,-5.65491965589454,0.0,0.0,0.0,0.0,0.0,0.0
image_04088.png,1,"[0, 0, 0, 0, 0, 0]",4088,0.0,-8.46671231439872,1.478345334740844,0.0,0.0,-4.889061488192689,0.0,0.0,0.0,0.0,0.0,0.0
image_04089.png,1,"[0, 0, 0, 0, 0, 0]",4089,0.0,-11.179331354766319,1.6337576067322743,0.0,0.0,14.062606265366325,0.0,0.0,0.0,0.0,0.0,0.0
image_04090.png,1,"[0, 0, 0, 0, 0, 0]",4090,0.0,-6.670207948741165,2.706918185833099,0.0,0.0,-8.374938164961863,0.0,0.0,0.0,0.0,0.0,0.0
image_04091.png,1,"[0, 0, 0, 0, 0, 0]",4091,0.0,-9.03933543170669,-1.725181295299593,0.0,0.0,-2.088044209827235,0.0,0.0,0.0,0.0,0.0,0.0
image_04092.png,1,"[0, 0, 0, 0, 0, 0]",4092,0.0,-12.045627595890565,-1.1784161212374649,0.0,0.0,1.2481543277021179,0.0,0.0,0.0,0.0,0.0,0.0
image_04093.png,1,"[0, 0, 0, 0, 0, 0]",4093,0.0,6.14902529173218,5.24921536842227,0.0,0.0,9.864503716532349,0.0,0.0,0.0,0.0,0.0,0.0
image_04094.png,1,"[0, 0, 0, 0, 0, 0]",4094,0.0,8.804079075267083,-0.02183715618899562,0.0,0.0,-2.7538009306337488,0.0,0.0,0.0,0.0,0.0,0.0
image_04095.png,1,"[0, 0, 0, 0, 0, 0]",4095,0.0,9.797857479590391,1.2319773461606784,0.0,0.0,13.261840330815625,0.0,0.0,0.0,0.0,0.0,0.0
image_04096.png,1,"[0, 0, 0, 0, 0, 0]",4096,0.0,7.249618351079846,3.765261140726466,0.0,0.0,12.71643085334965,0.0,0.0,0.0,0.0,0.0,0.0
image_04097.png,1,"[0, 0, 0, 0, 0, 0]",4097,0.0,-8.639365647003345,4.208228094762263,0.0,0.0,2.79336908488587,0.0,0.0,0.0,0.0,0.0,0.0
image_04098.png,1,"[0, 0, 0, 0, 0, 0]",4098,0.0,-2.9189958313424498,1.9972771047539322,0.0,0.0,3.926772684493195,0.0,0.0,0.0,0.0,0.0,0.0
image_04099.png,1,"[0, 0, 0, 0, 0, 0]",4099,0.0,-12.587993630028706,4.231013381425221,0.0,0.0,-1.919922969781471,0.0,0.0,0.0,0.0,0.0,0.0
image_04100.png,1,"[0, 0, 0, 0, 0, 0]",4100,0.0,-2.161779591030367,0.6216668444947318,0.0,0.0,-0.9274293729560914,0.0,0.0,0.0,0.0,0.0,0.0
image_04101.png,1,"[0, 0, 0, 0, 0, 0]",4101,0.0,-9.719260530879168,2.726938686842338,0.0,0.0,3.309878220586872,0.0,0.0,0.0,0.0,0.0,0.0
image_04102.png,1,"[0, 0, 0, 0, 0, 0]",4102,0.0,5.677976088994058,5.4377924816536485,0.0,0.0,20.0,0.0,0.0,0.0,0.0,0.0,0.0
image_04103.png,1,"[0, 0, 0, 0, 0, 0]",4103,0.0,12.886819696309544,-1.1937668208416226,0.0,0.0,-6.251057888275705,0.0,0.0,0.0,0.0,0.0,0.0
image_04104.png,1,"[0, 0, 0, 0, 0, 0]",4104,0.0,2.153130809881631,-1.3657779017014526,0.0,0.0,5.135895773331488,0.0,0.0,0.0,0.0,0.0,0.0
image_04105.png,1,"[0, 0, 0, 0, 0, 0]",4105,0.0,1.3333447831326595,-1.489165464132754,0.0,0.0,6.685730809313615,0.0,0.0,0.0,0.0,0.0,0.0
image_04106.png,1,"[0, 0, 0, 0, 0, 0]",4106,0.0,0.9016597106538882,0.5715709928098822,0.0,0.0,0.8271941367503395,0.0,0.0,0.0,0.0,0.0,0.0
image_04107.png,1,"[0, 0, 0, 0, 0, 0]",4107,0.0,3.0053097452076756,2.1443395787212953,0.0,0.0,-1.6930636448462848,0.0,0.0,0.0,0.0,0.0,0.0
image_04108.png,1,"[0, 0, 0, 0, 0, 0]",4108,0.0,9.726095024871071,-1.1183400129300551,0.0,0.0,-6.236867182732106,0.0,0.0,0.0,0.0,0.0,0.0
image_04109.png,1,"[0, 0, 0, 0, 0, 0]",4109,0.0,-7.964470375676328,-1.4053350148375636,0.0,0.0,0.21557297174697693,0.0,0.0,0.0,0.0,0.0,0.0
image_04110.png,1,"[0, 0, 0, 0, 0, 0]",4110,0.0,5.526107178856066,-1.716732319200899,0.0,0.0,-3.4346294044091743,0.0,0.0,0.0,0.0,0.0,0.0
image_04111.png,1,"[0, 0, 0, 0, 0, 0]",4111,0.0,-12.749533299517566,5.494938391185227,0.0,0.0,-19.662427420450136,0.0,0.0,0.0,0.0,0.0,0.0
image_04112.png,1,"[0, 0, 0, 0, 0, 0]",4112,0.0,12.468396704372651,1.5111605542382924,0.0,0.0,6.689165036174185,0.0,0.0,0.0,0.0,0.0,0.0
image_04113.png,1,"[0, 0, 0, 0, 0, 0]",4113,0.0,-4.24308759955629,-0.6986334654809054,0.0,0.0,-8.869332276143359,0.0,0.0,0.0,0.0,0.0,0.0
image_04114.png,1,"[0, 0, 0, 0, 0, 0]",4114,0.0,-12.785318869789194,4.189232309857186,0.0,0.0,-11.555447300486739,0.0,0.0,0.0,0.0,0.0,0.0
image_04115.png,1,"[0, 0, 0, 0, 0, 0]",4115,0.0,-11.621585110412681,-0.35102521779302465,0.0,0.0,-7.577343716379041,0.0,0.0,0.0,0.0,0.0,0.0
image_04116.png,1,"[0, 0, 0, 0, 0, 0]",4116,0.0,-4.142741781249043,1.6229740774447707,0.0,0.0,-3.3433970840389353,0.0,0.0,0.0,0.0,0.0,0.0
image_04117.png,1,"[0, 0, 0, 0, 0, 0]",4117,0.0,0.48383282948959305,3.171460303409205,0.0,0.0,1.0136934964472233,0.0,0.0,0.0,0.0,0.0,0.0
image_04118.png,1,"[0, 0, 0, 0, 0, 0]",4118,0.0,6.954207456076077,-0.25760770185391246,0.0,0.0,3.6812086833099347,0.0,0.0,0.0,0.0,0.0,0.0
image_04119.png,1,"[0, 0, 0, 0, 0, 0]",4119,0.0,2.345491811389138,1.2360414741047308,0.0,0.0,4.698466975838775,0.0,0.0,0.0,0.0,0.0,0.0
image_04120.png,1,"[0, 0, 0, 0, 0, 0]",4120,0.0,-11.08145039263141,1.0627391575928478,0.0,0.0,6.971638606569162,0.0,0.0,0.0,0.0,0.0,0.0
image_04121.png,1,"[0, 0, 0, 0, 0, 0]",4121,0.0,3.680060009399284,-1.0302427615936984,0.0,0.0,-1.9247523305073129,0.0,0.0,0.0,0.0,0.0,0.0
image_04122.png,1,"[0, 0, 0, 0, 0, 0]",4122,0.0,-1.3224340878429004,4.062775951471082,0.0,0.0,1.1574896113627606,0.0,0.0,0.0,0.0,0.0,0.0
image_04123.png,1,"[0, 0, 0, 0, 0, 0]",4123,0.0,-3.8277165658179158,0.9725727644007174,0.0,0.0,-0.9423316697012885,0.0,0.0,0.0,0.0,0.0,0.0
image_04124.png,1,"[0, 0, 0, 0, 0, 0]",4124,0.0,-12.198862494903764,-0.5411325751541614,0.0,0.0,5.0252692056010755,0.0,0.0,0.0,0.0,0.0,0.0
image_04125.png,1,"[0, 0, 0, 0, 0, 0]",4125,0.0,4.494856043541311,-0.6968114382819264,0.0,0.0,4.390447768908787,0.0,0.0,0.0,0.0,0.0,0.0
image_04126.png,1,"[0, 0, 0, 0, 0, 0]",4126,0.0,7.72641845124771,3.559400042970105,0.0,0.0,-8.64035311142794,0.0,0.0,0.0,0.0,0.0,0.0
image_04127.png,1,"[0, 0, 0, 0, 0, 0]",4127,0.0,-5.878270884865827,-1.4262596512923011,0.0,0.0,-2.776089071792355,0.0,0.0,0.0,0.0,0.0,0.0
image_04128.png,1,"[0, 0, 0, 0, 0, 0]",4128,0.0,-9.732880125768716,3.020470915965059,0.0,0.0,7.696234667688842,0.0,0.0,0.0,0.0,0.0,0.0
image_04129.png,1,"[0, 0, 0, 0, 0, 0]",4129,0.0,6.106412498714917,1.6424428825682793,0.0,0.0,-7.011725755962727,0.0,0.0,0.0,0.0,0.0,0.0
image_04130.png,1,"[0, 0, 0, 0, 0, 0]",4130,0.0,-10.431562343647116,3.557134503465554,0.0,0.0,9.538457871081079,0.0,0.0,0.0,0.0,0.0,0.0
image_04131.png,1,"[0, 0, 0, 0, 0, 0]",4131,0.0,-8.20871185836397,-1.267776589325891,0.0,0.0,-0.4296457604972148,0.0,0.0,0.0,0.0,0.0,0.0
image_04132.png,1,"[0, 0, 0, 0, 0, 0]",4132,0.0,12.15183000589056,4.38771634871399,0.0,0.0,5.332831492350064,0.0,0.0,0.0,0.0,0.0,0.0
image_04133.png,1,"[0, 0, 0, 0, 0, 0]",4133,0.0,12.131236702819422,3.48120503832855,0.0,0.0,8.813350180789117,0.0,0.0,0.0,0.0,0.0,0.0
image_04134.png,1,"[0, 0, 0, 0, 0, 0]",4134,0.0,-9.498404650287426,2.9619597819457963,0.0,0.0,-0.8370031103372324,0.0,0.0,0.0,0.0,0.0,0.0
image_04135.png,1,"[0, 0, 0, 0, 0, 0]",4135,0.0,10.587263467768608,-1.082448455287557,0.0,0.0,7.517795920513111,0.0,0.0,0.0,0.0,0.0,0.0
image_04136.png,1,"[0, 0, 0, 0, 0, 0]",4136,0.0,12.559678806921546,-0.2559241893363413,0.0,0.0,-10.864746640558403,0.0,0.0,0.0,0.0,0.0,0.0
image_04137.png,1,"[0, 0, 0, 0, 0, 0]",4137,0.0,-8.204596904810302,1.8921348844103814,0.0,0.0,-2.9014408129627784,0.0,0.0,0.0,0.0,0.0,0.0
image_04138.png,1,"[0, 0, 0, 0, 0, 0]",4138,0.0,8.39532327618602,1.517762576743379,0.0,0.0,5.270925397464655,0.0,0.0,0.0,0.0,0.0,0.0
image_04139.png,1,"[0, 0, 0, 0, 0, 0]",4139,0.0,6.7481730525227235,2.2865065472984627,0.0,0.0,-5.240358448105474,0.0,0.0,0.0,0.0,0.0,0.0
image_04140.png,1,"[0, 0, 0, 0, 0, 0]",4140,0.0,9.46766723778434,1.3581951023236125,0.0,0.0,-7.522006002292639,0.0,0.0,0.0,0.0,0.0,0.0
image_04141.png,1,"[0, 0, 0, 0, 0, 0]",4141,0.0,-9.312370707273146,2.1045714438287515,0.0,0.0,-15.445909860656407,0.0,0.0,0.0,0.0,0.0,0.0
image_04142.png,1,"[0, 0, 0, 0, 0, 0]",4142,0.0,5.960796199831449,0.7349184101825563,0.0,0.0,10.773826583478018,0.0,0.0,0.0,0.0,0.0,0.0
image_04143.png,1,"[0, 0, 0, 0, 0, 0]",4143,0.0,10.72751184037515,5.228677699020319,0.0,0.0,1.3205777752236714,0.0,0.0,0.0,0.0,0.0,0.0
image_04144.png,1,"[0, 0, 0, 0, 0, 0]",4144,0.0,7.472639176692056,3.328103508493264,0.0,0.0,-6.730017343272716,0.0,0.0,0.0,0.0,0.0,0.0
image_04145.png,1,"[0, 0, 0, 0, 0, 0]",4145,0.0,-6.40527116417509,2.242278335564378,0.0,0.0,0.2526255641979859,0.0,0.0,0.0,0.0,0.0,0.0
image_04146.png,1,"[0, 0, 0, 0, 0, 0]",4146,0.0,-0.8090062160904878,1.0253909478244085,0.0,0.0,3.4010695099393553,0.0,0.0,0.0,0.0,0.0,0.0
image_04147.png,1,"[0, 0, 0, 0, 0, 0]",4147,0.0,12.49760758331265,3.190058494366573,0.0,0.0,0.6566492891321476,0.0,0.0,0.0,0.0,0.0,0.0
image_04148.png,1,"[0, 0, 0, 0, 0, 0]",4148,0.0,8.740448535456068,0.31392773733979107,0.0,0.0,11.273398954153555,0.0,0.0,0.0,0.0,0.0,0.0
image_04149.png,1,"[0, 0, 0, 0, 0, 0]",4149,0.0,2.5384309410187598,1.486389579989229,0.0,0.0,10.329989413740737,0.0,0.0,0.0,0.0,0.0,0.0
image_04150.png,1,"[0, 0, 0, 0, 0, 0]",4150,0.0,-12.42353121320555,4.812754658685496,0.0,0.0,-2.6659827375557748,0.0,0.0,0.0,0.0,0.0,0.0
image_04151.png,1,"[0, 0, 0, 0, 0, 0]",4151,0.0,12.586102421786727,1.690955761045526,0.0,0.0,3.931942635754484,0.0,0.0,0.0,0.0,0.0,0.0
image_04152.png,1,"[0, 0, 0, 0, 0, 0]",4152,0.0,-10.233888764804902,1.0511880456891878,0.0,0.0,-4.629288861852664,0.0,0.0,0.0,0.0,0.0,0.0
image_04153.png,1,"[0, 0, 0, 0, 0, 0]",4153,0.0,-7.412042186113908,-1.905694743532509,0.0,0.0,-1.4161266413330829,0.0,0.0,0.0,0.0,0.0,0.0
image_04154.png,1,"[0, 0, 0, 0, 0, 0]",4154,0.0,3.142635675334965,-1.4888877323764544,0.0,0.0,-0.9910181514059863,0.0,0.0,0.0,0.0,0.0,0.0
image_04155.png,1,"[0, 0, 0, 0, 0, 0]",4155,0.0,9.740210099542978,-1.493932484482141,0.0,0.0,8.18416180143486,0.0,0.0,0.0,0.0,0.0,0.0
image_04156.png,1,"[0, 0, 0, 0, 0, 0]",4156,0.0,7.730943628441537,-0.5355317065359373,0.0,0.0,2.9642046743219805,0.0,0.0,0.0,0.0,0.0,0.0
image_04157.png,1,"[0, 0, 0, 0, 0, 0]",4157,0.0,7.38783889316349,5.233823429849315,0.0,0.0,2.2131795417980595,0.0,0.0,0.0,0.0,0.0,0.0
image_04158.png,1,"[0, 0, 0, 0, 0, 0]",4158,0.0,-11.804943734803757,3.707881234209231,0.0,0.0,0.9093418216289589,0.0,0.0,0.0,0.0,0.0,0.0
image_04159.png,1,"[0, 0, 0, 0, 0, 0]",4159,0.0,-3.2273379011523957,4.352053516123186,0.0,0.0,-2.4614813339326043,0.0,0.0,0.0,0.0,0.0,0.0
image_04160.png,1,"[0, 0, 0, 0, 0, 0]",4160,0.0,-4.395735706200327,2.6436658595817812,0.0,0.0,-4.27684550976181,0.0,0.0,0.0,0.0,0.0,0.0
image_04161.png,1,"[0, 0, 0, 0, 0, 0]",4161,0.0,-7.565689512337869,-1.5004847976221218,0.0,0.0,-1.4928063389268151,0.0,0.0,0.0,0.0,0.0,0.0
image_04162.png,1,"[0, 0, 0, 0, 0, 0]",4162,0.0,-1.1540522677234009,2.7025690924030235,0.0,0.0,13.59193607289921,0.0,0.0,0.0,0.0,0.0,0.0
image_04163.png,1,"[0, 0, 0, 0, 0, 0]",4163,0.0,-4.779371316810028,3.0247784303846084,0.0,0.0,-0.12171104271939373,0.0,0.0,0.0,0.0,0.0,0.0
image_04164.png,1,"[0, 0, 0, 0, 0, 0]",4164,0.0,-12.868317815289842,2.0304520316758037,0.0,0.0,-6.539971407905573,0.0,0.0,0.0,0.0,0.0,0.0
image_04165.png,1,"[0, 0, 0, 0, 0, 0]",4165,0.0,0.1029957775907917,-1.1633351796485694,0.0,0.0,-0.6320623871808451,0.0,0.0,0.0,0.0,0.0,0.0
image_04166.png,1,"[0, 0, 0, 0, 0, 0]",4166,0.0,2.01788436023714,-0.2487640145127583,0.0,0.0,8.549913351925333,0.0,0.0,0.0,0.0,0.0,0.0
image_04167.png,1,"[0, 0, 0, 0, 0, 0]",4167,0.0,6.607777702839002,2.833656896733257,0.0,0.0,-7.829496478794462,0.0,0.0,0.0,0.0,0.0,0.0
image_04168.png,1,"[0, 0, 0, 0, 0, 0]",4168,0.0,-6.994445677120652,5.041663833440911,0.0,0.0,11.837196650427511,0.0,0.0,0.0,0.0,0.0,0.0
image_04169.png,1,"[0, 0, 0, 0, 0, 0]",4169,0.0,9.487294296620092,2.138438289942143,0.0,0.0,8.126077684579506,0.0,0.0,0.0,0.0,0.0,0.0
image_04170.png,1,"[0, 0, 0, 0, 0, 0]",4170,0.0,-6.417983388011592,-0.6803942890993067,0.0,0.0,-0.259747816929273,0.0,0.0,0.0,0.0,0.0,0.0
image_04171.png,1,"[0, 0, 0, 0, 0, 0]",4171,0.0,-9.559204633712227,2.224720613936234,0.0,0.0,7.195986772515671,0.0,0.0,0.0,0.0,0.0,0.0
image_04172.png,1,"[0, 0, 0, 0, 0, 0]",4172,0.0,-8.678097548830891,2.629414632033371,0.0,0.0,-2.7687094921144606,0.0,0.0,0.0,0.0,0.0,0.0
image_04173.png,1,"[0, 0, 0, 0, 0, 0]",4173,0.0,9.860742743870958,1.2977021498536172,0.0,0.0,3.404393746959978,0.0,0.0,0.0,0.0,0.0,0.0
image_04174.png,1,"[0, 0, 0, 0, 0, 0]",4174,0.0,-9.336621702912169,4.412171712960931,0.0,0.0,4.41587214197124,0.0,0.0,0.0,0.0,0.0,0.0
image_04175.png,1,"[0, 0, 0, 0, 0, 0]",4175,0.0,13.885713741479293,-1.7822177172934244,0.0,0.0,-7.074967397919977,0.0,0.0,0.0,0.0,0.0,0.0
image_04176.png,1,"[0, 0, 0, 0, 0, 0]",4176,0.0,0.4110208796426633,-0.7656350473677072,0.0,0.0,-0.5356919745376941,0.0,0.0,0.0,0.0,0.0,0.0
image_04177.png,1,"[0, 0, 0, 0, 0, 0]",4177,0.0,-5.949022318379065,1.5192095809692523,0.0,0.0,2.559512396271769,0.0,0.0,0.0,0.0,0.0,0.0
image_04178.png,1,"[0, 0, 0, 0, 0, 0]",4178,0.0,-10.367572694242256,5.051421035149961,0.0,0.0,17.472743346639472,0.0,0.0,0.0,0.0,0.0,0.0
image_04179.png,1,"[0, 0, 0, 0, 0, 0]",4179,0.0,0.6401213735458171,0.47172023917208694,0.0,0.0,15.27677123424065,0.0,0.0,0.0,0.0,0.0,0.0
image_04180.png,1,"[0, 0, 0, 0, 0, 0]",4180,0.0,-3.393057092769027,3.968052382148578,0.0,0.0,11.804198697880324,0.0,0.0,0.0,0.0,0.0,0.0
image_04181.png,1,"[0, 0, 0, 0, 0, 0]",4181,0.0,5.913692127014215,-1.9671448732116126,0.0,0.0,11.599467033607192,0.0,0.0,0.0,0.0,0.0,0.0
image_04182.png,1,"[0, 0, 0, 0, 0, 0]",4182,0.0,-4.145856056593345,3.528725312937322,0.0,0.0,-0.05933918802658358,0.0,0.0,0.0,0.0,0.0,0.0
image_04183.png,1,"[0, 0, 0, 0, 0, 0]",4183,0.0,3.2947933434278127,2.5938137576906293,0.0,0.0,-2.874034243035316,0.0,0.0,0.0,0.0,0.0,0.0
image_04184.png,1,"[0, 0, 0, 0, 0, 0]",4184,0.0,3.3377548399066157,2.228498717637576,0.0,0.0,1.9668084191472202,0.0,0.0,0.0,0.0,0.0,0.0
image_04185.png,1,"[0, 0, 0, 0, 0, 0]",4185,0.0,0.44642798165402553,4.47255834039029,0.0,0.0,-11.765269740030824,0.0,0.0,0.0,0.0,0.0,0.0
image_04186.png,1,"[0, 0, 0, 0, 0, 0]",4186,0.0,10.952322452177775,4.074883367472094,0.0,0.0,7.844002658060127,0.0,0.0,0.0,0.0,0.0,0.0
image_04187.png,1,"[0, 0, 0, 0, 0, 0]",4187,0.0,9.909908586565685,-0.3518182384829651,0.0,0.0,7.185127665115052,0.0,0.0,0.0,0.0,0.0,0.0
image_04188.png,1,"[0, 0, 0, 0, 0, 0]",4188,0.0,-2.04850461596169,1.2180978921609045,0.0,0.0,3.192312704189103,0.0,0.0,0.0,0.0,0.0,0.0
image_04189.png,1,"[0, 0, 0, 0, 0, 0]",4189,0.0,1.2142312184549695,4.884756859977342,0.0,0.0,4.364075414947491,0.0,0.0,0.0,0.0,0.0,0.0
image_04190.png,1,"[0, 0, 0, 0, 0, 0]",4190,0.0,-11.427052268387683,0.4735572582153864,0.0,0.0,-9.125407513923227,0.0,0.0,0.0,0.0,0.0,0.0
image_04191.png,1,"[0, 0, 0, 0, 0, 0]",4191,0.0,8.573630060083573,2.3774249120887907,0.0,0.0,-3.52587026819324,0.0,0.0,0.0,0.0,0.0,0.0
image_04192.png,1,"[0, 0, 0, 0, 0, 0]",4192,0.0,11.070412105025056,0.40970371075271084,0.0,0.0,3.9174119050710177,0.0,0.0,0.0,0.0,0.0,0.0
image_04193.png,1,"[0, 0, 0, 0, 0, 0]",4193,0.0,-9.915661242860793,0.5094853744319128,0.0,0.0,4.576861143648072,0.0,0.0,0.0,0.0,0.0,0.0
image_04194.png,1,"[0, 0, 0, 0, 0, 0]",4194,0.0,6.730813828356872,3.3639389220597975,0.0,0.0,-0.3847109061865612,0.0,0.0,0.0,0.0,0.0,0.0
image_04195.png,1,"[0, 0, 0, 0, 0, 0]",4195,0.0,-7.15236327277249,3.1976032526582276,0.0,0.0,2.0941931086379104,0.0,0.0,0.0,0.0,0.0,0.0
image_04196.png,1,"[0, 0, 0, 0, 0, 0]",4196,0.0,-0.15472156224189604,4.3633842271283,0.0,0.0,2.3379715755641888,0.0,0.0,0.0,0.0,0.0,0.0
image_04197.png,1,"[0, 0, 0, 0, 0, 0]",4197,0.0,-5.568274172081274,-1.3011613465714822,0.0,0.0,6.0060665458174665,0.0,0.0,0.0,0.0,0.0,0.0
image_04198.png,1,"[0, 0, 0, 0, 0, 0]",4198,0.0,0.8553299858471917,0.8732549341158715,0.0,0.0,-6.269737492482694,0.0,0.0,0.0,0.0,0.0,0.0
image_04199.png,1,"[0, 0, 0, 0, 0, 0]",4199,0.0,-7.375451597577097,2.578138003133529,0.0,0.0,-1.7619547090367444,0.0,0.0,0.0,0.0,0.0,0.0
image_04200.png,1,"[0, 0, 0, 0, 0, 0]",4200,0.0,2.1970386296041937,1.7144577094699418,0.0,0.0,8.495091650713125,0.0,0.0,0.0,0.0,0.0,0.0
image_04201.png,1,"[0, 0, 0, 0, 0, 0]",4201,0.0,9.311103916771025,2.4828763713067863,0.0,0.0,0.5156684098429045,0.0,0.0,0.0,0.0,0.0,0.0
image_04202.png,1,"[0, 0, 0, 0, 0, 0]",4202,0.0,3.2349011971984822,2.821818380009682,0.0,0.0,-6.227512082403274,0.0,0.0,0.0,0.0,0.0,0.0
image_04203.png,1,"[0, 0, 0, 0, 0, 0]",4203,0.0,-2.412950990699386,2.972447786608039,0.0,0.0,-7.632256683931278,0.0,0.0,0.0,0.0,0.0,0.0
image_04204.png,1,"[0, 0, 0, 0, 0, 0]",4204,0.0,4.36037840026745,-0.22744736343026006,0.0,0.0,-3.610008836654113,0.0,0.0,0.0,0.0,0.0,0.0
image_04205.png,1,"[0, 0, 0, 0, 0, 0]",4205,0.0,-12.96380465078235,1.277877895483377,0.0,0.0,7.398399256942572,0.0,0.0,0.0,0.0,0.0,0.0
image_04206.png,1,"[0, 0, 0, 0, 0, 0]",4206,0.0,0.6647540246061681,2.249314774466269,0.0,0.0,-5.793227371663808,0.0,0.0,0.0,0.0,0.0,0.0
image_04207.png,1,"[0, 0, 0, 0, 0, 0]",4207,0.0,3.2147048964105664,1.9052063585757795,0.0,0.0,1.5900490050638907,0.0,0.0,0.0,0.0,0.0,0.0
image_04208.png,1,"[0, 0, 0, 0, 0, 0]",4208,0.0,11.242581037125632,4.309749816777997,0.0,0.0,-0.5873332602560043,0.0,0.0,0.0,0.0,0.0,0.0
image_04209.png,1,"[0, 0, 0, 0, 0, 0]",4209,0.0,-1.1273420040504902,3.838426199553548,0.0,0.0,-12.80402383875926,0.0,0.0,0.0,0.0,0.0,0.0
image_04210.png,1,"[0, 0, 0, 0, 0, 0]",4210,0.0,3.902069451283282,4.5923716421087875,0.0,0.0,4.140697951128678,0.0,0.0,0.0,0.0,0.0,0.0
image_04211.png,1,"[0, 0, 0, 0, 0, 0]",4211,0.0,8.908692766125938,-1.1988094441478117,0.0,0.0,5.0906394828911266,0.0,0.0,0.0,0.0,0.0,0.0
image_04212.png,1,"[0, 0, 0, 0, 0, 0]",4212,0.0,-9.479964287077564,0.6526390067611567,0.0,0.0,0.7259600840635221,0.0,0.0,0.0,0.0,0.0,0.0
image_04213.png,1,"[0, 0, 0, 0, 0, 0]",4213,0.0,-11.66158362714502,-0.41598396590109266,0.0,0.0,8.943442595542688,0.0,0.0,0.0,0.0,0.0,0.0
image_04214.png,1,"[0, 0, 0, 0, 0, 0]",4214,0.0,9.822297053731248,0.6707275494328004,0.0,0.0,-2.790839789967268,0.0,0.0,0.0,0.0,0.0,0.0
image_04215.png,1,"[0, 0, 0, 0, 0, 0]",4215,0.0,1.5120150772122543,1.8839806540582336,0.0,0.0,0.26720758979255443,0.0,0.0,0.0,0.0,0.0,0.0
image_04216.png,1,"[0, 0, 0, 0, 0, 0]",4216,0.0,5.928477075811543,2.9624596484374965,0.0,0.0,3.5139569529142216,0.0,0.0,0.0,0.0,0.0,0.0
image_04217.png,1,"[0, 0, 0, 0, 0, 0]",4217,0.0,12.021630929032,0.004851547677267476,0.0,0.0,8.554611840778191,0.0,0.0,0.0,0.0,0.0,0.0
image_04218.png,1,"[0, 0, 0, 0, 0, 0]",4218,0.0,-10.480935069173128,3.7857482912388605,0.0,0.0,-7.293545600868282,0.0,0.0,0.0,0.0,0.0,0.0
image_04219.png,1,"[0, 0, 0, 0, 0, 0]",4219,0.0,8.297162006076618,0.8105008902529973,0.0,0.0,2.9578715910605595,0.0,0.0,0.0,0.0,0.0,0.0
image_04220.png,1,"[0, 0, 0, 0, 0, 0]",4220,0.0,-2.6346065543582,-0.9771714529241167,0.0,0.0,1.3637026211024295,0.0,0.0,0.0,0.0,0.0,0.0
image_04221.png,1,"[0, 0, 0, 0, 0, 0]",4221,0.0,1.5303219507576387,-0.36038913103779735,0.0,0.0,0.6925474972300805,0.0,0.0,0.0,0.0,0.0,0.0
image_04222.png,1,"[0, 0, 0, 0, 0, 0]",4222,0.0,2.2836132884471283,0.22803614481628864,0.0,0.0,13.240596127158316,0.0,0.0,0.0,0.0,0.0,0.0
image_04223.png,1,"[0, 0, 0, 0, 0, 0]",4223,0.0,-11.860032914773782,1.8693512159488543,0.0,0.0,-0.1515552477534282,0.0,0.0,0.0,0.0,0.0,0.0
image_04224.png,1,"[0, 0, 0, 0, 0, 0]",4224,0.0,-6.027251560094058,-1.5691700241527087,0.0,0.0,-6.754919276936798,0.0,0.0,0.0,0.0,0.0,0.0
image_04225.png,1,"[0, 0, 0, 0, 0, 0]",4225,0.0,-6.931658070433613,3.5009304585776704,0.0,0.0,2.49893020696597,0.0,0.0,0.0,0.0,0.0,0.0
image_04226.png,1,"[0, 0, 0, 0, 0, 0]",4226,0.0,3.586438059704875,4.303698075667,0.0,0.0,-7.477226264977176,0.0,0.0,0.0,0.0,0.0,0.0
image_04227.png,1,"[0, 0, 0, 0, 0, 0]",4227,0.0,9.793907338233574,1.6438551923031346,0.0,0.0,9.412957876901638,0.0,0.0,0.0,0.0,0.0,0.0
image_04228.png,1,"[0, 0, 0, 0, 0, 0]",4228,0.0,-7.51504475625967,-1.7023914112913912,0.0,0.0,-4.0366858253014835,0.0,0.0,0.0,0.0,0.0,0.0
image_04229.png,1,"[0, 0, 0, 0, 0, 0]",4229,0.0,9.221537222251825,1.4655968944045896,0.0,0.0,5.991284450706445,0.0,0.0,0.0,0.0,0.0,0.0
image_04230.png,1,"[0, 0, 0, 0, 0, 0]",4230,0.0,-9.872820844549409,-0.6406303045865098,0.0,0.0,0.44951455499731985,0.0,0.0,0.0,0.0,0.0,0.0
image_04231.png,1,"[0, 0, 0, 0, 0, 0]",4231,0.0,-3.6319671933470303,0.8958215486293586,0.0,0.0,-2.2593291289343966,0.0,0.0,0.0,0.0,0.0,0.0
image_04232.png,1,"[0, 0, 0, 0, 0, 0]",4232,0.0,2.2872060228187223,0.5852899163341898,0.0,0.0,-4.9678914937875,0.0,0.0,0.0,0.0,0.0,0.0
image_04233.png,1,"[0, 0, 0, 0, 0, 0]",4233,0.0,-8.993248916055904,0.0383999943612503,0.0,0.0,-1.9977305512548773,0.0,0.0,0.0,0.0,0.0,0.0
image_04234.png,1,"[0, 0, 0, 0, 0, 0]",4234,0.0,0.7284578129924313,0.7114224205236197,0.0,0.0,-4.572097952424557,0.0,0.0,0.0,0.0,0.0,0.0
image_04235.png,1,"[0, 0, 0, 0, 0, 0]",4235,0.0,-10.020364367044209,4.964196824168989,0.0,0.0,-10.477335696173721,0.0,0.0,0.0,0.0,0.0,0.0
image_04236.png,1,"[0, 0, 0, 0, 0, 0]",4236,0.0,13.227845948288007,4.1772886633862365,0.0,0.0,-11.625068497578827,0.0,0.0,0.0,0.0,0.0,0.0
image_04237.png,1,"[0, 0, 0, 0, 0, 0]",4237,0.0,-9.991924052362279,-0.8355196438289894,0.0,0.0,2.3592579880087916,0.0,0.0,0.0,0.0,0.0,0.0
image_04238.png,1,"[0, 0, 0, 0, 0, 0]",4238,0.0,-12.291266873055605,-1.9133415688387136,0.0,0.0,-2.2456808395017127,0.0,0.0,0.0,0.0,0.0,0.0
image_04239.png,1,"[0, 0, 0, 0, 0, 0]",4239,0.0,-10.723726975627528,2.881765189633559,0.0,0.0,-3.638620181892753,0.0,0.0,0.0,0.0,0.0,0.0
image_04240.png,1,"[0, 0, 0, 0, 0, 0]",4240,0.0,-5.631760069979293,3.3521159954550583,0.0,0.0,-0.027230148381584385,0.0,0.0,0.0,0.0,0.0,0.0
image_04241.png,1,"[0, 0, 0, 0, 0, 0]",4241,0.0,13.60209913987002,4.965138894958426,0.0,0.0,6.086300299464673,0.0,0.0,0.0,0.0,0.0,0.0
image_04242.png,1,"[0, 0, 0, 0, 0, 0]",4242,0.0,2.0497936347249492,3.2049485495939836,0.0,0.0,1.6789458262551653,0.0,0.0,0.0,0.0,0.0,0.0
image_04243.png,1,"[0, 0, 0, 0, 0, 0]",4243,0.0,5.051713149159966,4.468265151378678,0.0,0.0,6.735727858290181,0.0,0.0,0.0,0.0,0.0,0.0
image_04244.png,1,"[0, 0, 0, 0, 0, 0]",4244,0.0,-5.819802227239322,1.1394643647347338,0.0,0.0,7.022935534397084,0.0,0.0,0.0,0.0,0.0,0.0
image_04245.png,1,"[0, 0, 0, 0, 0, 0]",4245,0.0,-5.557602571237382,2.297943563097669,0.0,0.0,12.253987290760646,0.0,0.0,0.0,0.0,0.0,0.0
image_04246.png,1,"[0, 0, 0, 0, 0, 0]",4246,0.0,-4.641818888901355,2.88850803556654,0.0,0.0,7.4236452498838545,0.0,0.0,0.0,0.0,0.0,0.0
image_04247.png,1,"[0, 0, 0, 0, 0, 0]",4247,0.0,-4.126522690747365,-1.9412728000064543,0.0,0.0,-9.24749963082544,0.0,0.0,0.0,0.0,0.0,0.0
image_04248.png,1,"[0, 0, 0, 0, 0, 0]",4248,0.0,10.938053843643502,3.0701649809277827,0.0,0.0,-1.3305807027865544,0.0,0.0,0.0,0.0,0.0,0.0
image_04249.png,1,"[0, 0, 0, 0, 0, 0]",4249,0.0,12.737770058278315,0.42064000066059526,0.0,0.0,3.9311965876469763,0.0,0.0,0.0,0.0,0.0,0.0
image_04250.png,1,"[0, 0, 0, 0, 0, 0]",4250,0.0,-5.167904539579524,5.300622990134601,0.0,0.0,7.797354617748087,0.0,0.0,0.0,0.0,0.0,0.0
image_04251.png,1,"[0, 0, 0, 0, 0, 0]",4251,0.0,7.298430067485796,3.216269712008856,0.0,0.0,-7.000065855019071,0.0,0.0,0.0,0.0,0.0,0.0
image_04252.png,1,"[0, 0, 0, 0, 0, 0]",4252,0.0,-0.963649721715953,5.278246180563472,0.0,0.0,1.092185564810053,0.0,0.0,0.0,0.0,0.0,0.0
image_04253.png,1,"[0, 0, 0, 0, 0, 0]",4253,0.0,1.0319057808033136,2.2935017326055362,0.0,0.0,-7.648937109585328,0.0,0.0,0.0,0.0,0.0,0.0
image_04254.png,1,"[0, 0, 0, 0, 0, 0]",4254,0.0,-5.6832686183960845,3.3147291663340086,0.0,0.0,-9.403959712217501,0.0,0.0,0.0,0.0,0.0,0.0
image_04255.png,1,"[0, 0, 0, 0, 0, 0]",4255,0.0,-10.624423310747616,4.700012524999932,0.0,0.0,0.8036652739936038,0.0,0.0,0.0,0.0,0.0,0.0
image_04256.png,1,"[0, 0, 0, 0, 0, 0]",4256,0.0,-1.632555602752916,-0.8900155023870739,0.0,0.0,-6.704376150930375,0.0,0.0,0.0,0.0,0.0,0.0
image_04257.png,1,"[0, 0, 0, 0, 0, 0]",4257,0.0,10.291501588003683,1.142759808157459,0.0,0.0,-3.0646564208135194,0.0,0.0,0.0,0.0,0.0,0.0
image_04258.png,1,"[0, 0, 0, 0, 0, 0]",4258,0.0,-8.133910389521645,3.8474137701742617,0.0,0.0,-8.683819189556292,0.0,0.0,0.0,0.0,0.0,0.0
image_04259.png,1,"[0, 0, 0, 0, 0, 0]",4259,0.0,-8.991609493966635,2.5516066913786517,0.0,0.0,-14.397672611132574,0.0,0.0,0.0,0.0,0.0,0.0
image_04260.png,1,"[0, 0, 0, 0, 0, 0]",4260,0.0,1.8618711374804064,5.265419745678793,0.0,0.0,8.286743322053573,0.0,0.0,0.0,0.0,0.0,0.0
image_04261.png,1,"[0, 0, 0, 0, 0, 0]",4261,0.0,12.42559516182834,4.099519893962524,0.0,0.0,-2.9321667035197505,0.0,0.0,0.0,0.0,0.0,0.0
image_04262.png,1,"[0, 0, 0, 0, 0, 0]",4262,0.0,10.834545261534764,1.3040250221148666,0.0,0.0,-10.861067702699055,0.0,0.0,0.0,0.0,0.0,0.0
image_04263.png,1,"[0, 0, 0, 0, 0, 0]",4263,0.0,6.873721919619719,3.275089907198005,0.0,0.0,-3.755980677571378,0.0,0.0,0.0,0.0,0.0,0.0
image_04264.png,1,"[0, 0, 0, 0, 0, 0]",4264,0.0,-0.22951177584064908,1.5386374268051464,0.0,0.0,-7.915975623648295,0.0,0.0,0.0,0.0,0.0,0.0
image_04265.png,1,"[0, 0, 0, 0, 0, 0]",4265,0.0,-10.241998437617127,3.119192816627847,0.0,0.0,-7.6181021627683485,0.0,0.0,0.0,0.0,0.0,0.0
image_04266.png,1,"[0, 0, 0, 0, 0, 0]",4266,0.0,8.061579806901491,3.5489147844609237,0.0,0.0,4.512647237509259,0.0,0.0,0.0,0.0,0.0,0.0
image_04267.png,1,"[0, 0, 0, 0, 0, 0]",4267,0.0,-3.347302111416681,5.171962318324666,0.0,0.0,-0.6862641498189153,0.0,0.0,0.0,0.0,0.0,0.0
image_04268.png,1,"[0, 0, 0, 0, 0, 0]",4268,0.0,-11.226091901237766,-1.2891207809694527,0.0,0.0,-4.13857025800715,0.0,0.0,0.0,0.0,0.0,0.0
image_04269.png,1,"[0, 0, 0, 0, 0, 0]",4269,0.0,10.77506797984158,-1.030675112377328,0.0,0.0,-3.8453924993040576,0.0,0.0,0.0,0.0,0.0,0.0
image_04270.png,1,"[0, 0, 0, 0, 0, 0]",4270,0.0,-2.978122318478917,-0.2650982568971989,0.0,0.0,-4.378476311721557,0.0,0.0,0.0,0.0,0.0,0.0
image_04271.png,1,"[0, 0, 0, 0, 0, 0]",4271,0.0,6.507009940484785,-0.7516219419135028,0.0,0.0,-4.491619184257193,0.0,0.0,0.0,0.0,0.0,0.0
image_04272.png,1,"[0, 0, 0, 0, 0, 0]",4272,0.0,-4.276508499014639,3.755780078583194,0.0,0.0,3.737557198840475,0.0,0.0,0.0,0.0,0.0,0.0
image_04273.png,1,"[0, 0, 0, 0, 0, 0]",4273,0.0,6.465284963997171,2.565699947541379,0.0,0.0,-0.9271375458797672,0.0,0.0,0.0,0.0,0.0,0.0
image_04274.png,1,"[0, 0, 0, 0, 0, 0]",4274,0.0,-9.533989539898798,1.9679348787398352,0.0,0.0,10.807190065371024,0.0,0.0,0.0,0.0,0.0,0.0
image_04275.png,1,"[0, 0, 0, 0, 0, 0]",4275,0.0,12.833128997592866,2.082167417926586,0.0,0.0,-7.858110788579434,0.0,0.0,0.0,0.0,0.0,0.0
image_04276.png,1,"[0, 0, 0, 0, 0, 0]",4276,0.0,6.02356175909307,0.10873836293547967,0.0,0.0,-0.6305843283117469,0.0,0.0,0.0,0.0,0.0,0.0
image_04277.png,1,"[0, 0, 0, 0, 0, 0]",4277,0.0,4.557297464300589,-0.9208433441181099,0.0,0.0,20.0,0.0,0.0,0.0,0.0,0.0,0.0
image_04278.png,1,"[0, 0, 0, 0, 0, 0]",4278,0.0,-10.431162170630216,4.658201219126801,0.0,0.0,-16.717877036294254,0.0,0.0,0.0,0.0,0.0,0.0
image_04279.png,1,"[0, 0, 0, 0, 0, 0]",4279,0.0,-13.521563709281281,3.7782015037559047,0.0,0.0,-1.594939483194273,0.0,0.0,0.0,0.0,0.0,0.0
image_04280.png,1,"[0, 0, 0, 0, 0, 0]",4280,0.0,8.570554683547876,4.893633698143136,0.0,0.0,-7.345646907508574,0.0,0.0,0.0,0.0,0.0,0.0
image_04281.png,1,"[0, 0, 0, 0, 0, 0]",4281,0.0,-7.012488784736448,-0.9482105447209936,0.0,0.0,0.7836498645994603,0.0,0.0,0.0,0.0,0.0,0.0
image_04282.png,1,"[0, 0, 0, 0, 0, 0]",4282,0.0,12.791944574616714,1.192476201661076,0.0,0.0,8.506456713667486,0.0,0.0,0.0,0.0,0.0,0.0
image_04283.png,1,"[0, 0, 0, 0, 0, 0]",4283,0.0,-2.582357288750231,-0.7446413464461976,0.0,0.0,-20.0,0.0,0.0,0.0,0.0,0.0,0.0
image_04284.png,1,"[0, 0, 0, 0, 0, 0]",4284,0.0,12.104611440898381,1.9697317419510947,0.0,0.0,5.297722499076043,0.0,0.0,0.0,0.0,0.0,0.0
image_04285.png,1,"[0, 0, 0, 0, 0, 0]",4285,0.0,12.831280551933034,-0.3004995862405264,0.0,0.0,-4.249177435348648,0.0,0.0,0.0,0.0,0.0,0.0
image_04286.png,1,"[0, 0, 0, 0, 0, 0]",4286,0.0,1.8120175641406888,5.094179132715666,0.0,0.0,-0.17931638752753395,0.0,0.0,0.0,0.0,0.0,0.0
image_04287.png,1,"[0, 0, 0, 0, 0, 0]",4287,0.0,-7.452317783574415,3.6025241797298246,0.0,0.0,2.5857477511194067,0.0,0.0,0.0,0.0,0.0,0.0
image_04288.png,1,"[0, 0, 0, 0, 0, 0]",4288,0.0,7.970077338007101,-1.391217648056558,0.0,0.0,-0.33976891570225626,0.0,0.0,0.0,0.0,0.0,0.0
image_04289.png,1,"[0, 0, 0, 0, 0, 0]",4289,0.0,1.878690157895221,-0.3893542443231286,0.0,0.0,9.55275332248878,0.0,0.0,0.0,0.0,0.0,0.0
image_04290.png,1,"[0, 0, 0, 0, 0, 0]",4290,0.0,-5.8775536928130805,-1.7465629412724843,0.0,0.0,5.453938234830619,0.0,0.0,0.0,0.0,0.0,0.0
image_04291.png,1,"[0, 0, 0, 0, 0, 0]",4291,0.0,-1.1520855967580133,-1.7657438095720006,0.0,0.0,-10.63001763900472,0.0,0.0,0.0,0.0,0.0,0.0
image_04292.png,1,"[0, 0, 0, 0, 0, 0]",4292,0.0,5.378051445082747,3.455214585317181,0.0,0.0,-0.6613467014169816,0.0,0.0,0.0,0.0,0.0,0.0
image_04293.png,1,"[0, 0, 0, 0, 0, 0]",4293,0.0,-4.191350694876306,4.7286873760391215,0.0,0.0,-0.4781098417298027,0.0,0.0,0.0,0.0,0.0,0.0
image_04294.png,1,"[0, 0, 0, 0, 0, 0]",4294,0.0,-6.319628342221677,-0.5608049350136266,0.0,0.0,7.596323705437859,0.0,0.0,0.0,0.0,0.0,0.0
image_04295.png,1,"[0, 0, 0, 0, 0, 0]",4295,0.0,-10.75445914832909,-1.5126821278763682,0.0,0.0,-8.296372180105642,0.0,0.0,0.0,0.0,0.0,0.0
image_04296.png,1,"[0, 0, 0, 0, 0, 0]",4296,0.0,2.528995096826435,4.524129397671366,0.0,0.0,6.250487993120768,0.0,0.0,0.0,0.0,0.0,0.0
image_04297.png,1,"[0, 0, 0, 0, 0, 0]",4297,0.0,-3.181288045009623,4.035561103526897,0.0,0.0,-13.694040752946831,0.0,0.0,0.0,0.0,0.0,0.0
image_04298.png,1,"[0, 0, 0, 0, 0, 0]",4298,0.0,-6.76796403095112,4.560023045270309,0.0,0.0,-1.9048153527690408,0.0,0.0,0.0,0.0,0.0,0.0
image_04299.png,1,"[0, 0, 0, 0, 0, 0]",4299,0.0,0.10610060239346097,4.269366163705616,0.0,0.0,-0.5852960131205693,0.0,0.0,0.0,0.0,0.0,0.0
image_04300.png,1,"[0, 0, 0, 0, 0, 0]",4300,0.0,-7.6440157759632825,-0.5301852947145715,0.0,0.0,-3.4080196364877207,0.0,0.0,0.0,0.0,0.0,0.0
image_04301.png,1,"[0, 0, 0, 0, 0, 0]",4301,0.0,-0.08250522605177935,0.3503681568239201,0.0,0.0,3.5524777329121613,0.0,0.0,0.0,0.0,0.0,0.0
image_04302.png,1,"[0, 0, 0, 0, 0, 0]",4302,0.0,5.944019114807233,0.3830564142792512,0.0,0.0,1.0006098316350536,0.0,0.0,0.0,0.0,0.0,0.0
image_04303.png,1,"[0, 0, 0, 0, 0, 0]",4303,0.0,-8.887017849172992,4.002790079239164,0.0,0.0,-18.697987619584257,0.0,0.0,0.0,0.0,0.0,0.0
image_04304.png,1,"[0, 0, 0, 0, 0, 0]",4304,0.0,-10.943023692197357,-1.2281868829664395,0.0,0.0,-12.58921164262557,0.0,0.0,0.0,0.0,0.0,0.0
image_04305.png,1,"[0, 0, 0, 0, 0, 0]",4305,0.0,10.850012480754529,5.025391786590436,0.0,0.0,-5.852652022628776,0.0,0.0,0.0,0.0,0.0,0.0
image_04306.png,1,"[0, 0, 0, 0, 0, 0]",4306,0.0,-7.941172582661352,-1.2012346697415688,0.0,0.0,-6.691056121168811,0.0,0.0,0.0,0.0,0.0,0.0
image_04307.png,1,"[0, 0, 0, 0, 0, 0]",4307,0.0,-11.539301212186587,-1.6581356671052792,0.0,0.0,-10.98842153071537,0.0,0.0,0.0,0.0,0.0,0.0
image_04308.png,1,"[0, 0, 0, 0, 0, 0]",4308,0.0,-3.1328363611799688,-1.822322126328256,0.0,0.0,-4.351670700499178,0.0,0.0,0.0,0.0,0.0,0.0
image_04309.png,1,"[0, 0, 0, 0, 0, 0]",4309,0.0,10.379841541157177,0.11600459793171236,0.0,0.0,-0.24236094682461223,0.0,0.0,0.0,0.0,0.0,0.0
image_04310.png,1,"[0, 0, 0, 0, 0, 0]",4310,0.0,-13.00034333024847,-0.34150429803269255,0.0,0.0,-11.730874725561062,0.0,0.0,0.0,0.0,0.0,0.0
image_04311.png,1,"[0, 0, 0, 0, 0, 0]",4311,0.0,-11.458082462502134,0.8141546730493467,0.0,0.0,-3.4064908013272537,0.0,0.0,0.0,0.0,0.0,0.0
image_04312.png,1,"[0, 0, 0, 0, 0, 0]",4312,0.0,0.561348826314692,-1.6604346985863476,0.0,0.0,-2.5464240787062895,0.0,0.0,0.0,0.0,0.0,0.0
image_04313.png,1,"[0, 0, 0, 0, 0, 0]",4313,0.0,-13.598726379436826,0.9632931823080368,0.0,0.0,-5.368502915306259,0.0,0.0,0.0,0.0,0.0,0.0
image_04314.png,1,"[0, 0, 0, 0, 0, 0]",4314,0.0,-3.3413250581069107,1.7723127457347747,0.0,0.0,-12.823396852389973,0.0,0.0,0.0,0.0,0.0,0.0
image_04315.png,1,"[0, 0, 0, 0, 0, 0]",4315,0.0,-7.437726348720261,4.961768416314308,0.0,0.0,-2.7401858263411025,0.0,0.0,0.0,0.0,0.0,0.0
image_04316.png,1,"[0, 0, 0, 0, 0, 0]",4316,0.0,8.840410462497488,1.327450522162438,0.0,0.0,3.5219966222095413,0.0,0.0,0.0,0.0,0.0,0.0
image_04317.png,1,"[0, 0, 0, 0, 0, 0]",4317,0.0,-12.220196170631269,0.4668993555541108,0.0,0.0,-3.461077360874822,0.0,0.0,0.0,0.0,0.0,0.0
image_04318.png,1,"[0, 0, 0, 0, 0, 0]",4318,0.0,-1.9721338214271142,0.8139592664121871,0.0,0.0,-0.3418611941531859,0.0,0.0,0.0,0.0,0.0,0.0
image_04319.png,1,"[0, 0, 0, 0, 0, 0]",4319,0.0,-10.569726035164877,3.774494067668029,0.0,0.0,-8.87170692400862,0.0,0.0,0.0,0.0,0.0,0.0
image_04320.png,1,"[0, 0, 0, 0, 0, 0]",4320,0.0,4.876716351209666,1.252252420544901,0.0,0.0,0.14245050067132992,0.0,0.0,0.0,0.0,0.0,0.0
image_04321.png,1,"[0, 0, 0, 0, 0, 0]",4321,0.0,-2.7217052570492797,2.090897445969616,0.0,0.0,11.854317708784121,0.0,0.0,0.0,0.0,0.0,0.0
image_04322.png,1,"[0, 0, 0, 0, 0, 0]",4322,0.0,8.318120776722587,2.182826365855327,0.0,0.0,2.77628467312938,0.0,0.0,0.0,0.0,0.0,0.0
image_04323.png,1,"[0, 0, 0, 0, 0, 0]",4323,0.0,-5.91581877223858,-0.3905763805378095,0.0,0.0,-1.1904607452633993,0.0,0.0,0.0,0.0,0.0,0.0
image_04324.png,1,"[0, 0, 0, 0, 0, 0]",4324,0.0,-11.90074027034919,3.9166586178171015,0.0,0.0,9.866825327802323,0.0,0.0,0.0,0.0,0.0,0.0
image_04325.png,1,"[0, 0, 0, 0, 0, 0]",4325,0.0,-3.1699753724947826,3.1307770252773484,0.0,0.0,-0.9747497712624429,0.0,0.0,0.0,0.0,0.0,0.0
image_04326.png,1,"[0, 0, 0, 0, 0, 0]",4326,0.0,1.483921885448737,-0.6889357631741351,0.0,0.0,0.7588151137021845,0.0,0.0,0.0,0.0,0.0,0.0
image_04327.png,1,"[0, 0, 0, 0, 0, 0]",4327,0.0,-13.244407388684479,0.17666749878017018,0.0,0.0,7.464029353229649,0.0,0.0,0.0,0.0,0.0,0.0
image_04328.png,1,"[0, 0, 0, 0, 0, 0]",4328,0.0,-8.91084523816464,4.308478283852209,0.0,0.0,-0.17661207974040366,0.0,0.0,0.0,0.0,0.0,0.0
image_04329.png,1,"[0, 0, 0, 0, 0, 0]",4329,0.0,10.875521092700708,4.862321719097858,0.0,0.0,4.402283935315593,0.0,0.0,0.0,0.0,0.0,0.0
image_04330.png,1,"[0, 0, 0, 0, 0, 0]",4330,0.0,4.012827452335728,4.259407630437364,0.0,0.0,-4.035204966907175,0.0,0.0,0.0,0.0,0.0,0.0
image_04331.png,1,"[0, 0, 0, 0, 0, 0]",4331,0.0,1.640169320962201,2.03886504651053,0.0,0.0,-1.8997334755881325,0.0,0.0,0.0,0.0,0.0,0.0
image_04332.png,1,"[0, 0, 0, 0, 0, 0]",4332,0.0,13.080331875486337,2.276821953907726,0.0,0.0,-4.044920303666007,0.0,0.0,0.0,0.0,0.0,0.0
image_04333.png,1,"[0, 0, 0, 0, 0, 0]",4333,0.0,-0.43368046679495365,-1.2053139846781367,0.0,0.0,0.5195917486093643,0.0,0.0,0.0,0.0,0.0,0.0
image_04334.png,1,"[0, 0, 0, 0, 0, 0]",4334,0.0,4.831696571382885,-1.616466506173206,0.0,0.0,1.658949706111347,0.0,0.0,0.0,0.0,0.0,0.0
image_04335.png,1,"[0, 0, 0, 0, 0, 0]",4335,0.0,-8.424289652067529,4.536659618456108,0.0,0.0,7.390702999583599,0.0,0.0,0.0,0.0,0.0,0.0
image_04336.png,1,"[0, 0, 0, 0, 0, 0]",4336,0.0,-5.760346522798301,1.6633569534905837,0.0,0.0,0.020480825205440024,0.0,0.0,0.0,0.0,0.0,0.0
image_04337.png,1,"[0, 0, 0, 0, 0, 0]",4337,0.0,-0.08786723292624288,5.309565232483163,0.0,0.0,10.41218745342179,0.0,0.0,0.0,0.0,0.0,0.0
image_04338.png,1,"[0, 0, 0, 0, 0, 0]",4338,0.0,-1.9239440391100828,5.443647367772807,0.0,0.0,-0.20036485029639534,0.0,0.0,0.0,0.0,0.0,0.0
image_04339.png,1,"[0, 0, 0, 0, 0, 0]",4339,0.0,12.981573276795991,-1.415550451253396,0.0,0.0,9.88330087447042,0.0,0.0,0.0,0.0,0.0,0.0
image_04340.png,1,"[0, 0, 0, 0, 0, 0]",4340,0.0,9.264386603884475,1.0119949046247556,0.0,0.0,-4.421553781869308,0.0,0.0,0.0,0.0,0.0,0.0
image_04341.png,1,"[0, 0, 0, 0, 0, 0]",4341,0.0,3.5570780727205573,-1.9822203818331312,0.0,0.0,-6.999866881632024,0.0,0.0,0.0,0.0,0.0,0.0
image_04342.png,1,"[0, 0, 0, 0, 0, 0]",4342,0.0,11.563922317002366,2.2695756568338545,0.0,0.0,2.4113360682487053,0.0,0.0,0.0,0.0,0.0,0.0
image_04343.png,1,"[0, 0, 0, 0, 0, 0]",4343,0.0,7.066700057733115,-1.017528605830336,0.0,0.0,-3.2266960170876353,0.0,0.0,0.0,0.0,0.0,0.0
image_04344.png,1,"[0, 0, 0, 0, 0, 0]",4344,0.0,-7.372258130304104,1.7274503487881487,0.0,0.0,-1.257409918562186,0.0,0.0,0.0,0.0,0.0,0.0
image_04345.png,1,"[0, 0, 0, 0, 0, 0]",4345,0.0,-3.529029588110653,0.4199731185915532,0.0,0.0,-4.0359675734276,0.0,0.0,0.0,0.0,0.0,0.0
image_04346.png,1,"[0, 0, 0, 0, 0, 0]",4346,0.0,6.815734824447816,-0.3644928384637245,0.0,0.0,20.0,0.0,0.0,0.0,0.0,0.0,0.0
image_04347.png,1,"[0, 0, 0, 0, 0, 0]",4347,0.0,-8.224534317248995,4.242141982111365,0.0,0.0,-15.479149488917946,0.0,0.0,0.0,0.0,0.0,0.0
image_04348.png,1,"[0, 0, 0, 0, 0, 0]",4348,0.0,-12.218469463479096,0.09301463695690604,0.0,0.0,2.7218276365156244,0.0,0.0,0.0,0.0,0.0,0.0
image_04349.png,1,"[0, 0, 0, 0, 0, 0]",4349,0.0,10.071651010652744,5.270330357284069,0.0,0.0,3.8428268639282286,0.0,0.0,0.0,0.0,0.0,0.0
image_04350.png,1,"[0, 0, 0, 0, 0, 0]",4350,0.0,-2.852991431780829,4.538713002820464,0.0,0.0,9.284378469396563,0.0,0.0,0.0,0.0,0.0,0.0
image_04351.png,1,"[0, 0, 0, 0, 0, 0]",4351,0.0,3.1506285544403383,0.7042168411424745,0.0,0.0,-1.1107379315946726,0.0,0.0,0.0,0.0,0.0,0.0
image_04352.png,1,"[0, 0, 0, 0, 0, 0]",4352,0.0,3.4435916187698794,4.123782825400938,0.0,0.0,-7.930118630796993,0.0,0.0,0.0,0.0,0.0,0.0
image_04353.png,1,"[0, 0, 0, 0, 0, 0]",4353,0.0,-2.9446619835788894,2.827407034247492,0.0,0.0,-11.49705365115695,0.0,0.0,0.0,0.0,0.0,0.0
image_04354.png,1,"[0, 0, 0, 0, 0, 0]",4354,0.0,-8.46956720318343,2.7500867400241376,0.0,0.0,2.25452138053369,0.0,0.0,0.0,0.0,0.0,0.0
image_04355.png,1,"[0, 0, 0, 0, 0, 0]",4355,0.0,-6.333633374038897,3.4133381096029227,0.0,0.0,-0.5895541263152205,0.0,0.0,0.0,0.0,0.0,0.0
image_04356.png,1,"[0, 0, 0, 0, 0, 0]",4356,0.0,-2.3692907036222124,2.8927239308443724,0.0,0.0,4.673740726205147,0.0,0.0,0.0,0.0,0.0,0.0
image_04357.png,1,"[0, 0, 0, 0, 0, 0]",4357,0.0,-13.826880999853202,0.4770912721599405,0.0,0.0,6.599622487920228,0.0,0.0,0.0,0.0,0.0,0.0
image_04358.png,1,"[0, 0, 0, 0, 0, 0]",4358,0.0,12.960639696016862,1.4045154870951562,0.0,0.0,-2.9657569935444523,0.0,0.0,0.0,0.0,0.0,0.0
image_04359.png,1,"[0, 0, 0, 0, 0, 0]",4359,0.0,8.1931130344814,0.6522527278028765,0.0,0.0,-2.1685036610841792,0.0,0.0,0.0,0.0,0.0,0.0
image_04360.png,1,"[0, 0, 0, 0, 0, 0]",4360,0.0,-4.101469003573655,-0.08642115084767932,0.0,0.0,-4.979340842495332,0.0,0.0,0.0,0.0,0.0,0.0
image_04361.png,1,"[0, 0, 0, 0, 0, 0]",4361,0.0,-2.562018386096902,-0.448730024401649,0.0,0.0,0.6141003922895301,0.0,0.0,0.0,0.0,0.0,0.0
image_04362.png,1,"[0, 0, 0, 0, 0, 0]",4362,0.0,3.223550332521789,4.1346991889025855,0.0,0.0,5.807170189462234,0.0,0.0,0.0,0.0,0.0,0.0
image_04363.png,1,"[0, 0, 0, 0, 0, 0]",4363,0.0,-8.540495225899136,5.291973410654229,0.0,0.0,13.522947850422874,0.0,0.0,0.0,0.0,0.0,0.0
image_04364.png,1,"[0, 0, 0, 0, 0, 0]",4364,0.0,-3.342286306685743,1.5134770681955447,0.0,0.0,-4.723639483328072,0.0,0.0,0.0,0.0,0.0,0.0
image_04365.png,1,"[0, 0, 0, 0, 0, 0]",4365,0.0,4.9004780686032205,4.3323515856819395,0.0,0.0,2.2461881938488477,0.0,0.0,0.0,0.0,0.0,0.0
image_04366.png,1,"[0, 0, 0, 0, 0, 0]",4366,0.0,8.62463781347816,3.742624339556448,0.0,0.0,-10.066319141825973,0.0,0.0,0.0,0.0,0.0,0.0
image_04367.png,1,"[0, 0, 0, 0, 0, 0]",4367,0.0,5.828467381102797,1.6047614781050656,0.0,0.0,-12.742914455813793,0.0,0.0,0.0,0.0,0.0,0.0
image_04368.png,1,"[0, 0, 0, 0, 0, 0]",4368,0.0,9.883313404096647,-0.7024891708621899,0.0,0.0,-4.583304188950769,0.0,0.0,0.0,0.0,0.0,0.0
image_04369.png,1,"[0, 0, 0, 0, 0, 0]",4369,0.0,13.572678725982684,4.517098211506039,0.0,0.0,12.398821807743941,0.0,0.0,0.0,0.0,0.0,0.0
image_04370.png,1,"[0, 0, 0, 0, 0, 0]",4370,0.0,-5.078592818025385,5.172372631326732,0.0,0.0,-5.490807514464011,0.0,0.0,0.0,0.0,0.0,0.0
image_04371.png,1,"[0, 0, 0, 0, 0, 0]",4371,0.0,11.667082544797807,0.9602124430719905,0.0,0.0,-4.2175412737079,0.0,0.0,0.0,0.0,0.0,0.0
image_04372.png,1,"[0, 0, 0, 0, 0, 0]",4372,0.0,0.7121967652541343,3.738182713712307,0.0,0.0,3.4082856919199815,0.0,0.0,0.0,0.0,0.0,0.0
image_04373.png,1,"[0, 0, 0, 0, 0, 0]",4373,0.0,9.965495056420934,1.0102833871905696,0.0,0.0,-14.657422953173903,0.0,0.0,0.0,0.0,0.0,0.0
image_04374.png,1,"[0, 0, 0, 0, 0, 0]",4374,0.0,8.40399047642137,3.810264124550832,0.0,0.0,-6.8998327588728525,0.0,0.0,0.0,0.0,0.0,0.0
image_04375.png,1,"[0, 0, 0, 0, 0, 0]",4375,0.0,1.4984429179160443,0.8675038695343735,0.0,0.0,14.506530014930188,0.0,0.0,0.0,0.0,0.0,0.0
image_04376.png,1,"[0, 0, 0, 0, 0, 0]",4376,0.0,-13.570733801456583,4.650016992286226,0.0,0.0,-7.48994539066085,0.0,0.0,0.0,0.0,0.0,0.0
image_04377.png,1,"[0, 0, 0, 0, 0, 0]",4377,0.0,6.8542213009273,0.38272734384754337,0.0,0.0,-6.709360750911442,0.0,0.0,0.0,0.0,0.0,0.0
image_04378.png,1,"[0, 0, 0, 0, 0, 0]",4378,0.0,-0.3256525418081253,3.62509920281534,0.0,0.0,-8.335054654622194,0.0,0.0,0.0,0.0,0.0,0.0
image_04379.png,1,"[0, 0, 0, 0, 0, 0]",4379,0.0,7.727575062542613,0.6211546149788303,0.0,0.0,-17.674893947452652,0.0,0.0,0.0,0.0,0.0,0.0
image_04380.png,1,"[0, 0, 0, 0, 0, 0]",4380,0.0,9.276419536717377,4.8645290230730875,0.0,0.0,-0.638041717259235,0.0,0.0,0.0,0.0,0.0,0.0
image_04381.png,1,"[0, 0, 0, 0, 0, 0]",4381,0.0,9.644276572835395,1.2627527296822132,0.0,0.0,4.12192521233364,0.0,0.0,0.0,0.0,0.0,0.0
image_04382.png,1,"[0, 0, 0, 0, 0, 0]",4382,0.0,6.512881871864799,3.9307518799264987,0.0,0.0,6.032483715025567,0.0,0.0,0.0,0.0,0.0,0.0
image_04383.png,1,"[0, 0, 0, 0, 0, 0]",4383,0.0,-11.960759708800893,0.021846788542239093,0.0,0.0,9.10245180745018,0.0,0.0,0.0,0.0,0.0,0.0
image_04384.png,1,"[0, 0, 0, 0, 0, 0]",4384,0.0,8.292828688430163,2.090817241625861,0.0,0.0,2.289703367206903,0.0,0.0,0.0,0.0,0.0,0.0
image_04385.png,1,"[0, 0, 0, 0, 0, 0]",4385,0.0,1.3736420061389936,2.9765784361669905,0.0,0.0,4.77405401422551,0.0,0.0,0.0,0.0,0.0,0.0
image_04386.png,1,"[0, 0, 0, 0, 0, 0]",4386,0.0,-4.47770107311365,1.7998666208562981,0.0,0.0,-12.85671013284925,0.0,0.0,0.0,0.0,0.0,0.0
image_04387.png,1,"[0, 0, 0, 0, 0, 0]",4387,0.0,12.0928298723706,0.7546087269558042,0.0,0.0,-2.57764263711156,0.0,0.0,0.0,0.0,0.0,0.0
image_04388.png,1,"[0, 0, 0, 0, 0, 0]",4388,0.0,-11.387594304370182,3.875744559740867,0.0,0.0,-3.241209160157708,0.0,0.0,0.0,0.0,0.0,0.0
image_04389.png,1,"[0, 0, 0, 0, 0, 0]",4389,0.0,-6.47130180063418,2.955458718148633,0.0,0.0,-12.146890755824224,0.0,0.0,0.0,0.0,0.0,0.0
image_04390.png,1,"[0, 0, 0, 0, 0, 0]",4390,0.0,0.26888763202600785,3.268710956707605,0.0,0.0,-5.183497313175743,0.0,0.0,0.0,0.0,0.0,0.0
image_04391.png,1,"[0, 0, 0, 0, 0, 0]",4391,0.0,2.2544159737742717,1.1955728711452118,0.0,0.0,0.6727774691900901,0.0,0.0,0.0,0.0,0.0,0.0
image_04392.png,1,"[0, 0, 0, 0, 0, 0]",4392,0.0,11.261735203737956,1.5028430353917037,0.0,0.0,-8.679876917923066,0.0,0.0,0.0,0.0,0.0,0.0
image_04393.png,1,"[0, 0, 0, 0, 0, 0]",4393,0.0,-5.17962010965843,-0.5629087794012104,0.0,0.0,-8.0990582870693,0.0,0.0,0.0,0.0,0.0,0.0
image_04394.png,1,"[0, 0, 0, 0, 0, 0]",4394,0.0,-12.325327782477515,0.12705240243411664,0.0,0.0,0.613925695689035,0.0,0.0,0.0,0.0,0.0,0.0
image_04395.png,1,"[0, 0, 0, 0, 0, 0]",4395,0.0,-12.37415544232745,5.433074336843709,0.0,0.0,-13.555363334681685,0.0,0.0,0.0,0.0,0.0,0.0
image_04396.png,1,"[0, 0, 0, 0, 0, 0]",4396,0.0,-13.236099779825594,-0.9754879028558698,0.0,0.0,20.0,0.0,0.0,0.0,0.0,0.0,0.0
image_04397.png,1,"[0, 0, 0, 0, 0, 0]",4397,0.0,-4.839617144266441,0.6253963144989156,0.0,0.0,-0.4748939827155658,0.0,0.0,0.0,0.0,0.0,0.0
image_04398.png,1,"[0, 0, 0, 0, 0, 0]",4398,0.0,-2.736478223974686,2.973519101485479,0.0,0.0,-5.343060196168983,0.0,0.0,0.0,0.0,0.0,0.0
image_04399.png,1,"[0, 0, 0, 0, 0, 0]",4399,0.0,-0.005092454651723699,1.3630303529186572,0.0,0.0,-20.0,0.0,0.0,0.0,0.0,0.0,0.0
image_04400.png,1,"[0, 0, 0, 0, 0, 0]",4400,0.0,-2.1095145914219984,-1.3664260790380967,0.0,0.0,14.911495619540329,0.0,0.0,0.0,0.0,0.0,0.0
image_04401.png,1,"[0, 0, 0, 0, 0, 0]",4401,0.0,-2.791798821907129,1.0065955720821727,0.0,0.0,-14.308126767771713,0.0,0.0,0.0,0.0,0.0,0.0
image_04402.png,1,"[0, 0, 0, 0, 0, 0]",4402,0.0,-9.059770591995374,3.3965355165442164,0.0,0.0,8.764837257366295,0.0,0.0,0.0,0.0,0.0,0.0
image_04403.png,1,"[0, 0, 0, 0, 0, 0]",4403,0.0,-9.140746873614319,-1.2052943040206539,0.0,0.0,14.307707419223899,0.0,0.0,0.0,0.0,0.0,0.0
image_04404.png,1,"[0, 0, 0, 0, 0, 0]",4404,0.0,5.970668121534615,-1.014770318336745,0.0,0.0,8.306523689139444,0.0,0.0,0.0,0.0,0.0,0.0
image_04405.png,1,"[0, 0, 0, 0, 0, 0]",4405,0.0,-4.3021080343206535,-1.9856705185707018,0.0,0.0,6.173373609653005,0.0,0.0,0.0,0.0,0.0,0.0
image_04406.png,1,"[0, 0, 0, 0, 0, 0]",4406,0.0,0.21514689441601575,-0.94610117835437,0.0,0.0,-13.900603458240408,0.0,0.0,0.0,0.0,0.0,0.0
image_04407.png,1,"[0, 0, 0, 0, 0, 0]",4407,0.0,6.628291750630368,4.282845333695059,0.0,0.0,15.779381945256379,0.0,0.0,0.0,0.0,0.0,0.0
image_04408.png,1,"[0, 0, 0, 0, 0, 0]",4408,0.0,0.25853509661669705,3.8827765211350753,0.0,0.0,3.685369495867949,0.0,0.0,0.0,0.0,0.0,0.0
image_04409.png,1,"[0, 0, 0, 0, 0, 0]",4409,0.0,-3.39196310490253,1.7561925926865678,0.0,0.0,8.47372218347928,0.0,0.0,0.0,0.0,0.0,0.0
image_04410.png,1,"[0, 0, 0, 0, 0, 0]",4410,0.0,-3.630274941295916,3.8334697760054146,0.0,0.0,-13.433120896128319,0.0,0.0,0.0,0.0,0.0,0.0
image_04411.png,1,"[0, 0, 0, 0, 0, 0]",4411,0.0,-11.039615685282811,0.18490119445210063,0.0,0.0,-8.96528051621866,0.0,0.0,0.0,0.0,0.0,0.0
image_04412.png,1,"[0, 0, 0, 0, 0, 0]",4412,0.0,-11.169566552777539,4.201852512108386,0.0,0.0,-5.7679117886923255,0.0,0.0,0.0,0.0,0.0,0.0
image_04413.png,1,"[0, 0, 0, 0, 0, 0]",4413,0.0,-12.321626199699438,4.949490197883262,0.0,0.0,-2.1387759572520135,0.0,0.0,0.0,0.0,0.0,0.0
image_04414.png,1,"[0, 0, 0, 0, 0, 0]",4414,0.0,11.777371635056227,1.9961042712006916,0.0,0.0,-9.777863782896985,0.0,0.0,0.0,0.0,0.0,0.0
image_04415.png,1,"[0, 0, 0, 0, 0, 0]",4415,0.0,9.471313681748612,3.311176909300505,0.0,0.0,1.8997696312421815,0.0,0.0,0.0,0.0,0.0,0.0
image_04416.png,1,"[0, 0, 0, 0, 0, 0]",4416,0.0,9.687337387746545,0.7861459056268818,0.0,0.0,-7.383782416179349,0.0,0.0,0.0,0.0,0.0,0.0
image_04417.png,1,"[0, 0, 0, 0, 0, 0]",4417,0.0,-5.093199286881216,-0.6484608169669099,0.0,0.0,5.523520155405934,0.0,0.0,0.0,0.0,0.0,0.0
image_04418.png,1,"[0, 0, 0, 0, 0, 0]",4418,0.0,6.469469808446782,2.451255899261608,0.0,0.0,-1.7875594967668282,0.0,0.0,0.0,0.0,0.0,0.0
image_04419.png,1,"[0, 0, 0, 0, 0, 0]",4419,0.0,0.8776066292133891,1.4414046783764687,0.0,0.0,3.8639607070657047,0.0,0.0,0.0,0.0,0.0,0.0
image_04420.png,1,"[0, 0, 0, 0, 0, 0]",4420,0.0,-7.955036276090951,2.7374487673837304,0.0,0.0,3.8870913327667647,0.0,0.0,0.0,0.0,0.0,0.0
image_04421.png,1,"[0, 0, 0, 0, 0, 0]",4421,0.0,1.8596285965432386,-0.0835605897142846,0.0,0.0,17.467366811707127,0.0,0.0,0.0,0.0,0.0,0.0
image_04422.png,1,"[0, 0, 0, 0, 0, 0]",4422,0.0,6.3371274135724605,1.523616637455019,0.0,0.0,-5.622829711888961,0.0,0.0,0.0,0.0,0.0,0.0
image_04423.png,1,"[0, 0, 0, 0, 0, 0]",4423,0.0,13.614493826763734,4.359664951680374,0.0,0.0,-8.59386090083303,0.0,0.0,0.0,0.0,0.0,0.0
image_04424.png,1,"[0, 0, 0, 0, 0, 0]",4424,0.0,-1.5255073990373589,5.41496343769261,0.0,0.0,-2.0595979740469197,0.0,0.0,0.0,0.0,0.0,0.0
image_04425.png,1,"[0, 0, 0, 0, 0, 0]",4425,0.0,-10.100996149907218,3.1921491038019667,0.0,0.0,4.878727349718253,0.0,0.0,0.0,0.0,0.0,0.0
image_04426.png,1,"[0, 0, 0, 0, 0, 0]",4426,0.0,-10.537319158062147,-0.499359667322278,0.0,0.0,-2.521078351153084,0.0,0.0,0.0,0.0,0.0,0.0
image_04427.png,1,"[0, 0, 0, 0, 0, 0]",4427,0.0,1.8652490831540973,5.364050817000363,0.0,0.0,-7.43515247006234,0.0,0.0,0.0,0.0,0.0,0.0
image_04428.png,1,"[0, 0, 0, 0, 0, 0]",4428,0.0,-9.912017240222653,3.4363530041461834,0.0,0.0,0.5582463192495842,0.0,0.0,0.0,0.0,0.0,0.0
image_04429.png,1,"[0, 0, 0, 0, 0, 0]",4429,0.0,-7.120169671789554,4.373341705926555,0.0,0.0,-7.269009578612747,0.0,0.0,0.0,0.0,0.0,0.0
image_04430.png,1,"[0, 0, 0, 0, 0, 0]",4430,0.0,9.948564296920956,0.0006236145719689112,0.0,0.0,-1.4885702487583383,0.0,0.0,0.0,0.0,0.0,0.0
image_04431.png,1,"[0, 0, 0, 0, 0, 0]",4431,0.0,7.660448833775547,0.29463627220468913,0.0,0.0,-1.7247148702488155,0.0,0.0,0.0,0.0,0.0,0.0
image_04432.png,1,"[0, 0, 0, 0, 0, 0]",4432,0.0,-10.120063690462928,0.7470786199237294,0.0,0.0,12.021033531635288,0.0,0.0,0.0,0.0,0.0,0.0
image_04433.png,1,"[0, 0, 0, 0, 0, 0]",4433,0.0,3.8817340338721777,-1.9019979338747,0.0,0.0,-6.937145154803231,0.0,0.0,0.0,0.0,0.0,0.0
image_04434.png,1,"[0, 0, 0, 0, 0, 0]",4434,0.0,13.763399350942429,2.840914412661112,0.0,0.0,3.8176153190082127,0.0,0.0,0.0,0.0,0.0,0.0
image_04435.png,1,"[0, 0, 0, 0, 0, 0]",4435,0.0,9.598869192286365,5.251076978869405,0.0,0.0,-7.134686932359512,0.0,0.0,0.0,0.0,0.0,0.0
image_04436.png,1,"[0, 0, 0, 0, 0, 0]",4436,0.0,0.4730033301871046,-1.5204576222214,0.0,0.0,3.881786286672133,0.0,0.0,0.0,0.0,0.0,0.0
image_04437.png,1,"[0, 0, 0, 0, 0, 0]",4437,0.0,-0.7895674143644413,0.4774078212408521,0.0,0.0,-4.179157007736902,0.0,0.0,0.0,0.0,0.0,0.0
image_04438.png,1,"[0, 0, 0, 0, 0, 0]",4438,0.0,-13.865029391309037,-0.6233585874407734,0.0,0.0,0.00911077008383733,0.0,0.0,0.0,0.0,0.0,0.0
image_04439.png,1,"[0, 0, 0, 0, 0, 0]",4439,0.0,12.78004628435145,0.13818580466045116,0.0,0.0,-7.484393900222116,0.0,0.0,0.0,0.0,0.0,0.0
image_04440.png,1,"[0, 0, 0, 0, 0, 0]",4440,0.0,-2.57086114892266,4.169960893730912,0.0,0.0,0.23466336808015775,0.0,0.0,0.0,0.0,0.0,0.0
image_04441.png,1,"[0, 0, 0, 0, 0, 0]",4441,0.0,-13.161867845316493,4.4005764611734515,0.0,0.0,-5.697914663615784,0.0,0.0,0.0,0.0,0.0,0.0
image_04442.png,1,"[0, 0, 0, 0, 0, 0]",4442,0.0,9.063276448403755,0.3681125546402746,0.0,0.0,5.370711106139525,0.0,0.0,0.0,0.0,0.0,0.0
image_04443.png,1,"[0, 0, 0, 0, 0, 0]",4443,0.0,-0.4826225683093526,-0.9103092603446008,0.0,0.0,11.931984979987698,0.0,0.0,0.0,0.0,0.0,0.0
image_04444.png,1,"[0, 0, 0, 0, 0, 0]",4444,0.0,5.051831563276664,4.71350986214938,0.0,0.0,5.37807178842411,0.0,0.0,0.0,0.0,0.0,0.0
image_04445.png,1,"[0, 0, 0, 0, 0, 0]",4445,0.0,-6.237706390910432,0.7435747148416794,0.0,0.0,13.004348036075887,0.0,0.0,0.0,0.0,0.0,0.0
image_04446.png,1,"[0, 0, 0, 0, 0, 0]",4446,0.0,4.736553622501468,0.21706895796441739,0.0,0.0,6.157233381030349,0.0,0.0,0.0,0.0,0.0,0.0
image_04447.png,1,"[0, 0, 0, 0, 0, 0]",4447,0.0,-8.163778910672733,2.487565575251584,0.0,0.0,5.56690761407811,0.0,0.0,0.0,0.0,0.0,0.0
image_04448.png,1,"[0, 0, 0, 0, 0, 0]",4448,0.0,-11.766036437689124,4.80484432069254,0.0,0.0,-1.10142452272569,0.0,0.0,0.0,0.0,0.0,0.0
image_04449.png,1,"[0, 0, 0, 0, 0, 0]",4449,0.0,8.801237907861264,0.3902835331058294,0.0,0.0,-8.614532462613251,0.0,0.0,0.0,0.0,0.0,0.0
image_04450.png,1,"[0, 0, 0, 0, 0, 0]",4450,0.0,2.001862159372344,-0.9897535957892378,0.0,0.0,4.174798598413484,0.0,0.0,0.0,0.0,0.0,0.0
image_04451.png,1,"[0, 0, 0, 0, 0, 0]",4451,0.0,12.90742125476816,1.084978018098476,0.0,0.0,-5.3592944967572835,0.0,0.0,0.0,0.0,0.0,0.0
image_04452.png,1,"[0, 0, 0, 0, 0, 0]",4452,0.0,-3.3017117673655036,1.3511429489995948,0.0,0.0,14.261336407401448,0.0,0.0,0.0,0.0,0.0,0.0
image_04453.png,1,"[0, 0, 0, 0, 0, 0]",4453,0.0,5.912503692876896,0.45048854612924494,0.0,0.0,-11.50798034984462,0.0,0.0,0.0,0.0,0.0,0.0
image_04454.png,1,"[0, 0, 0, 0, 0, 0]",4454,0.0,5.754966330344942,2.786186490080878,0.0,0.0,1.3446189827898358,0.0,0.0,0.0,0.0,0.0,0.0
image_04455.png,1,"[0, 0, 0, 0, 0, 0]",4455,0.0,-6.453707999150367,5.197809008214566,0.0,0.0,-8.92189681589329,0.0,0.0,0.0,0.0,0.0,0.0
image_04456.png,1,"[0, 0, 0, 0, 0, 0]",4456,0.0,7.052946505007526,4.317375323330606,0.0,0.0,-8.61359358289416,0.0,0.0,0.0,0.0,0.0,0.0
image_04457.png,1,"[0, 0, 0, 0, 0, 0]",4457,0.0,-9.202299594019308,3.571978612788718,0.0,0.0,6.762191410553568,0.0,0.0,0.0,0.0,0.0,0.0
image_04458.png,1,"[0, 0, 0, 0, 0, 0]",4458,0.0,-0.3915145746775863,1.0141495694661162,0.0,0.0,-1.3373813412988151,0.0,0.0,0.0,0.0,0.0,0.0
image_04459.png,1,"[0, 0, 0, 0, 0, 0]",4459,0.0,5.077665204604628,0.0051175073177844865,0.0,0.0,1.595442205702891,0.0,0.0,0.0,0.0,0.0,0.0
image_04460.png,1,"[0, 0, 0, 0, 0, 0]",4460,0.0,-5.288820989802559,1.327645622493232,0.0,0.0,8.530687551659675,0.0,0.0,0.0,0.0,0.0,0.0
image_04461.png,1,"[0, 0, 0, 0, 0, 0]",4461,0.0,1.490378704836175,2.950721161648599,0.0,0.0,-3.5842200348774793,0.0,0.0,0.0,0.0,0.0,0.0
image_04462.png,1,"[0, 0, 0, 0, 0, 0]",4462,0.0,6.656124843558217,2.232417519328923,0.0,0.0,-1.251325102466804,0.0,0.0,0.0,0.0,0.0,0.0
image_04463.png,1,"[0, 0, 0, 0, 0, 0]",4463,0.0,-10.713196716244141,4.406240516069664,0.0,0.0,9.875219661449716,0.0,0.0,0.0,0.0,0.0,0.0
image_04464.png,1,"[0, 0, 0, 0, 0, 0]",4464,0.0,-5.473342612691951,1.679951057237092,0.0,0.0,-14.55716533900109,0.0,0.0,0.0,0.0,0.0,0.0
image_04465.png,1,"[0, 0, 0, 0, 0, 0]",4465,0.0,2.3862121962926963,5.367737930932451,0.0,0.0,12.806362983736761,0.0,0.0,0.0,0.0,0.0,0.0
image_04466.png,1,"[0, 0, 0, 0, 0, 0]",4466,0.0,-8.8628869415016,1.2502571758592693,0.0,0.0,-7.241676187467744,0.0,0.0,0.0,0.0,0.0,0.0
image_04467.png,1,"[0, 0, 0, 0, 0, 0]",4467,0.0,-1.5233246856574567,2.362824959702677,0.0,0.0,-3.698877148128428,0.0,0.0,0.0,0.0,0.0,0.0
image_04468.png,1,"[0, 0, 0, 0, 0, 0]",4468,0.0,-13.570923159522565,4.471132046920638,0.0,0.0,10.484098115002007,0.0,0.0,0.0,0.0,0.0,0.0
image_04469.png,1,"[0, 0, 0, 0, 0, 0]",4469,0.0,-2.531710458707437,3.602326351655744,0.0,0.0,0.045717435862355764,0.0,0.0,0.0,0.0,0.0,0.0
image_04470.png,1,"[0, 0, 0, 0, 0, 0]",4470,0.0,13.787166428202404,1.2371515216420192,0.0,0.0,-2.1197473484818206,0.0,0.0,0.0,0.0,0.0,0.0
image_04471.png,1,"[0, 0, 0, 0, 0, 0]",4471,0.0,0.1518569896803612,0.4509131744339556,0.0,0.0,-10.899696016328168,0.0,0.0,0.0,0.0,0.0,0.0
image_04472.png,1,"[0, 0, 0, 0, 0, 0]",4472,0.0,-2.8229253727555204,4.43525722775006,0.0,0.0,-1.8328171395583457,0.0,0.0,0.0,0.0,0.0,0.0
image_04473.png,1,"[0, 0, 0, 0, 0, 0]",4473,0.0,0.8646427730356976,3.0844705077262207,0.0,0.0,-4.599949129048757,0.0,0.0,0.0,0.0,0.0,0.0
image_04474.png,1,"[0, 0, 0, 0, 0, 0]",4474,0.0,-11.508722344298661,2.512024653204155,0.0,0.0,-3.331101457139486,0.0,0.0,0.0,0.0,0.0,0.0
image_04475.png,1,"[0, 0, 0, 0, 0, 0]",4475,0.0,0.4014241993894032,-0.29620194794966315,0.0,0.0,1.9330687238673558,0.0,0.0,0.0,0.0,0.0,0.0
image_04476.png,1,"[0, 0, 0, 0, 0, 0]",4476,0.0,8.552661463501039,2.2162435019750912,0.0,0.0,11.496972578491308,0.0,0.0,0.0,0.0,0.0,0.0
image_04477.png,1,"[0, 0, 0, 0, 0, 0]",4477,0.0,-4.069579550988678,2.9133530101701863,0.0,0.0,3.5710437031011235,0.0,0.0,0.0,0.0,0.0,0.0
image_04478.png,1,"[0, 0, 0, 0, 0, 0]",4478,0.0,-5.408864636306589,4.852124058625265,0.0,0.0,-8.811640791461105,0.0,0.0,0.0,0.0,0.0,0.0
image_04479.png,1,"[0, 0, 0, 0, 0, 0]",4479,0.0,0.7115913737100357,5.414396143891706,0.0,0.0,9.389995654282929,0.0,0.0,0.0,0.0,0.0,0.0
image_04480.png,1,"[0, 0, 0, 0, 0, 0]",4480,0.0,-3.49043019539603,3.22366688000442,0.0,0.0,0.5982204745865087,0.0,0.0,0.0,0.0,0.0,0.0
image_04481.png,1,"[0, 0, 0, 0, 0, 0]",4481,0.0,-9.16177075872396,1.926281813967087,0.0,0.0,-9.246071247358838,0.0,0.0,0.0,0.0,0.0,0.0
image_04482.png,1,"[0, 0, 0, 0, 0, 0]",4482,0.0,9.040196841409738,-0.04475198428065941,0.0,0.0,-6.118108835393128,0.0,0.0,0.0,0.0,0.0,0.0
image_04483.png,1,"[0, 0, 0, 0, 0, 0]",4483,0.0,3.6199691041158886,0.8892180372673657,0.0,0.0,6.77724567927993,0.0,0.0,0.0,0.0,0.0,0.0
image_04484.png,1,"[0, 0, 0, 0, 0, 0]",4484,0.0,-4.618841051548415,0.7218245760225157,0.0,0.0,1.057527649294965,0.0,0.0,0.0,0.0,0.0,0.0
image_04485.png,1,"[0, 0, 0, 0, 0, 0]",4485,0.0,12.796590877921922,0.14320634950927102,0.0,0.0,-14.456145659841278,0.0,0.0,0.0,0.0,0.0,0.0
image_04486.png,1,"[0, 0, 0, 0, 0, 0]",4486,0.0,-7.627005461613109,0.8960533045225851,0.0,0.0,1.1273429867302716,0.0,0.0,0.0,0.0,0.0,0.0
image_04487.png,1,"[0, 0, 0, 0, 0, 0]",4487,0.0,0.47289243537403536,5.346909849791538,0.0,0.0,14.48444898749817,0.0,0.0,0.0,0.0,0.0,0.0
image_04488.png,1,"[0, 0, 0, 0, 0, 0]",4488,0.0,-7.294188836908631,4.998975836323646,0.0,0.0,-2.107304163360622,0.0,0.0,0.0,0.0,0.0,0.0
image_04489.png,1,"[0, 0, 0, 0, 0, 0]",4489,0.0,-2.8692543629647815,-1.6317532793253127,0.0,0.0,-4.034678522739393,0.0,0.0,0.0,0.0,0.0,0.0
image_04490.png,1,"[0, 0, 0, 0, 0, 0]",4490,0.0,6.790041291912004,5.47144449939291,0.0,0.0,4.078213424107514,0.0,0.0,0.0,0.0,0.0,0.0
image_04491.png,1,"[0, 0, 0, 0, 0, 0]",4491,0.0,-2.8201895285721577,-1.5856183554798824,0.0,0.0,-3.2162805172529816,0.0,0.0,0.0,0.0,0.0,0.0
image_04492.png,1,"[0, 0, 0, 0, 0, 0]",4492,0.0,-2.6168453212429057,3.0062058656656285,0.0,0.0,9.003641226726327,0.0,0.0,0.0,0.0,0.0,0.0
image_04493.png,1,"[0, 0, 0, 0, 0, 0]",4493,0.0,-2.6961308466224096,4.762314041075872,0.0,0.0,-0.4455062500284493,0.0,0.0,0.0,0.0,0.0,0.0
image_04494.png,1,"[0, 0, 0, 0, 0, 0]",4494,0.0,-8.136621835191079,1.529226306128658,0.0,0.0,-3.4858787839375327,0.0,0.0,0.0,0.0,0.0,0.0
image_04495.png,1,"[0, 0, 0, 0, 0, 0]",4495,0.0,-6.7116557165300605,3.4066913264893346,0.0,0.0,1.407798563295805,0.0,0.0,0.0,0.0,0.0,0.0
image_04496.png,1,"[0, 0, 0, 0, 0, 0]",4496,0.0,8.001071934546012,0.5961377422889336,0.0,0.0,-3.0666352090876603,0.0,0.0,0.0,0.0,0.0,0.0
image_04497.png,1,"[0, 0, 0, 0, 0, 0]",4497,0.0,-10.457478940844098,4.433378445576888,0.0,0.0,0.9917797060520276,0.0,0.0,0.0,0.0,0.0,0.0
image_04498.png,1,"[0, 0, 0, 0, 0, 0]",4498,0.0,-3.0502266910208107,1.6268954291272508,0.0,0.0,10.217263438198131,0.0,0.0,0.0,0.0,0.0,0.0
image_04499.png,1,"[0, 0, 0, 0, 0, 0]",4499,0.0,-9.74165058815231,5.37283225876206,0.0,0.0,0.3186716127872547,0.0,0.0,0.0,0.0,0.0,0.0
image_04500.png,1,"[0, 0, 0, 0, 0, 0]",4500,0.0,0.08354099890707545,5.027886507649302,0.0,0.0,5.319705202071522,0.0,0.0,0.0,0.0,0.0,0.0
image_04501.png,1,"[0, 0, 0, 0, 0, 0]",4501,0.0,7.528356199434924,0.6607332375053869,0.0,0.0,-3.342916915048668,0.0,0.0,0.0,0.0,0.0,0.0
image_04502.png,1,"[0, 0, 0, 0, 0, 0]",4502,0.0,-11.222362255418545,2.4324201383666875,0.0,0.0,-14.2088435238781,0.0,0.0,0.0,0.0,0.0,0.0
image_04503.png,1,"[0, 0, 0, 0, 0, 0]",4503,0.0,4.438595558772533,3.3611118977957197,0.0,0.0,7.180477146827331,0.0,0.0,0.0,0.0,0.0,0.0
image_04504.png,1,"[0, 0, 0, 0, 0, 0]",4504,0.0,-8.247977505642368,1.9591138771173155,0.0,0.0,7.628714904016506,0.0,0.0,0.0,0.0,0.0,0.0
image_04505.png,1,"[0, 0, 0, 0, 0, 0]",4505,0.0,8.96061476592103,0.6921210920193874,0.0,0.0,8.793358283180257,0.0,0.0,0.0,0.0,0.0,0.0
image_04506.png,1,"[0, 0, 0, 0, 0, 0]",4506,0.0,-9.36446851452392,-0.3938831915439269,0.0,0.0,4.289553399708174,0.0,0.0,0.0,0.0,0.0,0.0
image_04507.png,1,"[0, 0, 0, 0, 0, 0]",4507,0.0,-4.0313580061119865,3.629765470143224,0.0,0.0,3.3045530949382544,0.0,0.0,0.0,0.0,0.0,0.0
image_04508.png,1,"[0, 0, 0, 0, 0, 0]",4508,0.0,-2.1223507163644797,-1.7116592718998274,0.0,0.0,-6.467462034533737,0.0,0.0,0.0,0.0,0.0,0.0
image_04509.png,1,"[0, 0, 0, 0, 0, 0]",4509,0.0,-2.6023058942579524,5.193438230084969,0.0,0.0,-11.507052863266829,0.0,0.0,0.0,0.0,0.0,0.0
image_04510.png,1,"[0, 0, 0, 0, 0, 0]",4510,0.0,6.278285603705584,-0.24704255769517203,0.0,0.0,-9.146349273121864,0.0,0.0,0.0,0.0,0.0,0.0
image_04511.png,1,"[0, 0, 0, 0, 0, 0]",4511,0.0,5.206796151551032,-1.1101930965975522,0.0,0.0,6.927460776488589,0.0,0.0,0.0,0.0,0.0,0.0
image_04512.png,1,"[0, 0, 0, 0, 0, 0]",4512,0.0,-1.3581517356390123,3.704386078542738,0.0,0.0,-2.9222492445393287,0.0,0.0,0.0,0.0,0.0,0.0
image_04513.png,1,"[0, 0, 0, 0, 0, 0]",4513,0.0,-6.735724808956434,2.20863471905425,0.0,0.0,-9.238110306920891,0.0,0.0,0.0,0.0,0.0,0.0
image_04514.png,1,"[0, 0, 0, 0, 0, 0]",4514,0.0,-8.471195581379021,5.161318167710742,0.0,0.0,-8.264829622441422,0.0,0.0,0.0,0.0,0.0,0.0
image_04515.png,1,"[0, 0, 0, 0, 0, 0]",4515,0.0,-5.617814644836471,4.464161712014949,0.0,0.0,-10.161494172873605,0.0,0.0,0.0,0.0,0.0,0.0
image_04516.png,1,"[0, 0, 0, 0, 0, 0]",4516,0.0,11.259592204147609,2.2557452293055347,0.0,0.0,-0.19836185165910214,0.0,0.0,0.0,0.0,0.0,0.0
image_04517.png,1,"[0, 0, 0, 0, 0, 0]",4517,0.0,-5.982770284447852,-1.4886201806791572,0.0,0.0,12.617367279274633,0.0,0.0,0.0,0.0,0.0,0.0
image_04518.png,1,"[0, 0, 0, 0, 0, 0]",4518,0.0,-5.4780240272674945,3.505597702988979,0.0,0.0,1.252643700866788,0.0,0.0,0.0,0.0,0.0,0.0
image_04519.png,1,"[0, 0, 0, 0, 0, 0]",4519,0.0,10.52174440287218,1.8182819807304447,0.0,0.0,11.647175458712113,0.0,0.0,0.0,0.0,0.0,0.0
image_04520.png,1,"[0, 0, 0, 0, 0, 0]",4520,0.0,-13.914188317586579,0.4113991094802065,0.0,0.0,-10.311638499345335,0.0,0.0,0.0,0.0,0.0,0.0
image_04521.png,1,"[0, 0, 0, 0, 0, 0]",4521,0.0,-4.370449157502577,1.281297555128615,0.0,0.0,2.4705457063450127,0.0,0.0,0.0,0.0,0.0,0.0
image_04522.png,1,"[0, 0, 0, 0, 0, 0]",4522,0.0,-2.125906955179964,1.3121964623334224,0.0,0.0,-1.7589793146217736,0.0,0.0,0.0,0.0,0.0,0.0
image_04523.png,1,"[0, 0, 0, 0, 0, 0]",4523,0.0,1.8388016084304226,0.21482006165561307,0.0,0.0,0.8649400936225804,0.0,0.0,0.0,0.0,0.0,0.0
image_04524.png,1,"[0, 0, 0, 0, 0, 0]",4524,0.0,-5.279241270758732,-0.14750718072298863,0.0,0.0,-3.0896946586262253,0.0,0.0,0.0,0.0,0.0,0.0
image_04525.png,1,"[0, 0, 0, 0, 0, 0]",4525,0.0,-12.4129417646906,2.8314519868444563,0.0,0.0,7.919747913750827,0.0,0.0,0.0,0.0,0.0,0.0
image_04526.png,1,"[0, 0, 0, 0, 0, 0]",4526,0.0,-1.1303766613103008,0.5644070387478046,0.0,0.0,-10.89434419846715,0.0,0.0,0.0,0.0,0.0,0.0
image_04527.png,1,"[0, 0, 0, 0, 0, 0]",4527,0.0,-6.815885785135578,2.867592429386808,0.0,0.0,-8.744943540359516,0.0,0.0,0.0,0.0,0.0,0.0
image_04528.png,1,"[0, 0, 0, 0, 0, 0]",4528,0.0,12.623593691308834,4.748123129974083,0.0,0.0,-5.776366727880516,0.0,0.0,0.0,0.0,0.0,0.0
image_04529.png,1,"[0, 0, 0, 0, 0, 0]",4529,0.0,2.7364519528037548,0.9913538587605637,0.0,0.0,-0.3482293300418266,0.0,0.0,0.0,0.0,0.0,0.0
image_04530.png,1,"[0, 0, 0, 0, 0, 0]",4530,0.0,7.476980944242399,4.405263756566507,0.0,0.0,5.544040473780892,0.0,0.0,0.0,0.0,0.0,0.0
image_04531.png,1,"[0, 0, 0, 0, 0, 0]",4531,0.0,-11.908534692631079,4.3940848322402575,0.0,0.0,11.29862423276876,0.0,0.0,0.0,0.0,0.0,0.0
image_04532.png,1,"[0, 0, 0, 0, 0, 0]",4532,0.0,-12.986681859884044,3.3197075806301966,0.0,0.0,4.116088215410868,0.0,0.0,0.0,0.0,0.0,0.0
image_04533.png,1,"[0, 0, 0, 0, 0, 0]",4533,0.0,-8.405255554761027,0.7707983395757187,0.0,0.0,-12.998078583744594,0.0,0.0,0.0,0.0,0.0,0.0
image_04534.png,1,"[0, 0, 0, 0, 0, 0]",4534,0.0,10.193214913866349,3.8358237543930134,0.0,0.0,-3.037994022595072,0.0,0.0,0.0,0.0,0.0,0.0
image_04535.png,1,"[0, 0, 0, 0, 0, 0]",4535,0.0,5.309166162297515,-1.3327934002014354,0.0,0.0,14.04262202132364,0.0,0.0,0.0,0.0,0.0,0.0
image_04536.png,1,"[0, 0, 0, 0, 0, 0]",4536,0.0,-10.80247569587543,3.6675705805132273,0.0,0.0,-6.884560133455281,0.0,0.0,0.0,0.0,0.0,0.0
image_04537.png,1,"[0, 0, 0, 0, 0, 0]",4537,0.0,-5.345677390656618,-0.164021411075693,0.0,0.0,-5.832929967064167,0.0,0.0,0.0,0.0,0.0,0.0
image_04538.png,1,"[0, 0, 0, 0, 0, 0]",4538,0.0,1.087376200125206,4.567487310804405,0.0,0.0,9.939131205418755,0.0,0.0,0.0,0.0,0.0,0.0
image_04539.png,1,"[0, 0, 0, 0, 0, 0]",4539,0.0,-10.133942037520512,0.8649839142506268,0.0,0.0,-5.852087974700899,0.0,0.0,0.0,0.0,0.0,0.0
image_04540.png,1,"[0, 0, 0, 0, 0, 0]",4540,0.0,-10.334462346589504,-0.7603827839670152,0.0,0.0,5.411384611445354,0.0,0.0,0.0,0.0,0.0,0.0
image_04541.png,1,"[0, 0, 0, 0, 0, 0]",4541,0.0,5.081891516125751,0.9598227921581648,0.0,0.0,4.547492831524316,0.0,0.0,0.0,0.0,0.0,0.0
image_04542.png,1,"[0, 0, 0, 0, 0, 0]",4542,0.0,-4.696552505768324,0.6296995787755111,0.0,0.0,-1.8679999917757606,0.0,0.0,0.0,0.0,0.0,0.0
image_04543.png,1,"[0, 0, 0, 0, 0, 0]",4543,0.0,-12.552700787183582,1.7286140279688986,0.0,0.0,-9.586745305275153,0.0,0.0,0.0,0.0,0.0,0.0
image_04544.png,1,"[0, 0, 0, 0, 0, 0]",4544,0.0,-11.443019266352565,4.4542160587879875,0.0,0.0,-1.2561595680810136,0.0,0.0,0.0,0.0,0.0,0.0
image_04545.png,1,"[0, 0, 0, 0, 0, 0]",4545,0.0,11.31250693993006,2.1840777446764807,0.0,0.0,5.543934507439917,0.0,0.0,0.0,0.0,0.0,0.0
image_04546.png,1,"[0, 0, 0, 0, 0, 0]",4546,0.0,-12.29914198220105,-1.499823980978531,0.0,0.0,4.772974327887233,0.0,0.0,0.0,0.0,0.0,0.0
image_04547.png,1,"[0, 0, 0, 0, 0, 0]",4547,0.0,-12.19137540606637,2.2560084676145253,0.0,0.0,6.446684616225958,0.0,0.0,0.0,0.0,0.0,0.0
image_04548.png,1,"[0, 0, 0, 0, 0, 0]",4548,0.0,-7.386038662797944,4.462569793716385,0.0,0.0,2.7695971812928546,0.0,0.0,0.0,0.0,0.0,0.0
image_04549.png,1,"[0, 0, 0, 0, 0, 0]",4549,0.0,0.8259796773317163,-0.24802979326473018,0.0,0.0,-12.049865508020485,0.0,0.0,0.0,0.0,0.0,0.0
image_04550.png,1,"[0, 0, 0, 0, 0, 0]",4550,0.0,8.614502355527804,-0.6937361020192685,0.0,0.0,3.5783034649149954,0.0,0.0,0.0,0.0,0.0,0.0
image_04551.png,1,"[0, 0, 0, 0, 0, 0]",4551,0.0,-5.209121115814085,2.530829596377128,0.0,0.0,-1.6867791536377568,0.0,0.0,0.0,0.0,0.0,0.0
image_04552.png,1,"[0, 0, 0, 0, 0, 0]",4552,0.0,6.17517389561678,0.881948605539332,0.0,0.0,-5.310318055095281,0.0,0.0,0.0,0.0,0.0,0.0
image_04553.png,1,"[0, 0, 0, 0, 0, 0]",4553,0.0,10.959621240358302,2.7081349273173094,0.0,0.0,14.172955695400656,0.0,0.0,0.0,0.0,0.0,0.0
image_04554.png,1,"[0, 0, 0, 0, 0, 0]",4554,0.0,10.192413128836918,0.07226678886638194,0.0,0.0,1.0100333975493043,0.0,0.0,0.0,0.0,0.0,0.0
image_04555.png,1,"[0, 0, 0, 0, 0, 0]",4555,0.0,-11.602678793635192,4.77235598508601,0.0,0.0,11.472150266107745,0.0,0.0,0.0,0.0,0.0,0.0
image_04556.png,1,"[0, 0, 0, 0, 0, 0]",4556,0.0,1.3491771514683393,3.028932826066958,0.0,0.0,-16.867316775772736,0.0,0.0,0.0,0.0,0.0,0.0
image_04557.png,1,"[0, 0, 0, 0, 0, 0]",4557,0.0,-7.490424112121843,2.305654405560725,0.0,0.0,-9.86024324803756,0.0,0.0,0.0,0.0,0.0,0.0
image_04558.png,1,"[0, 0, 0, 0, 0, 0]",4558,0.0,7.087624269163243,1.5173173722121964,0.0,0.0,10.11638613423812,0.0,0.0,0.0,0.0,0.0,0.0
image_04559.png,1,"[0, 0, 0, 0, 0, 0]",4559,0.0,-5.037105158754628,3.4747824959709224,0.0,0.0,9.679681807064691,0.0,0.0,0.0,0.0,0.0,0.0
image_04560.png,1,"[0, 0, 0, 0, 0, 0]",4560,0.0,-11.472940818055179,-1.40774714011279,0.0,0.0,-11.276258673986343,0.0,0.0,0.0,0.0,0.0,0.0
image_04561.png,1,"[0, 0, 0, 0, 0, 0]",4561,0.0,5.771471971877972,2.1333817203739365,0.0,0.0,18.21394118771325,0.0,0.0,0.0,0.0,0.0,0.0
image_04562.png,1,"[0, 0, 0, 0, 0, 0]",4562,0.0,-8.496899178295308,4.005614383012976,0.0,0.0,-16.483097222964435,0.0,0.0,0.0,0.0,0.0,0.0
image_04563.png,1,"[0, 0, 0, 0, 0, 0]",4563,0.0,-7.5237288918536365,-0.3946354348434937,0.0,0.0,5.952360301956111,0.0,0.0,0.0,0.0,0.0,0.0
image_04564.png,1,"[0, 0, 0, 0, 0, 0]",4564,0.0,-8.59301862794787,2.300125542969692,0.0,0.0,8.229701069779242,0.0,0.0,0.0,0.0,0.0,0.0
image_04565.png,1,"[0, 0, 0, 0, 0, 0]",4565,0.0,-4.873747561119089,2.7349768196794786,0.0,0.0,5.504581057770339,0.0,0.0,0.0,0.0,0.0,0.0
image_04566.png,1,"[0, 0, 0, 0, 0, 0]",4566,0.0,1.760627925782309,4.0554675980551504,0.0,0.0,-5.550457106401988,0.0,0.0,0.0,0.0,0.0,0.0
image_04567.png,1,"[0, 0, 0, 0, 0, 0]",4567,0.0,-11.753406891379981,4.4067813755157,0.0,0.0,-6.743426797105013,0.0,0.0,0.0,0.0,0.0,0.0
image_04568.png,1,"[0, 0, 0, 0, 0, 0]",4568,0.0,5.20598793767315,3.2881840456902216,0.0,0.0,7.155274004762638,0.0,0.0,0.0,0.0,0.0,0.0
image_04569.png,1,"[0, 0, 0, 0, 0, 0]",4569,0.0,-8.514685862712653,3.4095687561160917,0.0,0.0,-5.263982798293081,0.0,0.0,0.0,0.0,0.0,0.0
image_04570.png,1,"[0, 0, 0, 0, 0, 0]",4570,0.0,-2.8478362209267516,2.244153812813578,0.0,0.0,4.8982867067883555,0.0,0.0,0.0,0.0,0.0,0.0
image_04571.png,1,"[0, 0, 0, 0, 0, 0]",4571,0.0,-12.835245148646322,5.352784405248142,0.0,0.0,5.208721042409463,0.0,0.0,0.0,0.0,0.0,0.0
image_04572.png,1,"[0, 0, 0, 0, 0, 0]",4572,0.0,5.5072680115785815,3.2277466063718325,0.0,0.0,-11.097254026481426,0.0,0.0,0.0,0.0,0.0,0.0
image_04573.png,1,"[0, 0, 0, 0, 0, 0]",4573,0.0,1.4668575749239139,-1.0180663154531204,0.0,0.0,6.667178845039449,0.0,0.0,0.0,0.0,0.0,0.0
image_04574.png,1,"[0, 0, 0, 0, 0, 0]",4574,0.0,-12.150226381690388,2.925890003266111,0.0,0.0,-15.248529778658222,0.0,0.0,0.0,0.0,0.0,0.0
image_04575.png,1,"[0, 0, 0, 0, 0, 0]",4575,0.0,4.587031225705815,3.282012368658574,0.0,0.0,6.390238702594299,0.0,0.0,0.0,0.0,0.0,0.0
image_04576.png,1,"[0, 0, 0, 0, 0, 0]",4576,0.0,6.142584468055773,2.766313403735958,0.0,0.0,-0.8675240335973903,0.0,0.0,0.0,0.0,0.0,0.0
image_04577.png,1,"[0, 0, 0, 0, 0, 0]",4577,0.0,-2.7843602647030963,2.002619871003863,0.0,0.0,4.7504697632456905,0.0,0.0,0.0,0.0,0.0,0.0
image_04578.png,1,"[0, 0, 0, 0, 0, 0]",4578,0.0,-12.590234304000361,0.2852202175037206,0.0,0.0,-15.513236983657059,0.0,0.0,0.0,0.0,0.0,0.0
image_04579.png,1,"[0, 0, 0, 0, 0, 0]",4579,0.0,9.639864680651556,4.522577574301685,0.0,0.0,-10.221472418283234,0.0,0.0,0.0,0.0,0.0,0.0
image_04580.png,1,"[0, 0, 0, 0, 0, 0]",4580,0.0,-7.242004782951824,5.265648003521669,0.0,0.0,10.557968733791412,0.0,0.0,0.0,0.0,0.0,0.0
image_04581.png,1,"[0, 0, 0, 0, 0, 0]",4581,0.0,5.30089811375219,2.978669587320206,0.0,0.0,-14.776881938690503,0.0,0.0,0.0,0.0,0.0,0.0
image_04582.png,1,"[0, 0, 0, 0, 0, 0]",4582,0.0,-6.606050798130767,3.7591449745312273,0.0,0.0,12.900239971104165,0.0,0.0,0.0,0.0,0.0,0.0
image_04583.png,1,"[0, 0, 0, 0, 0, 0]",4583,0.0,5.634205356899216,-1.3013063657089414,0.0,0.0,-17.99976328395489,0.0,0.0,0.0,0.0,0.0,0.0
image_04584.png,1,"[0, 0, 0, 0, 0, 0]",4584,0.0,12.754796148603496,5.311951532499025,0.0,0.0,7.0558436202642,0.0,0.0,0.0,0.0,0.0,0.0
image_04585.png,1,"[0, 0, 0, 0, 0, 0]",4585,0.0,6.106365164497532,-1.766587219092131,0.0,0.0,-0.8477955401318196,0.0,0.0,0.0,0.0,0.0,0.0
image_04586.png,1,"[0, 0, 0, 0, 0, 0]",4586,0.0,-4.291199053360373,5.3547158260770695,0.0,0.0,-2.0142746199074537,0.0,0.0,0.0,0.0,0.0,0.0
image_04587.png,1,"[0, 0, 0, 0, 0, 0]",4587,0.0,-9.9079237418307,-1.848309329415181,0.0,0.0,1.2881693300882604,0.0,0.0,0.0,0.0,0.0,0.0
image_04588.png,1,"[0, 0, 0, 0, 0, 0]",4588,0.0,3.4797842244758854,0.986757666193057,0.0,0.0,6.863171195430485,0.0,0.0,0.0,0.0,0.0,0.0
image_04589.png,1,"[0, 0, 0, 0, 0, 0]",4589,0.0,3.2043128907236778,2.877638872894087,0.0,0.0,6.087478545152153,0.0,0.0,0.0,0.0,0.0,0.0
image_04590.png,1,"[0, 0, 0, 0, 0, 0]",4590,0.0,-13.273080210508098,-1.717660388090997,0.0,0.0,1.07123154011159,0.0,0.0,0.0,0.0,0.0,0.0
image_04591.png,1,"[0, 0, 0, 0, 0, 0]",4591,0.0,8.010704037946596,3.4871948878109302,0.0,0.0,-10.422756664860348,0.0,0.0,0.0,0.0,0.0,0.0
image_04592.png,1,"[0, 0, 0, 0, 0, 0]",4592,0.0,3.731923336787901,4.5857468002064055,0.0,0.0,-15.490016769698958,0.0,0.0,0.0,0.0,0.0,0.0
image_04593.png,1,"[0, 0, 0, 0, 0, 0]",4593,0.0,-3.9830616871237794,5.125389427995948,0.0,0.0,-12.474023983515252,0.0,0.0,0.0,0.0,0.0,0.0
image_04594.png,1,"[0, 0, 0, 0, 0, 0]",4594,0.0,-11.536480455960756,-1.6992586385198019,0.0,0.0,16.708971063297778,0.0,0.0,0.0,0.0,0.0,0.0
image_04595.png,1,"[0, 0, 0, 0, 0, 0]",4595,0.0,-4.480629179447234,4.819764301874935,0.0,0.0,-3.9994911130557154,0.0,0.0,0.0,0.0,0.0,0.0
image_04596.png,1,"[0, 0, 0, 0, 0, 0]",4596,0.0,11.245199063120353,2.920004273361381,0.0,0.0,-19.766135927262816,0.0,0.0,0.0,0.0,0.0,0.0
image_04597.png,1,"[0, 0, 0, 0, 0, 0]",4597,0.0,-1.4557692753292955,0.9035688528250438,0.0,0.0,7.69557547159908,0.0,0.0,0.0,0.0,0.0,0.0
image_04598.png,1,"[0, 0, 0, 0, 0, 0]",4598,0.0,13.227601408939314,-0.6211071577331446,0.0,0.0,9.845732189703156,0.0,0.0,0.0,0.0,0.0,0.0
image_04599.png,1,"[0, 0, 0, 0, 0, 0]",4599,0.0,13.867893629763373,4.7318807321636385,0.0,0.0,-19.66637586810289,0.0,0.0,0.0,0.0,0.0,0.0
image_04600.png,1,"[0, 0, 0, 0, 0, 0]",4600,0.0,-5.596272305664371,4.718303554411607,0.0,0.0,-2.2261967106682485,0.0,0.0,0.0,0.0,0.0,0.0
image_04601.png,1,"[0, 0, 0, 0, 0, 0]",4601,0.0,1.8663832317589595,0.565135743773415,0.0,0.0,-5.323511927257834,0.0,0.0,0.0,0.0,0.0,0.0
image_04602.png,1,"[0, 0, 0, 0, 0, 0]",4602,0.0,-0.4610213787233519,3.06782269410927,0.0,0.0,-5.171714110275522,0.0,0.0,0.0,0.0,0.0,0.0
image_04603.png,1,"[0, 0, 0, 0, 0, 0]",4603,0.0,-9.070640784335296,0.5313127793704058,0.0,0.0,-10.176000923629342,0.0,0.0,0.0,0.0,0.0,0.0
image_04604.png,1,"[0, 0, 0, 0, 0, 0]",4604,0.0,-4.226292036851888,-1.9855279145549425,0.0,0.0,-7.84304087271859,0.0,0.0,0.0,0.0,0.0,0.0
image_04605.png,1,"[0, 0, 0, 0, 0, 0]",4605,0.0,-9.282189708383711,-1.6502101456676102,0.0,0.0,-3.504245372895709,0.0,0.0,0.0,0.0,0.0,0.0
image_04606.png,1,"[0, 0, 0, 0, 0, 0]",4606,0.0,-8.482942887519926,2.336936641515183,0.0,0.0,17.722673120489638,0.0,0.0,0.0,0.0,0.0,0.0
image_04607.png,1,"[0, 0, 0, 0, 0, 0]",4607,0.0,1.414505574293031,-0.6292342665013737,0.0,0.0,-5.45515397304505,0.0,0.0,0.0,0.0,0.0,0.0
image_04608.png,1,"[0, 0, 0, 0, 0, 0]",4608,0.0,-8.570543740918794,-1.9281191974591319,0.0,0.0,0.6489000569350005,0.0,0.0,0.0,0.0,0.0,0.0
image_04609.png,1,"[0, 0, 0, 0, 0, 0]",4609,0.0,6.261404761914797,1.8262644003582373,0.0,0.0,3.092374546763432,0.0,0.0,0.0,0.0,0.0,0.0
image_04610.png,1,"[0, 0, 0, 0, 0, 0]",4610,0.0,-1.8644498185306162,-0.0016914938175864869,0.0,0.0,-9.218686509035424,0.0,0.0,0.0,0.0,0.0,0.0
image_04611.png,1,"[0, 0, 0, 0, 0, 0]",4611,0.0,-10.178477612909035,5.016315763560817,0.0,0.0,-3.7554867451002396,0.0,0.0,0.0,0.0,0.0,0.0
image_04612.png,1,"[0, 0, 0, 0, 0, 0]",4612,0.0,-5.236785620091112,1.2031126649566817,0.0,0.0,-5.655601133777563,0.0,0.0,0.0,0.0,0.0,0.0
image_04613.png,1,"[0, 0, 0, 0, 0, 0]",4613,0.0,4.418245266039833,5.2790683226959985,0.0,0.0,7.420728250592907,0.0,0.0,0.0,0.0,0.0,0.0
image_04614.png,1,"[0, 0, 0, 0, 0, 0]",4614,0.0,-9.7935824993055,-1.9785657524820357,0.0,0.0,-4.191999983779073,0.0,0.0,0.0,0.0,0.0,0.0
image_04615.png,1,"[0, 0, 0, 0, 0, 0]",4615,0.0,3.518954073365286,5.039642575627572,0.0,0.0,8.338738336673218,0.0,0.0,0.0,0.0,0.0,0.0
image_04616.png,1,"[0, 0, 0, 0, 0, 0]",4616,0.0,-9.904008668606394,3.027630262402101,0.0,0.0,9.767026387949317,0.0,0.0,0.0,0.0,0.0,0.0
image_04617.png,1,"[0, 0, 0, 0, 0, 0]",4617,0.0,-2.979014688079495,0.02122444901400833,0.0,0.0,-12.189975303620521,0.0,0.0,0.0,0.0,0.0,0.0
image_04618.png,1,"[0, 0, 0, 0, 0, 0]",4618,0.0,-11.770564266821623,1.7447247582459293,0.0,0.0,7.756535616155106,0.0,0.0,0.0,0.0,0.0,0.0
image_04619.png,1,"[0, 0, 0, 0, 0, 0]",4619,0.0,-0.4098010640064018,4.802011482320191,0.0,0.0,7.005008468382633,0.0,0.0,0.0,0.0,0.0,0.0
image_04620.png,1,"[0, 0, 0, 0, 0, 0]",4620,0.0,10.085644638009619,2.5815519322110383,0.0,0.0,-1.4265789479362598,0.0,0.0,0.0,0.0,0.0,0.0
image_04621.png,1,"[0, 0, 0, 0, 0, 0]",4621,0.0,1.354422187374368,1.9839930168248237,0.0,0.0,-3.5556298409902825,0.0,0.0,0.0,0.0,0.0,0.0
image_04622.png,1,"[0, 0, 0, 0, 0, 0]",4622,0.0,-9.338477799509207,-0.7723086748601409,0.0,0.0,-5.6509634858025946,0.0,0.0,0.0,0.0,0.0,0.0
image_04623.png,1,"[0, 0, 0, 0, 0, 0]",4623,0.0,-8.470071078488544,3.227296575140782,0.0,0.0,3.111981616381216,0.0,0.0,0.0,0.0,0.0,0.0
image_04624.png,1,"[0, 0, 0, 0, 0, 0]",4624,0.0,4.233648259228872,0.026233218557401905,0.0,0.0,3.2758855735661037,0.0,0.0,0.0,0.0,0.0,0.0
image_04625.png,1,"[0, 0, 0, 0, 0, 0]",4625,0.0,12.704149457357005,-1.625835259125898,0.0,0.0,-1.1706752137734704,0.0,0.0,0.0,0.0,0.0,0.0
image_04626.png,1,"[0, 0, 0, 0, 0, 0]",4626,0.0,-12.36268751324846,3.315860365792582,0.0,0.0,-4.059229212008827,0.0,0.0,0.0,0.0,0.0,0.0
image_04627.png,1,"[0, 0, 0, 0, 0, 0]",4627,0.0,-7.002483351512453,4.195495998992794,0.0,0.0,-7.085512050074781,0.0,0.0,0.0,0.0,0.0,0.0
image_04628.png,1,"[0, 0, 0, 0, 0, 0]",4628,0.0,-8.491341504393333,-1.2835214620102346,0.0,0.0,6.281067366328445,0.0,0.0,0.0,0.0,0.0,0.0
image_04629.png,1,"[0, 0, 0, 0, 0, 0]",4629,0.0,11.04310486584226,3.7430816808701595,0.0,0.0,3.4657333245132302,0.0,0.0,0.0,0.0,0.0,0.0
image_04630.png,1,"[0, 0, 0, 0, 0, 0]",4630,0.0,-8.66569079679033,2.3787503145425806,0.0,0.0,5.136170428211302,0.0,0.0,0.0,0.0,0.0,0.0
image_04631.png,1,"[0, 0, 0, 0, 0, 0]",4631,0.0,0.393038470508003,5.138373993173832,0.0,0.0,6.8737446288748965,0.0,0.0,0.0,0.0,0.0,0.0
image_04632.png,1,"[0, 0, 0, 0, 0, 0]",4632,0.0,0.9845518349022768,-1.8069232555553754,0.0,0.0,-10.968985731107106,0.0,0.0,0.0,0.0,0.0,0.0
image_04633.png,1,"[0, 0, 0, 0, 0, 0]",4633,0.0,-7.799904769208396,1.8142738710581,0.0,0.0,-6.987957918103835,0.0,0.0,0.0,0.0,0.0,0.0
image_04634.png,1,"[0, 0, 0, 0, 0, 0]",4634,0.0,0.7985154978804943,0.34623878688338694,0.0,0.0,-8.844111067605393,0.0,0.0,0.0,0.0,0.0,0.0
image_04635.png,1,"[0, 0, 0, 0, 0, 0]",4635,0.0,12.122613976209522,4.857666741077,0.0,0.0,-12.363070390359614,0.0,0.0,0.0,0.0,0.0,0.0
image_04636.png,1,"[0, 0, 0, 0, 0, 0]",4636,0.0,-5.2256085078754495,2.504187208164516,0.0,0.0,7.004480738406398,0.0,0.0,0.0,0.0,0.0,0.0
image_04637.png,1,"[0, 0, 0, 0, 0, 0]",4637,0.0,-6.582529542376477,4.751631368526046,0.0,0.0,-4.318302284360952,0.0,0.0,0.0,0.0,0.0,0.0
image_04638.png,1,"[0, 0, 0, 0, 0, 0]",4638,0.0,-4.817710816859275,2.9523014705505464,0.0,0.0,-9.142480970363348,0.0,0.0,0.0,0.0,0.0,0.0
image_04639.png,1,"[0, 0, 0, 0, 0, 0]",4639,0.0,-3.603902338507858,-0.23962187386618972,0.0,0.0,-9.852803360483726,0.0,0.0,0.0,0.0,0.0,0.0
image_04640.png,1,"[0, 0, 0, 0, 0, 0]",4640,0.0,-4.953228002149189,0.027088888408618672,0.0,0.0,-2.377325134895548,0.0,0.0,0.0,0.0,0.0,0.0
image_04641.png,1,"[0, 0, 0, 0, 0, 0]",4641,0.0,-5.447651127825807,2.404622632522261,0.0,0.0,0.07360732027140296,0.0,0.0,0.0,0.0,0.0,0.0
image_04642.png,1,"[0, 0, 0, 0, 0, 0]",4642,0.0,4.743876037261671,1.660681405082678,0.0,0.0,-4.890947163959082,0.0,0.0,0.0,0.0,0.0,0.0
image_04643.png,1,"[0, 0, 0, 0, 0, 0]",4643,0.0,-11.260432385350867,1.0934153072566999,0.0,0.0,-5.931194621350228,0.0,0.0,0.0,0.0,0.0,0.0
image_04644.png,1,"[0, 0, 0, 0, 0, 0]",4644,0.0,-3.863652717203948,-1.6998782512411585,0.0,0.0,-0.018745060325315786,0.0,0.0,0.0,0.0,0.0,0.0
image_04645.png,1,"[0, 0, 0, 0, 0, 0]",4645,0.0,-4.303883419588857,5.110004464370308,0.0,0.0,11.27519027576881,0.0,0.0,0.0,0.0,0.0,0.0
image_04646.png,1,"[0, 0, 0, 0, 0, 0]",4646,0.0,0.606132677519085,-1.1778909260502683,0.0,0.0,-5.0832246558978875,0.0,0.0,0.0,0.0,0.0,0.0
image_04647.png,1,"[0, 0, 0, 0, 0, 0]",4647,0.0,6.56577757400801,1.732437449787231,0.0,0.0,6.313369312293188,0.0,0.0,0.0,0.0,0.0,0.0
image_04648.png,1,"[0, 0, 0, 0, 0, 0]",4648,0.0,6.480730141482368,1.8027061861042935,0.0,0.0,-3.4346273120540807,0.0,0.0,0.0,0.0,0.0,0.0
image_04649.png,1,"[0, 0, 0, 0, 0, 0]",4649,0.0,-6.240534192648681,-0.37348824902364486,0.0,0.0,-8.428063095437798,0.0,0.0,0.0,0.0,0.0,0.0
image_04650.png,1,"[0, 0, 0, 0, 0, 0]",4650,0.0,-2.3975447166816863,-0.22973925142476448,0.0,0.0,3.4663984486936315,0.0,0.0,0.0,0.0,0.0,0.0
image_04651.png,1,"[0, 0, 0, 0, 0, 0]",4651,0.0,9.20275746415497,3.2309780802822763,0.0,0.0,-10.26372921435837,0.0,0.0,0.0,0.0,0.0,0.0
image_04652.png,1,"[0, 0, 0, 0, 0, 0]",4652,0.0,-0.15255774006143952,4.612349916089364,0.0,0.0,2.0279739966780324,0.0,0.0,0.0,0.0,0.0,0.0
image_04653.png,1,"[0, 0, 0, 0, 0, 0]",4653,0.0,-0.07508210151295458,-1.488128475994472,0.0,0.0,-1.082575686452791,0.0,0.0,0.0,0.0,0.0,0.0
image_04654.png,1,"[0, 0, 0, 0, 0, 0]",4654,0.0,10.504465481737327,0.2628391366863867,0.0,0.0,2.931846719995748,0.0,0.0,0.0,0.0,0.0,0.0
image_04655.png,1,"[0, 0, 0, 0, 0, 0]",4655,0.0,0.04856286485934902,-1.8952492287045015,0.0,0.0,9.739585445462266,0.0,0.0,0.0,0.0,0.0,0.0
image_04656.png,1,"[0, 0, 0, 0, 0, 0]",4656,0.0,4.302524074920193,0.2501057587346094,0.0,0.0,-14.052392226337442,0.0,0.0,0.0,0.0,0.0,0.0
image_04657.png,1,"[0, 0, 0, 0, 0, 0]",4657,0.0,13.580106545409123,2.456225966053373,0.0,0.0,6.805433601187386,0.0,0.0,0.0,0.0,0.0,0.0
image_04658.png,1,"[0, 0, 0, 0, 0, 0]",4658,0.0,10.574102562887795,0.20788431857023282,0.0,0.0,-10.953124940478526,0.0,0.0,0.0,0.0,0.0,0.0
image_04659.png,1,"[0, 0, 0, 0, 0, 0]",4659,0.0,-13.585705983497064,1.3051420189917398,0.0,0.0,4.927100107400635,0.0,0.0,0.0,0.0,0.0,0.0
image_04660.png,1,"[0, 0, 0, 0, 0, 0]",4660,0.0,2.7421645403445822,3.0248777172918064,0.0,0.0,-2.2583336964810385,0.0,0.0,0.0,0.0,0.0,0.0
image_04661.png,1,"[0, 0, 0, 0, 0, 0]",4661,0.0,4.965327693059834,1.5052732595217688,0.0,0.0,-0.891464838612053,0.0,0.0,0.0,0.0,0.0,0.0
image_04662.png,1,"[0, 0, 0, 0, 0, 0]",4662,0.0,-2.8884118075763467,4.670139484511614,0.0,0.0,0.9344721435090005,0.0,0.0,0.0,0.0,0.0,0.0
image_04663.png,1,"[0, 0, 0, 0, 0, 0]",4663,0.0,-3.2164301375316384,1.7138830459368082,0.0,0.0,-11.363228051715405,0.0,0.0,0.0,0.0,0.0,0.0
image_04664.png,1,"[0, 0, 0, 0, 0, 0]",4664,0.0,-7.566882237756261,2.770304354321894,0.0,0.0,-11.58053020296994,0.0,0.0,0.0,0.0,0.0,0.0
image_04665.png,1,"[0, 0, 0, 0, 0, 0]",4665,0.0,-4.923283534972882,2.2352762940453434,0.0,0.0,10.192084143243815,0.0,0.0,0.0,0.0,0.0,0.0
image_04666.png,1,"[0, 0, 0, 0, 0, 0]",4666,0.0,2.0891010434780526,5.4032668881844055,0.0,0.0,4.498033633718815,0.0,0.0,0.0,0.0,0.0,0.0
image_04667.png,1,"[0, 0, 0, 0, 0, 0]",4667,0.0,-1.3698537922047294,-0.11163472353739268,0.0,0.0,-9.610507222443843,0.0,0.0,0.0,0.0,0.0,0.0
image_04668.png,1,"[0, 0, 0, 0, 0, 0]",4668,0.0,4.899030634940843,2.0364680692112316,0.0,0.0,3.336494113017484,0.0,0.0,0.0,0.0,0.0,0.0
image_04669.png,1,"[0, 0, 0, 0, 0, 0]",4669,0.0,10.763776528961877,-0.9161024648032732,0.0,0.0,6.175372218934983,0.0,0.0,0.0,0.0,0.0,0.0
image_04670.png,1,"[0, 0, 0, 0, 0, 0]",4670,0.0,0.8590269224777813,5.398458762585603,0.0,0.0,-1.0812836124210015,0.0,0.0,0.0,0.0,0.0,0.0
image_04671.png,1,"[0, 0, 0, 0, 0, 0]",4671,0.0,-13.103141699206077,3.015739858827361,0.0,0.0,13.044509782146122,0.0,0.0,0.0,0.0,0.0,0.0
image_04672.png,1,"[0, 0, 0, 0, 0, 0]",4672,0.0,-7.7099570457407935,-1.8682122080903594,0.0,0.0,-5.050246774009941,0.0,0.0,0.0,0.0,0.0,0.0
image_04673.png,1,"[0, 0, 0, 0, 0, 0]",4673,0.0,-9.936555638481437,2.693613606288743,0.0,0.0,-7.805814923037296,0.0,0.0,0.0,0.0,0.0,0.0
image_04674.png,1,"[0, 0, 0, 0, 0, 0]",4674,0.0,-3.9779370086664585,-0.5937717270305647,0.0,0.0,-3.289274451319709,0.0,0.0,0.0,0.0,0.0,0.0
image_04675.png,1,"[0, 0, 0, 0, 0, 0]",4675,0.0,0.4877548598828625,4.0448980157850105,0.0,0.0,-3.941744002842602,0.0,0.0,0.0,0.0,0.0,0.0
image_04676.png,1,"[0, 0, 0, 0, 0, 0]",4676,0.0,-4.219398588293842,3.948748112583637,0.0,0.0,-13.498489229254071,0.0,0.0,0.0,0.0,0.0,0.0
image_04677.png,1,"[0, 0, 0, 0, 0, 0]",4677,0.0,10.816015105981876,-1.0463601658975228,0.0,0.0,0.9449230695797272,0.0,0.0,0.0,0.0,0.0,0.0
image_04678.png,1,"[0, 0, 0, 0, 0, 0]",4678,0.0,3.577434006967465,-0.43145686809422257,0.0,0.0,-8.213672511424566,0.0,0.0,0.0,0.0,0.0,0.0
image_04679.png,1,"[0, 0, 0, 0, 0, 0]",4679,0.0,10.734493109978828,-1.964668640158147,0.0,0.0,2.0536478171963637,0.0,0.0,0.0,0.0,0.0,0.0
image_04680.png,1,"[0, 0, 0, 0, 0, 0]",4680,0.0,3.604242424256178,-1.0404847198997556,0.0,0.0,1.2147912739452829,0.0,0.0,0.0,0.0,0.0,0.0
image_04681.png,1,"[0, 0, 0, 0, 0, 0]",4681,0.0,-8.480226821578057,-0.01781231986454812,0.0,0.0,7.728243756529929,0.0,0.0,0.0,0.0,0.0,0.0
image_04682.png,1,"[0, 0, 0, 0, 0, 0]",4682,0.0,7.78227227928015,-1.91877431192877,0.0,0.0,-6.497223604058025,0.0,0.0,0.0,0.0,0.0,0.0
image_04683.png,1,"[0, 0, 0, 0, 0, 0]",4683,0.0,2.9491392462873236,5.214910371482578,0.0,0.0,8.432419964491132,0.0,0.0,0.0,0.0,0.0,0.0
image_04684.png,1,"[0, 0, 0, 0, 0, 0]",4684,0.0,-12.193425789548712,-1.1637456662453662,0.0,0.0,-1.8366998386843831,0.0,0.0,0.0,0.0,0.0,0.0
image_04685.png,1,"[0, 0, 0, 0, 0, 0]",4685,0.0,8.109355560071286,3.545298576184625,0.0,0.0,1.1153585264873274,0.0,0.0,0.0,0.0,0.0,0.0
image_04686.png,1,"[0, 0, 0, 0, 0, 0]",4686,0.0,1.9911612104844423,3.036505165458645,0.0,0.0,1.025429907084545,0.0,0.0,0.0,0.0,0.0,0.0
image_04687.png,1,"[0, 0, 0, 0, 0, 0]",4687,0.0,-2.3354973059078503,4.572677440368613,0.0,0.0,-20.0,0.0,0.0,0.0,0.0,0.0,0.0
image_04688.png,1,"[0, 0, 0, 0, 0, 0]",4688,0.0,6.266897902190614,-1.3278509167902677,0.0,0.0,10.130273875800187,0.0,0.0,0.0,0.0,0.0,0.0
image_04689.png,1,"[0, 0, 0, 0, 0, 0]",4689,0.0,-8.717751510181316,4.990795422086507,0.0,0.0,3.4830500380701572,0.0,0.0,0.0,0.0,0.0,0.0
image_04690.png,1,"[0, 0, 0, 0, 0, 0]",4690,0.0,11.37395123790855,0.7923580581930834,0.0,0.0,12.173992750527612,0.0,0.0,0.0,0.0,0.0,0.0
image_04691.png,1,"[0, 0, 0, 0, 0, 0]",4691,0.0,-3.9390206452441134,-1.7852892840245695,0.0,0.0,7.4196281142285025,0.0,0.0,0.0,0.0,0.0,0.0
image_04692.png,1,"[0, 0, 0, 0, 0, 0]",4692,0.0,-12.672650753983717,2.22119110917059,0.0,0.0,-2.651377964816701,0.0,0.0,0.0,0.0,0.0,0.0
image_04693.png,1,"[0, 0, 0, 0, 0, 0]",4693,0.0,8.564563713332731,3.068616137935651,0.0,0.0,6.54636624071797,0.0,0.0,0.0,0.0,0.0,0.0
image_04694.png,1,"[0, 0, 0, 0, 0, 0]",4694,0.0,-4.047674432130748,2.0565193402370108,0.0,0.0,-11.450520070161671,0.0,0.0,0.0,0.0,0.0,0.0
image_04695.png,1,"[0, 0, 0, 0, 0, 0]",4695,0.0,-9.17389068445388,5.249041978096117,0.0,0.0,2.523839308837385,0.0,0.0,0.0,0.0,0.0,0.0
image_04696.png,1,"[0, 0, 0, 0, 0, 0]",4696,0.0,-4.159121402815828,-0.01103928953133182,0.0,0.0,-4.861886388497545,0.0,0.0,0.0,0.0,0.0,0.0
image_04697.png,1,"[0, 0, 0, 0, 0, 0]",4697,0.0,-8.497355641337151,5.432216723734335,0.0,0.0,-4.7423023944951606,0.0,0.0,0.0,0.0,0.0,0.0
image_04698.png,1,"[0, 0, 0, 0, 0, 0]",4698,0.0,10.352530949335886,5.144208842971924,0.0,0.0,-7.485241744113215,0.0,0.0,0.0,0.0,0.0,0.0
image_04699.png,1,"[0, 0, 0, 0, 0, 0]",4699,0.0,-10.273823092128126,5.293489208474083,0.0,0.0,10.35009981424404,0.0,0.0,0.0,0.0,0.0,0.0
image_04700.png,1,"[0, 0, 0, 0, 0, 0]",4700,0.0,-13.011730395730993,-0.27713455893473604,0.0,0.0,14.99951179187792,0.0,0.0,0.0,0.0,0.0,0.0
image_04701.png,1,"[0, 0, 0, 0, 0, 0]",4701,0.0,-10.324680823293633,0.3635802648745723,0.0,0.0,0.23535428178788875,0.0,0.0,0.0,0.0,0.0,0.0
image_04702.png,1,"[0, 0, 0, 0, 0, 0]",4702,0.0,-3.883160491507411,3.9874253127761454,0.0,0.0,-0.5183250692879615,0.0,0.0,0.0,0.0,0.0,0.0
image_04703.png,1,"[0, 0, 0, 0, 0, 0]",4703,0.0,-5.108866496668497,-1.3534221390399852,0.0,0.0,6.669068151767287,0.0,0.0,0.0,0.0,0.0,0.0
image_04704.png,1,"[0, 0, 0, 0, 0, 0]",4704,0.0,-3.4430578307170947,-0.5201839689532344,0.0,0.0,-1.2600928523967156,0.0,0.0,0.0,0.0,0.0,0.0
image_04705.png,1,"[0, 0, 0, 0, 0, 0]",4705,0.0,13.155101518405893,-0.5663100137950365,0.0,0.0,1.89405098173549,0.0,0.0,0.0,0.0,0.0,0.0
image_04706.png,1,"[0, 0, 0, 0, 0, 0]",4706,0.0,9.366731849564772,-1.711501034303717,0.0,0.0,-3.5455483783667066,0.0,0.0,0.0,0.0,0.0,0.0
image_04707.png,1,"[0, 0, 0, 0, 0, 0]",4707,0.0,-8.368740907282046,4.7947660335192825,0.0,0.0,-7.461803422608983,0.0,0.0,0.0,0.0,0.0,0.0
image_04708.png,1,"[0, 0, 0, 0, 0, 0]",4708,0.0,12.800750509106969,5.475819972226717,0.0,0.0,-12.587581893974173,0.0,0.0,0.0,0.0,0.0,0.0
image_04709.png,1,"[0, 0, 0, 0, 0, 0]",4709,0.0,10.743486872029017,0.5864734765641724,0.0,0.0,-8.227802702056266,0.0,0.0,0.0,0.0,0.0,0.0
image_04710.png,1,"[0, 0, 0, 0, 0, 0]",4710,0.0,-2.8645441993987646,-0.4196667520043773,0.0,0.0,9.877686686776656,0.0,0.0,0.0,0.0,0.0,0.0
image_04711.png,1,"[0, 0, 0, 0, 0, 0]",4711,0.0,9.820657032330473,1.660563123784741,0.0,0.0,-4.599112907266932,0.0,0.0,0.0,0.0,0.0,0.0
image_04712.png,1,"[0, 0, 0, 0, 0, 0]",4712,0.0,7.417268893237718,1.9774480657229363,0.0,0.0,1.8157395634246942,0.0,0.0,0.0,0.0,0.0,0.0
image_04713.png,1,"[0, 0, 0, 0, 0, 0]",4713,0.0,10.379927602709884,3.355386191956679,0.0,0.0,-3.530221349884538,0.0,0.0,0.0,0.0,0.0,0.0
image_04714.png,1,"[0, 0, 0, 0, 0, 0]",4714,0.0,-10.046884224042856,1.7216080974871355,0.0,0.0,-8.968422199631345,0.0,0.0,0.0,0.0,0.0,0.0
image_04715.png,1,"[0, 0, 0, 0, 0, 0]",4715,0.0,-13.067369492589066,-0.859212997898269,0.0,0.0,13.208128364132092,0.0,0.0,0.0,0.0,0.0,0.0
image_04716.png,1,"[0, 0, 0, 0, 0, 0]",4716,0.0,-5.099985557294431,3.897296719808052,0.0,0.0,7.641623777725328,0.0,0.0,0.0,0.0,0.0,0.0
image_04717.png,1,"[0, 0, 0, 0, 0, 0]",4717,0.0,-3.667657046236002,-1.769856933836302,0.0,0.0,-4.138007788407889,0.0,0.0,0.0,0.0,0.0,0.0
image_04718.png,1,"[0, 0, 0, 0, 0, 0]",4718,0.0,12.435210307848251,0.5050174391079931,0.0,0.0,-19.69644713702872,0.0,0.0,0.0,0.0,0.0,0.0
image_04719.png,1,"[0, 0, 0, 0, 0, 0]",4719,0.0,-9.989749914646367,3.138464535748616,0.0,0.0,-14.719118694095265,0.0,0.0,0.0,0.0,0.0,0.0
image_04720.png,1,"[0, 0, 0, 0, 0, 0]",4720,0.0,-6.01734467681905,5.143816875337122,0.0,0.0,-3.7626609699476448,0.0,0.0,0.0,0.0,0.0,0.0
image_04721.png,1,"[0, 0, 0, 0, 0, 0]",4721,0.0,-13.751301499637535,-0.308310700718897,0.0,0.0,-6.210863073741003,0.0,0.0,0.0,0.0,0.0,0.0
image_04722.png,1,"[0, 0, 0, 0, 0, 0]",4722,0.0,1.7435871923618507,3.6717143422066743,0.0,0.0,-3.490659015091753,0.0,0.0,0.0,0.0,0.0,0.0
image_04723.png,1,"[0, 0, 0, 0, 0, 0]",4723,0.0,12.216141281457226,0.49191150394548444,0.0,0.0,9.213786814405552,0.0,0.0,0.0,0.0,0.0,0.0
image_04724.png,1,"[0, 0, 0, 0, 0, 0]",4724,0.0,8.773771291760355,1.884246137737402,0.0,0.0,3.3403624877557183,0.0,0.0,0.0,0.0,0.0,0.0
image_04725.png,1,"[0, 0, 0, 0, 0, 0]",4725,0.0,-6.5723266406669865,1.2139878488109175,0.0,0.0,2.5736418420737546,0.0,0.0,0.0,0.0,0.0,0.0
image_04726.png,1,"[0, 0, 0, 0, 0, 0]",4726,0.0,3.866848663346275,-1.869705171429282,0.0,0.0,-0.8409930275216304,0.0,0.0,0.0,0.0,0.0,0.0
image_04727.png,1,"[0, 0, 0, 0, 0, 0]",4727,0.0,-5.625629023181958,-0.684517182168602,0.0,0.0,7.004002706823416,0.0,0.0,0.0,0.0,0.0,0.0
image_04728.png,1,"[0, 0, 0, 0, 0, 0]",4728,0.0,-2.832263493636944,3.769604703403158,0.0,0.0,9.78766349915068,0.0,0.0,0.0,0.0,0.0,0.0
image_04729.png,1,"[0, 0, 0, 0, 0, 0]",4729,0.0,13.590888388304975,4.55860182311416,0.0,0.0,-13.849493650681445,0.0,0.0,0.0,0.0,0.0,0.0
image_04730.png,1,"[0, 0, 0, 0, 0, 0]",4730,0.0,-11.969775104694662,3.3716272156316647,0.0,0.0,13.134146735911653,0.0,0.0,0.0,0.0,0.0,0.0
image_04731.png,1,"[0, 0, 0, 0, 0, 0]",4731,0.0,-10.232152794428956,0.69413006353341,0.0,0.0,-4.986067692826486,0.0,0.0,0.0,0.0,0.0,0.0
image_04732.png,1,"[0, 0, 0, 0, 0, 0]",4732,0.0,6.238987461258773,2.415558922651331,0.0,0.0,4.9230590699847365,0.0,0.0,0.0,0.0,0.0,0.0
image_04733.png,1,"[0, 0, 0, 0, 0, 0]",4733,0.0,0.7006372162782455,5.02136164510889,0.0,0.0,-7.318828531138977,0.0,0.0,0.0,0.0,0.0,0.0
image_04734.png,1,"[0, 0, 0, 0, 0, 0]",4734,0.0,1.5040380446289703,4.634485746082652,0.0,0.0,-20.0,0.0,0.0,0.0,0.0,0.0,0.0
image_04735.png,1,"[0, 0, 0, 0, 0, 0]",4735,0.0,-1.2486619106532828,1.0850843041918523,0.0,0.0,-0.4464499882354621,0.0,0.0,0.0,0.0,0.0,0.0
image_04736.png,1,"[0, 0, 0, 0, 0, 0]",4736,0.0,11.548386486009441,4.068926757011927,0.0,0.0,-0.2283948495945563,0.0,0.0,0.0,0.0,0.0,0.0
image_04737.png,1,"[0, 0, 0, 0, 0, 0]",4737,0.0,-8.885986659297856,-0.6414375752952752,0.0,0.0,-3.493808194863556,0.0,0.0,0.0,0.0,0.0,0.0
image_04738.png,1,"[0, 0, 0, 0, 0, 0]",4738,0.0,-2.9766285892165385,2.3135153600951766,0.0,0.0,0.47188844150042375,0.0,0.0,0.0,0.0,0.0,0.0
image_04739.png,1,"[0, 0, 0, 0, 0, 0]",4739,0.0,6.717688442812786,2.8822666278616556,0.0,0.0,2.419564823174456,0.0,0.0,0.0,0.0,0.0,0.0
image_04740.png,1,"[0, 0, 0, 0, 0, 0]",4740,0.0,2.6496650557302885,5.087440237767087,0.0,0.0,20.0,0.0,0.0,0.0,0.0,0.0,0.0
image_04741.png,1,"[0, 0, 0, 0, 0, 0]",4741,0.0,11.099883262007765,-1.838183242014455,0.0,0.0,1.941707701280013,0.0,0.0,0.0,0.0,0.0,0.0
image_04742.png,1,"[0, 0, 0, 0, 0, 0]",4742,0.0,5.091281534469061,2.650314616966246,0.0,0.0,9.820044355553177,0.0,0.0,0.0,0.0,0.0,0.0
image_04743.png,1,"[0, 0, 0, 0, 0, 0]",4743,0.0,-12.436994314706041,1.1904502006307576,0.0,0.0,8.003499272068819,0.0,0.0,0.0,0.0,0.0,0.0
image_04744.png,1,"[0, 0, 0, 0, 0, 0]",4744,0.0,6.844060294744708,5.0402456007075225,0.0,0.0,-11.829440301344505,0.0,0.0,0.0,0.0,0.0,0.0
image_04745.png,1,"[0, 0, 0, 0, 0, 0]",4745,0.0,5.594694409339013,4.99098951422001,0.0,0.0,-3.570051192741531,0.0,0.0,0.0,0.0,0.0,0.0
image_04746.png,1,"[0, 0, 0, 0, 0, 0]",4746,0.0,13.496175467063665,1.8645359005622106,0.0,0.0,-5.151546260513461,0.0,0.0,0.0,0.0,0.0,0.0
image_04747.png,1,"[0, 0, 0, 0, 0, 0]",4747,0.0,-2.042072856398235,0.895100533207982,0.0,0.0,-10.719043265351582,0.0,0.0,0.0,0.0,0.0,0.0
image_04748.png,1,"[0, 0, 0, 0, 0, 0]",4748,0.0,-13.503926469088427,0.19145215081449196,0.0,0.0,-14.75373290672498,0.0,0.0,0.0,0.0,0.0,0.0
image_04749.png,1,"[0, 0, 0, 0, 0, 0]",4749,0.0,8.074034164395421,2.4331489223895906,0.0,0.0,9.842275197652793,0.0,0.0,0.0,0.0,0.0,0.0
image_04750.png,1,"[0, 0, 0, 0, 0, 0]",4750,0.0,2.2862329239272583,4.396541261192298,0.0,0.0,4.643935323418858,0.0,0.0,0.0,0.0,0.0,0.0
image_04751.png,1,"[0, 0, 0, 0, 0, 0]",4751,0.0,-0.7774480844104659,0.1540552595424769,0.0,0.0,2.3690354826429534,0.0,0.0,0.0,0.0,0.0,0.0
image_04752.png,1,"[0, 0, 0, 0, 0, 0]",4752,0.0,-1.5109093872378452,2.1103567074840557,0.0,0.0,8.59141508900902,0.0,0.0,0.0,0.0,0.0,0.0
image_04753.png,1,"[0, 0, 0, 0, 0, 0]",4753,0.0,-6.346057266771155,-1.7704529969201612,0.0,0.0,5.277516081376513,0.0,0.0,0.0,0.0,0.0,0.0
image_04754.png,1,"[0, 0, 0, 0, 0, 0]",4754,0.0,-5.009214786997873,-0.2684382743675773,0.0,0.0,-9.222777754152494,0.0,0.0,0.0,0.0,0.0,0.0
image_04755.png,1,"[0, 0, 0, 0, 0, 0]",4755,0.0,-12.304673672341494,-1.5636145272956095,0.0,0.0,0.5649885519454193,0.0,0.0,0.0,0.0,0.0,0.0
image_04756.png,1,"[0, 0, 0, 0, 0, 0]",4756,0.0,2.2969943109154514,0.265382415427311,0.0,0.0,-0.5905408588899554,0.0,0.0,0.0,0.0,0.0,0.0
image_04757.png,1,"[0, 0, 0, 0, 0, 0]",4757,0.0,4.617774506342599,2.8357325551722887,0.0,0.0,-9.370745476167507,0.0,0.0,0.0,0.0,0.0,0.0
image_04758.png,1,"[0, 0, 0, 0, 0, 0]",4758,0.0,3.7358652494107716,4.431400882725538,0.0,0.0,-9.508638971216367,0.0,0.0,0.0,0.0,0.0,0.0
image_04759.png,1,"[0, 0, 0, 0, 0, 0]",4759,0.0,-13.270534486655919,4.256167820468386,0.0,0.0,3.903174647133267,0.0,0.0,0.0,0.0,0.0,0.0
image_04760.png,1,"[0, 0, 0, 0, 0, 0]",4760,0.0,3.039806660665427,4.571093958058448,0.0,0.0,-10.705844493005554,0.0,0.0,0.0,0.0,0.0,0.0
image_04761.png,1,"[0, 0, 0, 0, 0, 0]",4761,0.0,-9.883389787768664,1.475963484227162,0.0,0.0,5.184141656001812,0.0,0.0,0.0,0.0,0.0,0.0
image_04762.png,1,"[0, 0, 0, 0, 0, 0]",4762,0.0,-7.216878146357928,1.5741543129932536,0.0,0.0,-8.79012150837895,0.0,0.0,0.0,0.0,0.0,0.0
image_04763.png,1,"[0, 0, 0, 0, 0, 0]",4763,0.0,8.271414339473338,0.2155485233073322,0.0,0.0,3.7478787090960552,0.0,0.0,0.0,0.0,0.0,0.0
image_04764.png,1,"[0, 0, 0, 0, 0, 0]",4764,0.0,-12.906892141652861,3.409730797252961,0.0,0.0,18.18026759910468,0.0,0.0,0.0,0.0,0.0,0.0
image_04765.png,1,"[0, 0, 0, 0, 0, 0]",4765,0.0,-12.021604065891466,4.577187644732908,0.0,0.0,-11.924146757427726,0.0,0.0,0.0,0.0,0.0,0.0
image_04766.png,1,"[0, 0, 0, 0, 0, 0]",4766,0.0,-0.8254605853148291,4.311955661795292,0.0,0.0,-14.934009311563821,0.0,0.0,0.0,0.0,0.0,0.0
image_04767.png,1,"[0, 0, 0, 0, 0, 0]",4767,0.0,-10.102469750894485,2.674843899085289,0.0,0.0,7.074552514862882,0.0,0.0,0.0,0.0,0.0,0.0
image_04768.png,1,"[0, 0, 0, 0, 0, 0]",4768,0.0,-5.193645392288687,1.244590835017998,0.0,0.0,10.074171154968374,0.0,0.0,0.0,0.0,0.0,0.0
image_04769.png,1,"[0, 0, 0, 0, 0, 0]",4769,0.0,-9.387902594125464,0.5802871169519932,0.0,0.0,5.7066121536359455,0.0,0.0,0.0,0.0,0.0,0.0
image_04770.png,1,"[0, 0, 0, 0, 0, 0]",4770,0.0,4.7900829587076075,1.2220990541937131,0.0,0.0,13.826964973071023,0.0,0.0,0.0,0.0,0.0,0.0
image_04771.png,1,"[0, 0, 0, 0, 0, 0]",4771,0.0,-4.353789344900278,1.7558678793409168,0.0,0.0,5.757474430490939,0.0,0.0,0.0,0.0,0.0,0.0
image_04772.png,1,"[0, 0, 0, 0, 0, 0]",4772,0.0,4.463963878909311,-1.577529923428819,0.0,0.0,3.9303471184945167,0.0,0.0,0.0,0.0,0.0,0.0
image_04773.png,1,"[0, 0, 0, 0, 0, 0]",4773,0.0,1.084011668942125,3.969103844809533,0.0,0.0,-2.536612138302252,0.0,0.0,0.0,0.0,0.0,0.0
image_04774.png,1,"[0, 0, 0, 0, 0, 0]",4774,0.0,12.465755552739552,1.74687038932211,0.0,0.0,10.823762750712097,0.0,0.0,0.0,0.0,0.0,0.0
image_04775.png,1,"[0, 0, 0, 0, 0, 0]",4775,0.0,-6.796198622469149,4.827017081407913,0.0,0.0,-2.844054917915294,0.0,0.0,0.0,0.0,0.0,0.0
image_04776.png,1,"[0, 0, 0, 0, 0, 0]",4776,0.0,-9.034077051047703,0.7978971429581172,0.0,0.0,-1.1496403043604142,0.0,0.0,0.0,0.0,0.0,0.0
image_04777.png,1,"[0, 0, 0, 0, 0, 0]",4777,0.0,3.9613115286656893,0.19215731506181388,0.0,0.0,11.866817991506611,0.0,0.0,0.0,0.0,0.0,0.0
image_04778.png,1,"[0, 0, 0, 0, 0, 0]",4778,0.0,-4.403820197862984,-1.5819909143016067,0.0,0.0,16.267676686141144,0.0,0.0,0.0,0.0,0.0,0.0
image_04779.png,1,"[0, 0, 0, 0, 0, 0]",4779,0.0,7.153410622364113,4.703068177079469,0.0,0.0,0.3686393983820805,0.0,0.0,0.0,0.0,0.0,0.0
image_04780.png,1,"[0, 0, 0, 0, 0, 0]",4780,0.0,-0.6117873038927968,-0.3797213168602185,0.0,0.0,-4.8527265557942325,0.0,0.0,0.0,0.0,0.0,0.0
image_04781.png,1,"[0, 0, 0, 0, 0, 0]",4781,0.0,-3.124215756753273,3.7453759744762447,0.0,0.0,7.414546740011061,0.0,0.0,0.0,0.0,0.0,0.0
image_04782.png,1,"[0, 0, 0, 0, 0, 0]",4782,0.0,-7.517769328510894,-0.8896317435323966,0.0,0.0,1.7109643324993828,0.0,0.0,0.0,0.0,0.0,0.0
image_04783.png,1,"[0, 0, 0, 0, 0, 0]",4783,0.0,-11.53460285066113,0.717935460002185,0.0,0.0,12.584125526853287,0.0,0.0,0.0,0.0,0.0,0.0
image_04784.png,1,"[0, 0, 0, 0, 0, 0]",4784,0.0,10.601001717797644,2.2575578227616075,0.0,0.0,7.635802260582842,0.0,0.0,0.0,0.0,0.0,0.0
image_04785.png,1,"[0, 0, 0, 0, 0, 0]",4785,0.0,9.364366431823306,-0.85210729259077,0.0,0.0,-0.9538535022693418,0.0,0.0,0.0,0.0,0.0,0.0
image_04786.png,1,"[0, 0, 0, 0, 0, 0]",4786,0.0,-11.404727513809917,1.6666099346535397,0.0,0.0,2.8059454493689024,0.0,0.0,0.0,0.0,0.0,0.0
image_04787.png,1,"[0, 0, 0, 0, 0, 0]",4787,0.0,10.837760813205023,-0.8321500493549523,0.0,0.0,6.519960872455711,0.0,0.0,0.0,0.0,0.0,0.0
image_04788.png,1,"[0, 0, 0, 0, 0, 0]",4788,0.0,11.492758622328026,2.6064334458371468,0.0,0.0,3.7281531811475532,0.0,0.0,0.0,0.0,0.0,0.0
image_04789.png,1,"[0, 0, 0, 0, 0, 0]",4789,0.0,6.742180774521856,4.099293623730361,0.0,0.0,-0.542437201018007,0.0,0.0,0.0,0.0,0.0,0.0
image_04790.png,1,"[0, 0, 0, 0, 0, 0]",4790,0.0,7.58656369279241,2.530661266335686,0.0,0.0,6.787499117074458,0.0,0.0,0.0,0.0,0.0,0.0
image_04791.png,1,"[0, 0, 0, 0, 0, 0]",4791,0.0,0.5616647526991159,-1.0407783827712564,0.0,0.0,-0.715836498029307,0.0,0.0,0.0,0.0,0.0,0.0
image_04792.png,1,"[0, 0, 0, 0, 0, 0]",4792,0.0,-8.590840252924565,-1.8835357657008056,0.0,0.0,0.6609664455631598,0.0,0.0,0.0,0.0,0.0,0.0
image_04793.png,1,"[0, 0, 0, 0, 0, 0]",4793,0.0,-6.344891105086518,4.6194997690035615,0.0,0.0,3.7298055057704453,0.0,0.0,0.0,0.0,0.0,0.0
image_04794.png,1,"[0, 0, 0, 0, 0, 0]",4794,0.0,13.373346191066616,4.659780822846,0.0,0.0,0.17522945570538598,0.0,0.0,0.0,0.0,0.0,0.0
image_04795.png,1,"[0, 0, 0, 0, 0, 0]",4795,0.0,7.447422621942351,2.5181125074266992,0.0,0.0,-3.5119947782626597,0.0,0.0,0.0,0.0,0.0,0.0
image_04796.png,1,"[0, 0, 0, 0, 0, 0]",4796,0.0,-10.44108563292204,4.3258300886912915,0.0,0.0,4.279965292122134,0.0,0.0,0.0,0.0,0.0,0.0
image_04797.png,1,"[0, 0, 0, 0, 0, 0]",4797,0.0,-4.338026151185488,0.8366262827972659,0.0,0.0,-11.488759165584106,0.0,0.0,0.0,0.0,0.0,0.0
image_04798.png,1,"[0, 0, 0, 0, 0, 0]",4798,0.0,11.411076105243914,5.298391689832983,0.0,0.0,-17.222573603199663,0.0,0.0,0.0,0.0,0.0,0.0
image_04799.png,1,"[0, 0, 0, 0, 0, 0]",4799,0.0,-6.237439348223347,4.28205311942549,0.0,0.0,-14.927008469193371,0.0,0.0,0.0,0.0,0.0,0.0
image_04800.png,1,"[0, 0, 0, 0, 0, 0]",4800,0.0,9.431000065051137,0.3119760114575727,0.0,0.0,3.3513820135818504,0.0,0.0,0.0,0.0,0.0,0.0
image_04801.png,1,"[0, 0, 0, 0, 0, 0]",4801,0.0,11.357492940021174,4.397540236818519,0.0,0.0,9.665537067565124,0.0,0.0,0.0,0.0,0.0,0.0
image_04802.png,1,"[0, 0, 0, 0, 0, 0]",4802,0.0,6.819070220201347,5.252485194795491,0.0,0.0,-5.423540918759291,0.0,0.0,0.0,0.0,0.0,0.0
image_04803.png,1,"[0, 0, 0, 0, 0, 0]",4803,0.0,5.483020432264908,3.0223055792077353,0.0,0.0,-0.820899393897854,0.0,0.0,0.0,0.0,0.0,0.0
image_04804.png,1,"[0, 0, 0, 0, 0, 0]",4804,0.0,3.0497794808112104,3.2672738307418747,0.0,0.0,1.5755321116866494,0.0,0.0,0.0,0.0,0.0,0.0
image_04805.png,1,"[0, 0, 0, 0, 0, 0]",4805,0.0,5.68668598870029,2.8634861254131607,0.0,0.0,7.479919375311708,0.0,0.0,0.0,0.0,0.0,0.0
image_04806.png,1,"[0, 0, 0, 0, 0, 0]",4806,0.0,-9.749061978359691,-0.30000176828234704,0.0,0.0,11.239658791947036,0.0,0.0,0.0,0.0,0.0,0.0
image_04807.png,1,"[0, 0, 0, 0, 0, 0]",4807,0.0,10.593636662630061,1.3234055679466916,0.0,0.0,-8.614598432926341,0.0,0.0,0.0,0.0,0.0,0.0
image_04808.png,1,"[0, 0, 0, 0, 0, 0]",4808,0.0,-4.70825511900199,2.994926902636985,0.0,0.0,-1.913501670297294,0.0,0.0,0.0,0.0,0.0,0.0
image_04809.png,1,"[0, 0, 0, 0, 0, 0]",4809,0.0,-8.541020178329063,4.527449363375758,0.0,0.0,-12.492265203586152,0.0,0.0,0.0,0.0,0.0,0.0
image_04810.png,1,"[0, 0, 0, 0, 0, 0]",4810,0.0,-3.5294353817232818,3.115908915140678,0.0,0.0,2.294931531105435,0.0,0.0,0.0,0.0,0.0,0.0
image_04811.png,1,"[0, 0, 0, 0, 0, 0]",4811,0.0,0.9136011899312777,5.423525185807197,0.0,0.0,-8.864593069891379,0.0,0.0,0.0,0.0,0.0,0.0
image_04812.png,1,"[0, 0, 0, 0, 0, 0]",4812,0.0,-4.359631197276812,1.7549019984410812,0.0,0.0,-14.726762564329151,0.0,0.0,0.0,0.0,0.0,0.0
image_04813.png,1,"[0, 0, 0, 0, 0, 0]",4813,0.0,0.7321237885614806,-0.5624163696010074,0.0,0.0,10.165590086207215,0.0,0.0,0.0,0.0,0.0,0.0
image_04814.png,1,"[0, 0, 0, 0, 0, 0]",4814,0.0,-10.668820072967335,1.2255464325606615,0.0,0.0,-4.5079262655815056,0.0,0.0,0.0,0.0,0.0,0.0
image_04815.png,1,"[0, 0, 0, 0, 0, 0]",4815,0.0,-3.4482570661020304,4.84892911511643,0.0,0.0,-0.37601132757620376,0.0,0.0,0.0,0.0,0.0,0.0
image_04816.png,1,"[0, 0, 0, 0, 0, 0]",4816,0.0,6.602127420205392,2.0666534414987803,0.0,0.0,1.951500989614251,0.0,0.0,0.0,0.0,0.0,0.0
image_04817.png,1,"[0, 0, 0, 0, 0, 0]",4817,0.0,4.818346267142829,-0.6348733405265259,0.0,0.0,-2.0489632912717655,0.0,0.0,0.0,0.0,0.0,0.0
image_04818.png,1,"[0, 0, 0, 0, 0, 0]",4818,0.0,7.991010024981762,3.4375885622873383,0.0,0.0,5.146937741098205,0.0,0.0,0.0,0.0,0.0,0.0
image_04819.png,1,"[0, 0, 0, 0, 0, 0]",4819,0.0,1.612394518748232,0.5420805243950277,0.0,0.0,-13.664546819606448,0.0,0.0,0.0,0.0,0.0,0.0
image_04820.png,1,"[0, 0, 0, 0, 0, 0]",4820,0.0,-0.1393691661224068,4.627152418044157,0.0,0.0,-0.34098181506755815,0.0,0.0,0.0,0.0,0.0,0.0
image_04821.png,1,"[0, 0, 0, 0, 0, 0]",4821,0.0,-2.824874975499327,-0.5163208831798201,0.0,0.0,6.083579527825824,0.0,0.0,0.0,0.0,0.0,0.0
image_04822.png,1,"[0, 0, 0, 0, 0, 0]",4822,0.0,-4.940218838042327,0.9027584753312285,0.0,0.0,3.333822947232334,0.0,0.0,0.0,0.0,0.0,0.0
image_04823.png,1,"[0, 0, 0, 0, 0, 0]",4823,0.0,-10.337530121120395,-1.7611260028685654,0.0,0.0,-3.9445667878514654,0.0,0.0,0.0,0.0,0.0,0.0
image_04824.png,1,"[0, 0, 0, 0, 0, 0]",4824,0.0,-1.2441891757594306,-0.030164912672925537,0.0,0.0,-5.2814683347646145,0.0,0.0,0.0,0.0,0.0,0.0
image_04825.png,1,"[0, 0, 0, 0, 0, 0]",4825,0.0,-4.401298992094169,-1.0047018434033985,0.0,0.0,-16.917462243954652,0.0,0.0,0.0,0.0,0.0,0.0
image_04826.png,1,"[0, 0, 0, 0, 0, 0]",4826,0.0,-11.958774793693593,0.8992556535019403,0.0,0.0,4.67903086904767,0.0,0.0,0.0,0.0,0.0,0.0
image_04827.png,1,"[0, 0, 0, 0, 0, 0]",4827,0.0,-6.918646492040224,1.1443099906951084,0.0,0.0,-5.318653532469242,0.0,0.0,0.0,0.0,0.0,0.0
image_04828.png,1,"[0, 0, 0, 0, 0, 0]",4828,0.0,-4.260660128224316,-0.647533395264303,0.0,0.0,-1.013354334888512,0.0,0.0,0.0,0.0,0.0,0.0
image_04829.png,1,"[0, 0, 0, 0, 0, 0]",4829,0.0,-13.525426390651603,-1.307645763509801,0.0,0.0,8.325271509497842,0.0,0.0,0.0,0.0,0.0,0.0
image_04830.png,1,"[0, 0, 0, 0, 0, 0]",4830,0.0,0.3613098272353312,-1.2508189830555587,0.0,0.0,1.492261373255878,0.0,0.0,0.0,0.0,0.0,0.0
image_04831.png,1,"[0, 0, 0, 0, 0, 0]",4831,0.0,7.174159023961295,3.057891494886886,0.0,0.0,-0.08028294017709502,0.0,0.0,0.0,0.0,0.0,0.0
image_04832.png,1,"[0, 0, 0, 0, 0, 0]",4832,0.0,4.794113737356881,0.6788891942292499,0.0,0.0,-4.7601418127514785,0.0,0.0,0.0,0.0,0.0,0.0
image_04833.png,1,"[0, 0, 0, 0, 0, 0]",4833,0.0,-11.645192703221412,-0.5831224662784187,0.0,0.0,3.537713135231127,0.0,0.0,0.0,0.0,0.0,0.0
image_04834.png,1,"[0, 0, 0, 0, 0, 0]",4834,0.0,9.99674740651946,2.4421072983252667,0.0,0.0,8.155855801580417,0.0,0.0,0.0,0.0,0.0,0.0
image_04835.png,1,"[0, 0, 0, 0, 0, 0]",4835,0.0,-9.958626305062836,5.416113632557378,0.0,0.0,-8.948095188847203,0.0,0.0,0.0,0.0,0.0,0.0
image_04836.png,1,"[0, 0, 0, 0, 0, 0]",4836,0.0,-8.795503990109012,-0.5224227532117127,0.0,0.0,-16.771961901929046,0.0,0.0,0.0,0.0,0.0,0.0
image_04837.png,1,"[0, 0, 0, 0, 0, 0]",4837,0.0,9.175644304361079,0.7916105261750972,0.0,0.0,14.526595169202796,0.0,0.0,0.0,0.0,0.0,0.0
image_04838.png,1,"[0, 0, 0, 0, 0, 0]",4838,0.0,-8.455207631956426,-0.16326640813480497,0.0,0.0,0.1162789242082094,0.0,0.0,0.0,0.0,0.0,0.0
image_04839.png,1,"[0, 0, 0, 0, 0, 0]",4839,0.0,3.910159899767258,0.7555466318332171,0.0,0.0,6.0912826903770725,0.0,0.0,0.0,0.0,0.0,0.0
image_04840.png,1,"[0, 0, 0, 0, 0, 0]",4840,0.0,10.652730077034406,3.909558590701393,0.0,0.0,11.973522105944225,0.0,0.0,0.0,0.0,0.0,0.0
image_04841.png,1,"[0, 0, 0, 0, 0, 0]",4841,0.0,1.8240992611387554,0.7508075024249141,0.0,0.0,19.82995780440349,0.0,0.0,0.0,0.0,0.0,0.0
image_04842.png,1,"[0, 0, 0, 0, 0, 0]",4842,0.0,0.86251719486323,-1.6197116060996903,0.0,0.0,-7.869823353445686,0.0,0.0,0.0,0.0,0.0,0.0
image_04843.png,1,"[0, 0, 0, 0, 0, 0]",4843,0.0,12.884668553539015,1.3102071191087292,0.0,0.0,1.9053733125579295,0.0,0.0,0.0,0.0,0.0,0.0
image_04844.png,1,"[0, 0, 0, 0, 0, 0]",4844,0.0,10.517678243800148,4.521135539392684,0.0,0.0,1.7927485004630137,0.0,0.0,0.0,0.0,0.0,0.0
image_04845.png,1,"[0, 0, 0, 0, 0, 0]",4845,0.0,4.630884944384832,-1.6047764685488555,0.0,0.0,1.5249820241318817,0.0,0.0,0.0,0.0,0.0,0.0
image_04846.png,1,"[0, 0, 0, 0, 0, 0]",4846,0.0,7.089656280211386,4.8607094350610875,0.0,0.0,-5.267849024187632,0.0,0.0,0.0,0.0,0.0,0.0
image_04847.png,1,"[0, 0, 0, 0, 0, 0]",4847,0.0,13.449529341882595,-1.186130595548043,0.0,0.0,-3.18335428256829,0.0,0.0,0.0,0.0,0.0,0.0
image_04848.png,1,"[0, 0, 0, 0, 0, 0]",4848,0.0,-4.371142888149194,3.729034473261822,0.0,0.0,-0.7470913997543966,0.0,0.0,0.0,0.0,0.0,0.0
image_04849.png,1,"[0, 0, 0, 0, 0, 0]",4849,0.0,-10.000362009291138,2.1241523450940143,0.0,0.0,11.830170381995059,0.0,0.0,0.0,0.0,0.0,0.0
image_04850.png,1,"[0, 0, 0, 0, 0, 0]",4850,0.0,-0.4015125499416001,1.3124033173369654,0.0,0.0,8.606280898562977,0.0,0.0,0.0,0.0,0.0,0.0
image_04851.png,1,"[0, 0, 0, 0, 0, 0]",4851,0.0,-10.071922021710066,-0.5954809197172635,0.0,0.0,11.759105347882146,0.0,0.0,0.0,0.0,0.0,0.0
image_04852.png,1,"[0, 0, 0, 0, 0, 0]",4852,0.0,-3.498769696454346,0.8167850605620632,0.0,0.0,11.237251040765363,0.0,0.0,0.0,0.0,0.0,0.0
image_04853.png,1,"[0, 0, 0, 0, 0, 0]",4853,0.0,-11.152598852324275,-1.7716006945378755,0.0,0.0,-1.5639483691640435,0.0,0.0,0.0,0.0,0.0,0.0
image_04854.png,1,"[0, 0, 0, 0, 0, 0]",4854,0.0,6.67936749289823,-1.6204679594998055,0.0,0.0,-3.679318508236991,0.0,0.0,0.0,0.0,0.0,0.0
image_04855.png,1,"[0, 0, 0, 0, 0, 0]",4855,0.0,-6.4592188171099565,4.535139527224938,0.0,0.0,4.086246563078872,0.0,0.0,0.0,0.0,0.0,0.0
image_04856.png,1,"[0, 0, 0, 0, 0, 0]",4856,0.0,11.077331261507744,-0.09517986631744346,0.0,0.0,-8.3133907988186,0.0,0.0,0.0,0.0,0.0,0.0
image_04857.png,1,"[0, 0, 0, 0, 0, 0]",4857,0.0,-13.875442270263079,-0.20865110435694856,0.0,0.0,4.557647942428908,0.0,0.0,0.0,0.0,0.0,0.0
image_04858.png,1,"[0, 0, 0, 0, 0, 0]",4858,0.0,-1.0916296054736208,-1.241146103607586,0.0,0.0,9.543294803566578,0.0,0.0,0.0,0.0,0.0,0.0
image_04859.png,1,"[0, 0, 0, 0, 0, 0]",4859,0.0,2.8819238353450203,-0.023141914874861058,0.0,0.0,-1.574089095866839,0.0,0.0,0.0,0.0,0.0,0.0
image_04860.png,1,"[0, 0, 0, 0, 0, 0]",4860,0.0,-1.8206912840504756,-1.8597117686078826,0.0,0.0,-13.654077941734295,0.0,0.0,0.0,0.0,0.0,0.0
image_04861.png,1,"[0, 0, 0, 0, 0, 0]",4861,0.0,7.1399898193465745,4.572664284642061,0.0,0.0,7.697999425453373,0.0,0.0,0.0,0.0,0.0,0.0
image_04862.png,1,"[0, 0, 0, 0, 0, 0]",4862,0.0,13.43731253749246,-0.027730045157490668,90.0,0.0,-12.303595258994724,0.0,0.0,0.0,0.0,0.0,0.0
image_04863.png,1,"[0, 0, 0, 0, 0, 0]",4863,0.0,-4.6802217515840425,-1.0653090001260985,0.0,0.0,3.2136845812540535,0.0,0.0,0.0,0.0,0.0,0.0
image_04864.png,1,"[0, 0, 0, 0, 0, 0]",4864,0.0,-7.261388847971787,3.4000071270105767,0.0,0.0,1.3623261651900758,0.0,0.0,0.0,0.0,0.0,0.0
image_04865.png,1,"[0, 0, 0, 0, 0, 0]",4865,0.0,0.6778457507359974,1.1927712950601501,0.0,0.0,-6.059637582567111,0.0,0.0,0.0,0.0,0.0,0.0
image_04866.png,1,"[0, 0, 0, 0, 0, 0]",4866,0.0,2.0923722811257903,-1.460459997343578,0.0,0.0,-1.0432968286428879,0.0,0.0,0.0,0.0,0.0,0.0
image_04867.png,1,"[0, 0, 0, 0, 0, 0]",4867,0.0,12.313187424230044,0.0289701306978305,0.0,0.0,-6.010459167324938,0.0,0.0,0.0,0.0,0.0,0.0
image_04868.png,1,"[0, 0, 0, 0, 0, 0]",4868,0.0,3.1391355658177247,-0.023993145074171718,0.0,0.0,1.9791237451358814,0.0,0.0,0.0,0.0,0.0,0.0
image_04869.png,1,"[0, 0, 0, 0, 0, 0]",4869,0.0,3.725360632956722,3.85433772203284,0.0,0.0,5.0415696652158735,0.0,0.0,0.0,0.0,0.0,0.0
image_04870.png,1,"[0, 0, 0, 0, 0, 0]",4870,0.0,-0.02070887175766245,5.112137403032985,0.0,0.0,-2.3093869265517384,0.0,0.0,0.0,0.0,0.0,0.0
image_04871.png,1,"[0, 0, 0, 0, 0, 0]",4871,0.0,-11.837808780967904,-1.6908178908746188,0.0,0.0,-20.0,0.0,0.0,0.0,0.0,0.0,0.0
image_04872.png,1,"[0, 0, 0, 0, 0, 0]",4872,0.0,11.062554232446615,3.0694304436879403,0.0,0.0,5.439373249899974,0.0,0.0,0.0,0.0,0.0,0.0
image_04873.png,1,"[0, 0, 0, 0, 0, 0]",4873,0.0,4.4106474705006065,-1.831136916796016,0.0,0.0,3.408818267876001,0.0,0.0,0.0,0.0,0.0,0.0
image_04874.png,1,"[0, 0, 0, 0, 0, 0]",4874,0.0,12.285542891421699,1.9492001545161708,90.0,0.0,-8.447350527623373,0.0,0.0,0.0,0.0,0.0,0.0
image_04875.png,1,"[0, 0, 0, 0, 0, 0]",4875,0.0,1.489241362798012,-1.270167237769558,0.0,0.0,-5.418378301434009,0.0,0.0,0.0,0.0,0.0,0.0
image_04876.png,1,"[0, 0, 0, 0, 0, 0]",4876,0.0,1.6166686971755766,5.403678490192636,0.0,0.0,7.008547800195197,0.0,0.0,0.0,0.0,0.0,0.0
image_04877.png,1,"[0, 0, 0, 0, 0, 0]",4877,0.0,1.5123379075311476,-1.009727861296173,0.0,0.0,-6.392816633299745,0.0,0.0,0.0,0.0,0.0,0.0
image_04878.png,1,"[0, 0, 0, 0, 0, 0]",4878,0.0,-9.351577297924493,-1.25895166191525,0.0,0.0,5.828961683697269,0.0,0.0,0.0,0.0,0.0,0.0
image_04879.png,1,"[0, 0, 0, 0, 0, 0]",4879,0.0,-11.000684453759987,-0.7115729252481613,0.0,0.0,18.29482384798748,0.0,0.0,0.0,0.0,0.0,0.0
image_04880.png,1,"[0, 0, 0, 0, 0, 0]",4880,0.0,2.2163894699147164,3.0826495142833306,0.0,0.0,-6.957039060194675,0.0,0.0,0.0,0.0,0.0,0.0
image_04881.png,1,"[0, 0, 0, 0, 0, 0]",4881,0.0,11.61367726454705,-1.8044789330806417,90.0,0.0,0.00811644280914404,0.0,0.0,0.0,0.0,0.0,0.0
image_04882.png,1,"[0, 0, 0, 0, 0, 0]",4882,0.0,-5.137503197991521,-0.7323186236908263,0.0,0.0,-14.855139560299632,0.0,0.0,0.0,0.0,0.0,0.0
image_04883.png,1,"[0, 0, 0, 0, 0, 0]",4883,0.0,11.421715656868571,-1.1959993349444922,90.0,0.0,4.933675189000008,0.0,0.0,0.0,0.0,0.0,0.0
image_04884.png,1,"[0, 0, 0, 0, 0, 0]",4884,0.0,-10.773566351130455,-0.1780832622501578,0.0,0.0,-10.09129364568396,0.0,0.0,0.0,0.0,0.0,0.0
image_04885.png,1,"[0, 0, 0, 0, 0, 0]",4885,0.0,-6.700776577030652,0.07636522242284904,0.0,0.0,17.868618205887593,0.0,0.0,0.0,0.0,0.0,0.0
image_04886.png,1,"[0, 0, 0, 0, 0, 0]",4886,0.0,4.558933958355901,2.28895819161757,0.0,0.0,5.124470797985397,0.0,0.0,0.0,0.0,0.0,0.0
image_04887.png,1,"[0, 0, 0, 0, 0, 0]",4887,0.0,-4.220481975150349,1.2518569607935985,0.0,0.0,10.378766278448104,0.0,0.0,0.0,0.0,0.0,0.0
image_04888.png,1,"[0, 0, 0, 0, 0, 0]",4888,0.0,0.01645595288518109,1.3496095833733337,0.0,0.0,-1.6787212927112225,0.0,0.0,0.0,0.0,0.0,0.0
image_04889.png,1,"[0, 0, 0, 0, 0, 0]",4889,0.0,-8.802000810298907,4.235372657382136,0.0,0.0,-1.3434573181107365,0.0,0.0,0.0,0.0,0.0,0.0
image_04890.png,1,"[0, 0, 0, 0, 0, 0]",4890,0.0,-9.463319060227022,-0.1479035813241265,0.0,0.0,-7.97463772077822,0.0,0.0,0.0,0.0,0.0,0.0
image_04891.png,1,"[0, 0, 0, 0, 0, 0]",4891,0.0,3.584755788670904,-0.2856975747937136,0.0,0.0,4.995266526029761,0.0,0.0,0.0,0.0,0.0,0.0
image_04892.png,1,"[0, 0, 0, 0, 0, 0]",4892,0.0,8.265587500634552,-0.6164648964478108,0.0,0.0,10.035699368841765,0.0,0.0,0.0,0.0,0.0,0.0
image_04893.png,1,"[0, 0, 0, 0, 0, 0]",4893,0.0,9.866237236990763,4.084001464969842,0.0,0.0,-10.295803438144402,0.0,0.0,0.0,0.0,0.0,0.0
image_04894.png,1,"[0, 0, 0, 0, 0, 0]",4894,0.0,-2.2738823968320006,4.064393505357206,0.0,0.0,7.4339319050439885,0.0,0.0,0.0,0.0,0.0,0.0
image_04895.png,1,"[0, 0, 0, 0, 0, 0]",4895,0.0,10.26994601079781,3.3422562421050435,90.0,0.0,-0.48815291950765266,0.0,0.0,0.0,0.0,0.0,0.0
image_04896.png,1,"[0, 0, 0, 0, 0, 0]",4896,0.0,10.173965206958599,3.56364750035815,90.0,0.0,-1.0656165032756884,0.0,0.0,0.0,0.0,0.0,0.0
image_04897.png,1,"[0, 0, 0, 0, 0, 0]",4897,0.0,5.482864270074202,3.1392781565237406,0.0,0.0,-7.126669440634894,0.0,0.0,0.0,0.0,0.0,0.0
image_04898.png,1,"[0, 0, 0, 0, 0, 0]",4898,0.0,-5.492854527950527,-0.9692704023316785,0.0,0.0,4.963737001573589,0.0,0.0,0.0,0.0,0.0,0.0
image_04899.png,1,"[0, 0, 0, 0, 0, 0]",4899,0.0,-9.837923485085057,-1.563056193396212,0.0,0.0,12.419699530965616,0.0,0.0,0.0,0.0,0.0,0.0
image_04900.png,1,"[0, 0, 0, 0, 0, 0]",4900,0.0,1.2185516406734251,0.9485282630034932,0.0,0.0,7.181043959742687,0.0,0.0,0.0,0.0,0.0,0.0
image_04901.png,1,"[0, 0, 0, 0, 0, 0]",4901,0.0,1.833370501712551,1.0580717858682434,0.0,0.0,-2.238168408365402,0.0,0.0,0.0,0.0,0.0,0.0
image_04902.png,1,"[0, 0, 0, 0, 0, 0]",4902,0.0,-5.344677280507213,-1.8704713349060782,0.0,0.0,8.37780015978486,0.0,0.0,0.0,0.0,0.0,0.0
image_04903.png,1,"[0, 0, 0, 0, 0, 0]",4903,0.0,-0.04815978539853916,-0.5348358800642949,0.0,0.0,14.477890852064334,0.0,0.0,0.0,0.0,0.0,0.0
image_04904.png,1,"[0, 0, 0, 0, 0, 0]",4904,0.0,-4.800157763726219,1.5423109695451278,0.0,0.0,5.060706299211449,0.0,0.0,0.0,0.0,0.0,0.0
image_04905.png,1,"[0, 0, 0, 0, 0, 0]",4905,0.0,9.310137972405471,1.589175151345854,90.0,0.0,-3.363088063703336,0.0,0.0,0.0,0.0,0.0,0.0
image_04906.png,1,"[0, 0, 0, 0, 0, 0]",4906,0.0,-4.4998287251736855,0.7971631785035487,0.0,0.0,-9.834450449846884,0.0,0.0,0.0,0.0,0.0,0.0
image_04907.png,1,"[0, 0, 0, 0, 0, 0]",4907,0.0,2.0024096188336316,-0.7273010822766288,0.0,0.0,6.367110659258745,0.0,0.0,0.0,0.0,0.0,0.0
image_04908.png,1,"[0, 0, 0, 0, 0, 0]",4908,0.0,-2.256565076898262,4.512564443529414,0.0,0.0,1.5151357872127762,0.0,0.0,0.0,0.0,0.0,0.0
image_04909.png,1,"[0, 0, 0, 0, 0, 0]",4909,0.0,8.92621475704857,2.4687602405161924,90.0,0.0,6.6437343101000845,0.0,0.0,0.0,0.0,0.0,0.0
image_04910.png,1,"[0, 0, 0, 0, 0, 0]",4910,0.0,-1.4114000315424349,4.179855591919294,0.0,0.0,9.943662831853455,0.0,0.0,0.0,0.0,0.0,0.0
image_04911.png,1,"[0, 0, 0, 0, 0, 0]",4911,0.0,8.73425314937009,-1.4805020080949733,90.0,0.0,0.09648939078315762,0.0,0.0,0.0,0.0,0.0,0.0
image_04912.png,1,"[0, 0, 0, 0, 0, 0]",4912,0.0,0.555257470045234,2.1954041831863647,0.0,0.0,-7.4993846342477415,0.0,0.0,0.0,0.0,0.0,0.0
image_04913.png,1,"[0, 0, 0, 0, 0, 0]",4913,0.0,0.5131861450216348,1.9282732388301356,0.0,0.0,-8.305566097606215,0.0,0.0,0.0,0.0,0.0,0.0
image_04914.png,1,"[0, 0, 0, 0, 0, 0]",4914,0.0,8.4463107378524,4.17787742066118,90.0,0.0,2.5357822666988343,0.0,0.0,0.0,0.0,0.0,0.0
image_04915.png,1,"[0, 0, 0, 0, 0, 0]",4915,0.0,4.8757964056192975,3.9095172096543385,0.0,0.0,-4.0346120456404595,0.0,0.0,0.0,0.0,0.0,0.0
image_04916.png,1,"[0, 0, 0, 0, 0, 0]",4916,0.0,8.254349130173921,-1.0090400140119606,90.0,0.0,1.4976859530449687,0.0,0.0,0.0,0.0,0.0,0.0
image_04917.png,1,"[0, 0, 0, 0, 0, 0]",4917,0.0,8.15836832633471,0.2592467127648659,90.0,0.0,-9.624125463848257,0.0,0.0,0.0,0.0,0.0,0.0
image_04918.png,1,"[0, 0, 0, 0, 0, 0]",4918,0.0,8.062387522495499,3.0102011667878887,90.0,0.0,1.2497234132593789,0.0,0.0,0.0,0.0,0.0,0.0
image_04919.png,1,"[0, 0, 0, 0, 0, 0]",4919,0.0,2.735087269856031,-0.3333088132484785,0.0,0.0,-3.879384251247824,0.0,0.0,0.0,0.0,0.0,0.0
image_04920.png,1,"[0, 0, 0, 0, 0, 0]",4920,0.0,-5.332402415898855,5.006560888483408,0.0,0.0,-1.890667973807471,0.0,0.0,0.0,0.0,0.0,0.0
image_04921.png,1,"[0, 0, 0, 0, 0, 0]",4921,0.0,-5.678568852440435,-1.3430685627894698,0.0,0.0,6.378752577599692,0.0,0.0,0.0,0.0,0.0,0.0
image_04922.png,1,"[0, 0, 0, 0, 0, 0]",4922,0.0,-5.502809449844747,-0.7529885658782756,0.0,0.0,4.414608441698798,0.0,0.0,0.0,0.0,0.0,0.0
image_04923.png,1,"[0, 0, 0, 0, 0, 0]",4923,0.0,-0.6119450338659504,3.480026134163614,0.0,0.0,-2.241095376817481,0.0,0.0,0.0,0.0,0.0,0.0
image_04924.png,1,"[0, 0, 0, 0, 0, 0]",4924,0.0,6.700935496578673,3.8939660123758664,0.0,0.0,9.591270839376463,0.0,0.0,0.0,0.0,0.0,0.0
image_04925.png,1,"[0, 0, 0, 0, 0, 0]",4925,0.0,7.39052189562085,3.67169246131004,90.0,0.0,-6.025590953634764,0.0,0.0,0.0,0.0,0.0,0.0
image_04926.png,1,"[0, 0, 0, 0, 0, 0]",4926,0.0,1.5807502229200736,0.6171213021420634,0.0,0.0,-2.977786985307123,0.0,0.0,0.0,0.0,0.0,0.0
image_04927.png,1,"[0, 0, 0, 0, 0, 0]",4927,0.0,7.198560287942371,2.40052444928107,90.0,0.0,2.6588401560534014,0.0,0.0,0.0,0.0,0.0,0.0
image_04928.png,1,"[0, 0, 0, 0, 0, 0]",4928,0.0,-3.439640626904975,4.114930588602798,0.0,0.0,10.77673427013426,0.0,0.0,0.0,0.0,0.0,0.0
image_04929.png,1,"[0, 0, 0, 0, 0, 0]",4929,0.0,7.006598680263892,-0.34127246036930137,90.0,0.0,-11.564113493630654,0.0,0.0,0.0,0.0,0.0,0.0
image_04930.png,1,"[0, 0, 0, 0, 0, 0]",4930,0.0,6.910617876424681,0.36823794247514785,90.0,0.0,13.6490063864643,0.0,0.0,0.0,0.0,0.0,0.0
image_04931.png,1,"[0, 0, 0, 0, 0, 0]",4931,0.0,6.8146370725854695,5.149450871435923,90.0,0.0,-3.0495810244837167,0.0,0.0,0.0,0.0,0.0,0.0
image_04932.png,1,"[0, 0, 0, 0, 0, 0]",4932,0.0,-2.1288698480716306,0.20704348161240382,0.0,0.0,0.07771908026271683,0.0,0.0,0.0,0.0,0.0,0.0
image_04933.png,1,"[0, 0, 0, 0, 0, 0]",4933,0.0,6.62267546490699,-0.621788960172575,90.0,0.0,-5.819499703332943,0.0,0.0,0.0,0.0,0.0,0.0
image_04934.png,1,"[0, 0, 0, 0, 0, 0]",4934,0.0,-4.315082107456988,4.867664112005951,0.0,0.0,14.636734079263626,0.0,0.0,0.0,0.0,0.0,0.0
image_04935.png,1,"[0, 0, 0, 0, 0, 0]",4935,0.0,-6.201222268520951,4.106725014909342,0.0,0.0,4.558043702002799,0.0,0.0,0.0,0.0,0.0,0.0
image_04936.png,1,"[0, 0, 0, 0, 0, 0]",4936,0.0,2.816887024144762,2.0317435544344287,0.0,0.0,11.13949292011655,0.0,0.0,0.0,0.0,0.0,0.0
image_04937.png,1,"[0, 0, 0, 0, 0, 0]",4937,0.0,-1.7237221688231585,-1.3609227192453623,0.0,0.0,-5.949262519129103,0.0,0.0,0.0,0.0,0.0,0.0
image_04938.png,1,"[0, 0, 0, 0, 0, 0]",4938,0.0,-0.576340079226739,4.926103665232716,0.0,0.0,-7.708354424785455,0.0,0.0,0.0,0.0,0.0,0.0
image_04939.png,1,"[0, 0, 0, 0, 0, 0]",4939,0.0,-1.7129895485556759,4.88517912620151,0.0,0.0,7.488699131291995,0.0,0.0,0.0,0.0,0.0,0.0
image_04940.png,1,"[0, 0, 0, 0, 0, 0]",4940,0.0,5.950809838032342,4.862688853979669,90.0,0.0,0.9035030127705274,0.0,0.0,0.0,0.0,0.0,0.0
image_04941.png,1,"[0, 0, 0, 0, 0, 0]",4941,0.0,5.854829034193131,1.2112191722510417,90.0,0.0,-3.7678603286699803,0.0,0.0,0.0,0.0,0.0,0.0
image_04942.png,1,"[0, 0, 0, 0, 0, 0]",4942,0.0,-2.6678858403465995,2.4221569937601055,0.0,0.0,2.085552762052725,0.0,0.0,0.0,0.0,0.0,0.0
image_04943.png,1,"[0, 0, 0, 0, 0, 0]",4943,0.0,5.6628674265146515,3.713862211064516,90.0,0.0,3.205544347634555,0.0,0.0,0.0,0.0,0.0,0.0
image_04944.png,1,"[0, 0, 0, 0, 0, 0]",4944,0.0,-5.1740003038085405,3.46568377057602,0.0,0.0,-0.22539188311670094,0.0,0.0,0.0,0.0,0.0,0.0
image_04945.png,1,"[0, 0, 0, 0, 0, 0]",4945,0.0,1.9138167716902288,3.362369403713494,0.0,0.0,15.214986649969795,0.0,0.0,0.0,0.0,0.0,0.0
image_04946.png,1,"[0, 0, 0, 0, 0, 0]",4946,0.0,-1.4443445587874635,-0.12423266775879283,0.0,0.0,6.151428660866776,0.0,0.0,0.0,0.0,0.0,0.0
image_04947.png,1,"[0, 0, 0, 0, 0, 0]",4947,0.0,3.6011673932575334,5.475586495243295,0.0,0.0,-6.880632940538384,0.0,0.0,0.0,0.0,0.0,0.0
image_04948.png,1,"[0, 0, 0, 0, 0, 0]",4948,0.0,5.182963407318482,1.1717181041025047,90.0,0.0,-3.203697516065992,0.0,0.0,0.0,0.0,0.0,0.0
image_04949.png,1,"[0, 0, 0, 0, 0, 0]",4949,0.0,5.086982603479271,-1.4309322214155045,90.0,0.0,0.6531373531598222,0.0,0.0,0.0,0.0,0.0,0.0
image_04950.png,1,"[0, 0, 0, 0, 0, 0]",4950,0.0,4.99100179964006,0.1812718557165578,90.0,0.0,3.929013869352381,0.0,0.0,0.0,0.0,0.0,0.0
image_04951.png,1,"[0, 0, 0, 0, 0, 0]",4951,0.0,4.895020995800792,3.217887877434096,90.0,0.0,-1.883233077588379,0.0,0.0,0.0,0.0,0.0,0.0
image_04952.png,1,"[0, 0, 0, 0, 0, 0]",4952,0.0,2.996106765511996,0.35748046882795537,0.0,0.0,14.48976714169747,0.0,0.0,0.0,0.0,0.0,0.0
image_04953.png,1,"[0, 0, 0, 0, 0, 0]",4953,0.0,4.7030593881223695,-1.8179882551202513,90.0,0.0,-0.15931205487955935,0.0,0.0,0.0,0.0,0.0,0.0
image_04954.png,1,"[0, 0, 0, 0, 0, 0]",4954,0.0,1.1066818489100143,-0.5393504827164226,0.0,0.0,-1.1825193481245149,0.0,0.0,0.0,0.0,0.0,0.0
image_04955.png,1,"[0, 0, 0, 0, 0, 0]",4955,0.0,4.51109778044389,-1.3396851362330644,90.0,0.0,16.446536919699223,0.0,0.0,0.0,0.0,0.0,0.0
image_04956.png,1,"[0, 0, 0, 0, 0, 0]",4956,0.0,4.415116976604622,2.8823330658980577,90.0,0.0,-1.627414985557435,0.0,0.0,0.0,0.0,0.0,0.0
image_04957.png,1,"[0, 0, 0, 0, 0, 0]",4957,0.0,-3.91880282296151,-0.13841015889697816,0.0,0.0,9.087340204637892,0.0,0.0,0.0,0.0,0.0,0.0
image_04958.png,1,"[0, 0, 0, 0, 0, 0]",4958,0.0,4.2231553689262,-0.7783181105046935,90.0,0.0,-6.3443205189743965,0.0,0.0,0.0,0.0,0.0,0.0
image_04959.png,1,"[0, 0, 0, 0, 0, 0]",4959,0.0,-0.2672928763875859,0.839582372752909,0.0,0.0,3.756179708663603,0.0,0.0,0.0,0.0,0.0,0.0
image_04960.png,1,"[0, 0, 0, 0, 0, 0]",4960,0.0,4.031193761247721,1.0046511525805677,90.0,0.0,-2.1844480316429626,0.0,0.0,0.0,0.0,0.0,0.0
image_04961.png,1,"[0, 0, 0, 0, 0, 0]",4961,0.0,-0.37369536725944386,-0.9557523532973613,0.0,0.0,-0.13110093460893774,0.0,0.0,0.0,0.0,0.0,0.0
image_04962.png,1,"[0, 0, 0, 0, 0, 0]",4962,0.0,3.8392321535692417,4.280425848169442,90.0,0.0,2.12293065320462,0.0,0.0,0.0,0.0,0.0,0.0
image_04963.png,1,"[0, 0, 0, 0, 0, 0]",4963,0.0,3.7432513497300306,2.5396209630557607,90.0,0.0,5.47709265917068,0.0,0.0,0.0,0.0,0.0,0.0
image_04964.png,1,"[0, 0, 0, 0, 0, 0]",4964,0.0,3.6472705458908194,0.6025327406715153,90.0,0.0,-11.333001944561696,0.0,0.0,0.0,0.0,0.0,0.0
image_04965.png,1,"[0, 0, 0, 0, 0, 0]",4965,0.0,-1.9096039939685596,1.1218536997393538,0.0,0.0,-5.44232887069728,0.0,0.0,0.0,0.0,0.0,0.0
image_04966.png,1,"[0, 0, 0, 0, 0, 0]",4966,0.0,-2.685229658258706,1.760656975885679,0.0,0.0,-7.219811126410545,0.0,0.0,0.0,0.0,0.0,0.0
image_04967.png,1,"[0, 0, 0, 0, 0, 0]",4967,0.0,3.3593281343730723,5.188191065390069,90.0,0.0,1.1377945093624235,0.0,0.0,0.0,0.0,0.0,0.0
image_04968.png,1,"[0, 0, 0, 0, 0, 0]",4968,0.0,3.263347330533861,3.1554865785872357,90.0,0.0,10.906346916265045,0.0,0.0,0.0,0.0,0.0,0.0
image_04969.png,1,"[0, 0, 0, 0, 0, 0]",4969,0.0,3.16736652669465,-0.6953782320519499,90.0,0.0,10.714917853524605,0.0,0.0,0.0,0.0,0.0,0.0
image_04970.png,1,"[0, 0, 0, 0, 0, 0]",4970,0.0,3.071385722855382,-1.666499889855703,90.0,0.0,-0.5670575465057117,0.0,0.0,0.0,0.0,0.0,0.0
image_04971.png,1,"[0, 0, 0, 0, 0, 0]",4971,0.0,2.975404919016171,4.923509393608579,90.0,0.0,8.264226720455135,0.0,0.0,0.0,0.0,0.0,0.0
image_04972.png,1,"[0, 0, 0, 0, 0, 0]",4972,0.0,2.8794241151769597,1.3489211249485273,90.0,0.0,1.223042076811653,0.0,0.0,0.0,0.0,0.0,0.0
image_04973.png,1,"[0, 0, 0, 0, 0, 0]",4973,0.0,0.3590320722231013,1.8867874800095459,0.0,0.0,-1.1168462636899794,0.0,0.0,0.0,0.0,0.0,0.0
image_04974.png,1,"[0, 0, 0, 0, 0, 0]",4974,0.0,2.6874625074984806,0.3797006160118199,90.0,0.0,-12.393087758192365,0.0,0.0,0.0,0.0,0.0,0.0
image_04975.png,1,"[0, 0, 0, 0, 0, 0]",4975,0.0,2.516638127056922,0.8414977453770791,0.0,0.0,7.827919525228236,0.0,0.0,0.0,0.0,0.0,0.0
image_04976.png,1,"[0, 0, 0, 0, 0, 0]",4976,0.0,-0.4889800378248168,0.3600565548200829,0.0,0.0,14.063972100816132,0.0,0.0,0.0,0.0,0.0,0.0
image_04977.png,1,"[0, 0, 0, 0, 0, 0]",4977,0.0,2.3995200959807903,-0.7496175148344737,90.0,0.0,-7.925747641182339,0.0,0.0,0.0,0.0,0.0,0.0
image_04978.png,1,"[0, 0, 0, 0, 0, 0]",4978,0.0,2.3035392921415223,5.379127577567976,90.0,0.0,-4.046175123504091,0.0,0.0,0.0,0.0,0.0,0.0
image_04979.png,1,"[0, 0, 0, 0, 0, 0]",4979,0.0,2.207558488302311,-0.8781364046711468,90.0,0.0,9.821386115896786,0.0,0.0,0.0,0.0,0.0,0.0
image_04980.png,1,"[0, 0, 0, 0, 0, 0]",4980,0.0,2.1115776844631,-1.1565624375993295,90.0,0.0,6.493792670243971,0.0,0.0,0.0,0.0,0.0,0.0
image_04981.png,1,"[0, 0, 0, 0, 0, 0]",4981,0.0,2.015596880623832,-0.6074774692625753,90.0,0.0,3.2881492925932334,0.0,0.0,0.0,0.0,0.0,0.0
image_04982.png,1,"[0, 0, 0, 0, 0, 0]",4982,0.0,1.9196160767846209,2.4547160359921323,90.0,0.0,8.147266480296263,0.0,0.0,0.0,0.0,0.0,0.0
image_04983.png,1,"[0, 0, 0, 0, 0, 0]",4983,0.0,1.8236352729454097,1.654065679829694,90.0,0.0,-7.184046909647892,0.0,0.0,0.0,0.0,0.0,0.0
image_04984.png,1,"[0, 0, 0, 0, 0, 0]",4984,0.0,1.7276544691061417,1.8192192116835284,90.0,0.0,-1.7229963189658644,0.0,0.0,0.0,0.0,0.0,0.0
image_04985.png,1,"[0, 0, 0, 0, 0, 0]",4985,0.0,1.6316736652669306,4.976847197100441,90.0,0.0,-3.0074803153493543,0.0,0.0,0.0,0.0,0.0,0.0
image_04986.png,1,"[0, 0, 0, 0, 0, 0]",4986,0.0,-0.8761513846034603,0.2814979239702087,0.0,0.0,1.767646895710245,0.0,0.0,0.0,0.0,0.0,0.0
image_04987.png,1,"[0, 0, 0, 0, 0, 0]",4987,0.0,1.4397120575884514,-0.6660611890305137,90.0,0.0,-2.49149381575877,0.0,0.0,0.0,0.0,0.0,0.0
image_04988.png,1,"[0, 0, 0, 0, 0, 0]",4988,0.0,1.3437312537492403,-0.23989024169246953,90.0,0.0,-3.0226966898558154,0.0,0.0,0.0,0.0,0.0,0.0
image_04989.png,1,"[0, 0, 0, 0, 0, 0]",4989,0.0,1.2477504499099723,4.488587327643498,90.0,0.0,8.054077449123497,0.0,0.0,0.0,0.0,0.0,0.0
image_04990.png,1,"[0, 0, 0, 0, 0, 0]",4990,0.0,1.1517696460707612,0.8413306314803393,90.0,0.0,10.32559203581233,0.0,0.0,0.0,0.0,0.0,0.0
image_04991.png,1,"[0, 0, 0, 0, 0, 0]",4991,0.0,1.05578884223155,3.078064186722745,90.0,0.0,3.101889189675156,0.0,0.0,0.0,0.0,0.0,0.0
image_04992.png,1,"[0, 0, 0, 0, 0, 0]",4992,0.0,0.959808038392282,4.7912988156047245,90.0,0.0,0.1879681914776929,0.0,0.0,0.0,0.0,0.0,0.0
image_04993.png,1,"[0, 0, 0, 0, 0, 0]",4993,0.0,0.8638272345530709,0.7163768850828527,90.0,0.0,8.307844734594054,0.0,0.0,0.0,0.0,0.0,0.0
image_04994.png,1,"[0, 0, 0, 0, 0, 0]",4994,0.0,0.7678464307138029,-1.3378868461643274,90.0,0.0,1.9557555184706557,0.0,0.0,0.0,0.0,0.0,0.0
image_04995.png,1,"[0, 0, 0, 0, 0, 0]",4995,0.0,0.6718656268745917,2.90150567468155,90.0,0.0,8.942815890639496,0.0,0.0,0.0,0.0,0.0,0.0
image_04996.png,1,"[0, 0, 0, 0, 0, 0]",4996,0.0,0.5758848230353806,5.295437758337959,90.0,0.0,-1.8466131098758845,0.0,0.0,0.0,0.0,0.0,0.0
image_04997.png,1,"[0, 0, 0, 0, 0, 0]",4997,0.0,0.4799040191961126,2.308088764071533,90.0,0.0,16.85413961516675,0.0,0.0,0.0,0.0,0.0,0.0
image_04998.png,1,"[0, 0, 0, 0, 0, 0]",4998,0.0,0.38392321535690144,2.3119598719931433,90.0,0.0,0.6119857837698782,0.0,0.0,0.0,0.0,0.0,0.0
image_04999.png,1,"[0, 0, 0, 0, 0, 0]",4999,0.0,0.2879424115176903,0.4792729731559118,90.0,0.0,-8.029466028471868,0.0,0.0,0.0,0.0,0.0,0.0
image_05000.png,1,"[0, 0, 0, 0, 0, 0]",5000,0.0,0.1919616076784223,2.4243897649089385,90.0,0.0,-7.990930779127968,0.0,0.0,0.0,0.0,0.0,0.0
image_05001.png,1,"[0, 0, 0, 0, 0, 0]",5001,0.0,0.09598080383921115,2.6222045666952534,90.0,0.0,-0.7071006123898137,0.0,0.0,0.0,0.0,0.0,0.0
